@00000000
00000001
@00000001
00000001
@00000002
00000000
@00000003
000000c8
@00050000
000000aa
@00050100
00000055
@00050200
000000aa
@00050300
00000055
@00050001
000000aa
@00050101
00000055
@00050201
000000aa
@00050301
00000055
@00050002
000000aa
@00050102
00000055
@00050202
000000aa
@00050302
00000055
@00050003
000000aa
@00050103
00000055
@00050203
000000aa
@00050303
00000055
@00050004
000000aa
@00050104
00000055
@00050204
000000aa
@00050304
00000055
@00050005
000000aa
@00050105
00000055
@00050205
000000aa
@00050305
00000055
@00050006
000000aa
@00050106
00000055
@00050206
000000aa
@00050306
00000055
@00050007
000000aa
@00050107
00000055
@00050207
000000aa
@00050307
00000055
@00050008
000000aa
@00050108
00000055
@00050208
000000aa
@00050308
00000055
@00050009
000000aa
@00050109
00000055
@00050209
000000aa
@00050309
00000055
@0005000a
000000aa
@0005010a
00000055
@0005020a
000000aa
@0005030a
00000055
@0005000b
000000aa
@0005010b
00000055
@0005020b
000000aa
@0005030b
00000055
@0005000c
000000aa
@0005010c
00000055
@0005020c
000000aa
@0005030c
00000055
@0005000d
000000aa
@0005010d
00000055
@0005020d
000000aa
@0005030d
00000055
@0005000e
000000aa
@0005010e
00000055
@0005020e
000000aa
@0005030e
00000055
@0005000f
000000aa
@0005010f
00000055
@0005020f
000000aa
@0005030f
00000055
@00050010
000000aa
@00050110
00000055
@00050210
000000aa
@00050310
00000055
@00050011
000000aa
@00050111
00000055
@00050211
000000aa
@00050311
00000055
@00050012
000000aa
@00050112
00000055
@00050212
000000aa
@00050312
00000055
@00050013
000000aa
@00050113
00000055
@00050213
000000aa
@00050313
00000055
@00050014
000000aa
@00050114
00000055
@00050214
000000aa
@00050314
00000055
@00050015
000000aa
@00050115
00000055
@00050215
000000aa
@00050315
00000055
@00050016
000000aa
@00050116
00000055
@00050216
000000aa
@00050316
00000055
@00050017
000000aa
@00050117
00000055
@00050217
000000aa
@00050317
00000055
@00050018
000000aa
@00050118
00000055
@00050218
000000aa
@00050318
00000055
@00050019
000000aa
@00050119
00000055
@00050219
000000aa
@00050319
00000055
@0005001a
000000aa
@0005011a
00000055
@0005021a
000000aa
@0005031a
00000055
@0005001b
000000aa
@0005011b
00000055
@0005021b
000000aa
@0005031b
00000055
@0005001c
000000aa
@0005011c
00000055
@0005021c
000000aa
@0005031c
00000055
@0005001d
000000aa
@0005011d
00000055
@0005021d
000000aa
@0005031d
00000055
@0005001e
000000aa
@0005011e
00000055
@0005021e
000000aa
@0005031e
00000055
@0005001f
000000aa
@0005011f
00000055
@0005021f
000000aa
@0005031f
00000055
@00050020
000000aa
@00050120
00000055
@00050220
000000aa
@00050320
00000055
@00050021
000000aa
@00050121
00000055
@00050221
000000aa
@00050321
00000055
@00050022
000000aa
@00050122
00000055
@00050222
000000aa
@00050322
00000055
@00050023
000000aa
@00050123
00000055
@00050223
000000aa
@00050323
00000055
@00050024
000000aa
@00050124
00000055
@00050224
000000aa
@00050324
00000055
@00050025
000000aa
@00050125
00000055
@00050225
000000aa
@00050325
00000055
@00050026
000000aa
@00050126
00000055
@00050226
000000aa
@00050326
00000055
@00050027
000000aa
@00050127
00000055
@00050227
000000aa
@00050327
00000055
@00050028
000000aa
@00050128
00000055
@00050228
000000aa
@00050328
00000055
@00050029
000000aa
@00050129
00000055
@00050229
000000aa
@00050329
00000055
@0005002a
000000aa
@0005012a
00000055
@0005022a
000000aa
@0005032a
00000055
@0005002b
000000aa
@0005012b
00000055
@0005022b
000000aa
@0005032b
00000055
@0005002c
000000aa
@0005012c
00000055
@0005022c
000000aa
@0005032c
00000055
@0005002d
000000aa
@0005012d
00000055
@0005022d
000000aa
@0005032d
00000055
@0005002e
000000aa
@0005012e
00000055
@0005022e
000000aa
@0005032e
00000055
@0005002f
000000aa
@0005012f
00000055
@0005022f
000000aa
@0005032f
00000055
@00050030
000000aa
@00050130
00000055
@00050230
000000aa
@00050330
00000055
@00050031
000000aa
@00050131
00000055
@00050231
000000aa
@00050331
00000055
@00050032
000000aa
@00050132
00000055
@00050232
000000aa
@00050332
00000055
@00050033
000000aa
@00050133
00000055
@00050233
000000aa
@00050333
00000055
@00050034
000000aa
@00050134
00000055
@00050234
000000aa
@00050334
00000055
@00050035
000000aa
@00050135
00000055
@00050235
000000aa
@00050335
00000055
@00050036
000000aa
@00050136
00000055
@00050236
000000aa
@00050336
00000055
@00050037
000000aa
@00050137
00000055
@00050237
000000aa
@00050337
00000055
@00050038
000000aa
@00050138
00000055
@00050238
000000aa
@00050338
00000055
@00050039
000000aa
@00050139
00000055
@00050239
000000aa
@00050339
00000055
@0005003a
000000aa
@0005013a
00000055
@0005023a
000000aa
@0005033a
00000055
@0005003b
000000aa
@0005013b
00000055
@0005023b
000000aa
@0005033b
00000055
@0005003c
000000aa
@0005013c
00000055
@0005023c
000000aa
@0005033c
00000055
@0005003d
000000aa
@0005013d
00000055
@0005023d
000000aa
@0005033d
00000055
@0005003e
000000aa
@0005013e
00000055
@0005023e
000000aa
@0005033e
00000055
@0005003f
000000aa
@0005013f
00000055
@0005023f
000000aa
@0005033f
00000055
@00050040
000000aa
@00050140
00000055
@00050240
000000aa
@00050340
00000055
@00050041
000000aa
@00050141
00000055
@00050241
000000aa
@00050341
00000055
@00050042
000000aa
@00050142
00000055
@00050242
000000aa
@00050342
00000055
@00050043
000000aa
@00050143
00000055
@00050243
000000aa
@00050343
00000055
@00050044
000000aa
@00050144
00000055
@00050244
000000aa
@00050344
00000055
@00050045
000000aa
@00050145
00000055
@00050245
000000aa
@00050345
00000055
@00050046
000000aa
@00050146
00000055
@00050246
000000aa
@00050346
00000055
@00050047
000000aa
@00050147
00000055
@00050247
000000aa
@00050347
00000055
@00050048
000000aa
@00050148
00000055
@00050248
000000aa
@00050348
00000055
@00050049
000000aa
@00050149
00000055
@00050249
000000aa
@00050349
00000055
@0005004a
000000aa
@0005014a
00000055
@0005024a
000000aa
@0005034a
00000055
@0005004b
000000aa
@0005014b
00000055
@0005024b
000000aa
@0005034b
00000055
@0005004c
000000aa
@0005014c
00000055
@0005024c
000000aa
@0005034c
00000055
@0005004d
000000aa
@0005014d
00000055
@0005024d
000000aa
@0005034d
00000055
@0005004e
000000aa
@0005014e
00000055
@0005024e
000000aa
@0005034e
00000055
@0005004f
000000aa
@0005014f
00000055
@0005024f
000000aa
@0005034f
00000055
@00050050
000000aa
@00050150
00000055
@00050250
000000aa
@00050350
00000055
@00050051
000000aa
@00050151
00000055
@00050251
000000aa
@00050351
00000055
@00050052
000000aa
@00050152
00000055
@00050252
000000aa
@00050352
00000055
@00050053
000000aa
@00050153
00000055
@00050253
000000aa
@00050353
00000055
@00050054
000000aa
@00050154
00000055
@00050254
000000aa
@00050354
00000055
@00050055
000000aa
@00050155
00000055
@00050255
000000aa
@00050355
00000055
@00050056
000000aa
@00050156
00000055
@00050256
000000aa
@00050356
00000055
@00050057
000000aa
@00050157
00000055
@00050257
000000aa
@00050357
00000055
@00050058
000000aa
@00050158
00000055
@00050258
000000aa
@00050358
00000055
@00050059
000000aa
@00050159
00000055
@00050259
000000aa
@00050359
00000055
@0005005a
000000aa
@0005015a
00000055
@0005025a
000000aa
@0005035a
00000055
@0005005b
000000aa
@0005015b
00000055
@0005025b
000000aa
@0005035b
00000055
@0005005c
000000aa
@0005015c
00000055
@0005025c
000000aa
@0005035c
00000055
@0005005d
000000aa
@0005015d
00000055
@0005025d
000000aa
@0005035d
00000055
@0005005e
000000aa
@0005015e
00000055
@0005025e
000000aa
@0005035e
00000055
@0005005f
000000aa
@0005015f
00000055
@0005025f
000000aa
@0005035f
00000055
@00050060
000000aa
@00050160
00000055
@00050260
000000aa
@00050360
00000055
@00050061
000000aa
@00050161
00000055
@00050261
000000aa
@00050361
00000055
@00050062
000000aa
@00050162
00000055
@00050262
000000aa
@00050362
00000055
@00050063
000000aa
@00050163
00000055
@00050263
000000aa
@00050363
00000055
@00050064
000000aa
@00050164
00000055
@00050264
000000aa
@00050364
00000055
@00050065
000000aa
@00050165
00000055
@00050265
000000aa
@00050365
00000055
@00050066
000000aa
@00050166
00000055
@00050266
000000aa
@00050366
00000055
@00050067
000000aa
@00050167
00000055
@00050267
000000aa
@00050367
00000055
@00050068
000000aa
@00050168
00000055
@00050268
000000aa
@00050368
00000055
@00050069
000000aa
@00050169
00000055
@00050269
000000aa
@00050369
00000055
@0005006a
000000aa
@0005016a
00000055
@0005026a
000000aa
@0005036a
00000055
@0005006b
000000aa
@0005016b
00000055
@0005026b
000000aa
@0005036b
00000055
@0005006c
000000aa
@0005016c
00000055
@0005026c
000000aa
@0005036c
00000055
@0005006d
000000aa
@0005016d
00000055
@0005026d
000000aa
@0005036d
00000055
@0005006e
000000aa
@0005016e
00000055
@0005026e
000000aa
@0005036e
00000055
@0005006f
000000aa
@0005016f
00000055
@0005026f
000000aa
@0005036f
00000055
@00050070
000000aa
@00050170
00000055
@00050270
000000aa
@00050370
00000055
@00050071
000000aa
@00050171
00000055
@00050271
000000aa
@00050371
00000055
@00050072
000000aa
@00050172
00000055
@00050272
000000aa
@00050372
00000055
@00050073
000000aa
@00050173
00000055
@00050273
000000aa
@00050373
00000055
@00050074
000000aa
@00050174
00000055
@00050274
000000aa
@00050374
00000055
@00050075
000000aa
@00050175
00000055
@00050275
000000aa
@00050375
00000055
@00050076
000000aa
@00050176
00000055
@00050276
000000aa
@00050376
00000055
@00050077
000000aa
@00050177
00000055
@00050277
000000aa
@00050377
00000055
@00050078
000000aa
@00050178
00000055
@00050278
000000aa
@00050378
00000055
@00050079
000000aa
@00050179
00000055
@00050279
000000aa
@00050379
00000055
@0005007a
000000aa
@0005017a
00000055
@0005027a
000000aa
@0005037a
00000055
@0005007b
000000aa
@0005017b
00000055
@0005027b
000000aa
@0005037b
00000055
@0005007c
000000aa
@0005017c
00000055
@0005027c
000000aa
@0005037c
00000055
@0005007d
000000aa
@0005017d
00000055
@0005027d
000000aa
@0005037d
00000055
@0005007e
000000aa
@0005017e
00000055
@0005027e
000000aa
@0005037e
00000055
@0005007f
000000aa
@0005017f
00000055
@0005027f
000000aa
@0005037f
00000055
@00050080
000000aa
@00050180
00000055
@00050280
000000aa
@00050380
00000055
@00050081
000000aa
@00050181
00000055
@00050281
000000aa
@00050381
00000055
@00050082
000000aa
@00050182
00000055
@00050282
000000aa
@00050382
00000055
@00050083
000000aa
@00050183
00000055
@00050283
000000aa
@00050383
00000055
@00050084
000000aa
@00050184
00000055
@00050284
000000aa
@00050384
00000055
@00050085
000000aa
@00050185
00000055
@00050285
000000aa
@00050385
00000055
@00050086
000000aa
@00050186
00000055
@00050286
000000aa
@00050386
00000055
@00050087
000000aa
@00050187
00000055
@00050287
000000aa
@00050387
00000055
@00050088
000000aa
@00050188
00000055
@00050288
000000aa
@00050388
00000055
@00050089
000000aa
@00050189
00000055
@00050289
000000aa
@00050389
00000055
@0005008a
000000aa
@0005018a
00000055
@0005028a
000000aa
@0005038a
00000055
@0005008b
000000aa
@0005018b
00000055
@0005028b
000000aa
@0005038b
00000055
@0005008c
000000aa
@0005018c
00000055
@0005028c
000000aa
@0005038c
00000055
@0005008d
000000aa
@0005018d
00000055
@0005028d
000000aa
@0005038d
00000055
@0005008e
000000aa
@0005018e
00000055
@0005028e
000000aa
@0005038e
00000055
@0005008f
000000aa
@0005018f
00000055
@0005028f
000000aa
@0005038f
00000055
@00050090
000000aa
@00050190
00000055
@00050290
000000aa
@00050390
00000055
@00050091
000000aa
@00050191
00000055
@00050291
000000aa
@00050391
00000055
@00050092
000000aa
@00050192
00000055
@00050292
000000aa
@00050392
00000055
@00050093
000000aa
@00050193
00000055
@00050293
000000aa
@00050393
00000055
@00050094
000000aa
@00050194
00000055
@00050294
000000aa
@00050394
00000055
@00050095
000000aa
@00050195
00000055
@00050295
000000aa
@00050395
00000055
@00050096
000000aa
@00050196
00000055
@00050296
000000aa
@00050396
00000055
@00050097
000000aa
@00050197
00000055
@00050297
000000aa
@00050397
00000055
@00050098
000000aa
@00050198
00000055
@00050298
000000aa
@00050398
00000055
@00050099
000000aa
@00050199
00000055
@00050299
000000aa
@00050399
00000055
@0005009a
000000aa
@0005019a
00000055
@0005029a
000000aa
@0005039a
00000055
@0005009b
000000aa
@0005019b
00000055
@0005029b
000000aa
@0005039b
00000055
@0005009c
000000aa
@0005019c
00000055
@0005029c
000000aa
@0005039c
00000055
@0005009d
000000aa
@0005019d
00000055
@0005029d
000000aa
@0005039d
00000055
@0005009e
000000aa
@0005019e
00000055
@0005029e
000000aa
@0005039e
00000055
@0005009f
000000aa
@0005019f
00000055
@0005029f
000000aa
@0005039f
00000055
@000500a0
000000aa
@000501a0
00000055
@000502a0
000000aa
@000503a0
00000055
@000500a1
000000aa
@000501a1
00000055
@000502a1
000000aa
@000503a1
00000055
@000500a2
000000aa
@000501a2
00000055
@000502a2
000000aa
@000503a2
00000055
@000500a3
000000aa
@000501a3
00000055
@000502a3
000000aa
@000503a3
00000055
@000500a4
000000aa
@000501a4
00000055
@000502a4
000000aa
@000503a4
00000055
@000500a5
000000aa
@000501a5
00000055
@000502a5
000000aa
@000503a5
00000055
@000500a6
000000aa
@000501a6
00000055
@000502a6
000000aa
@000503a6
00000055
@000500a7
000000aa
@000501a7
00000055
@000502a7
000000aa
@000503a7
00000055
@000500a8
000000aa
@000501a8
00000055
@000502a8
000000aa
@000503a8
00000055
@000500a9
000000aa
@000501a9
00000055
@000502a9
000000aa
@000503a9
00000055
@000500aa
000000aa
@000501aa
00000055
@000502aa
000000aa
@000503aa
00000055
@000500ab
000000aa
@000501ab
00000055
@000502ab
000000aa
@000503ab
00000055
@000500ac
000000aa
@000501ac
00000055
@000502ac
000000aa
@000503ac
00000055
@000500ad
000000aa
@000501ad
00000055
@000502ad
000000aa
@000503ad
00000055
@000500ae
000000aa
@000501ae
00000055
@000502ae
000000aa
@000503ae
00000055
@000500af
000000aa
@000501af
00000055
@000502af
000000aa
@000503af
00000055
@000500b0
000000aa
@000501b0
00000055
@000502b0
000000aa
@000503b0
00000055
@000500b1
000000aa
@000501b1
00000055
@000502b1
000000aa
@000503b1
00000055
@000500b2
000000aa
@000501b2
00000055
@000502b2
000000aa
@000503b2
00000055
@000500b3
000000aa
@000501b3
00000055
@000502b3
000000aa
@000503b3
00000055
@000500b4
000000aa
@000501b4
00000055
@000502b4
000000aa
@000503b4
00000055
@000500b5
000000aa
@000501b5
00000055
@000502b5
000000aa
@000503b5
00000055
@000500b6
000000aa
@000501b6
00000055
@000502b6
000000aa
@000503b6
00000055
@000500b7
000000aa
@000501b7
00000055
@000502b7
000000aa
@000503b7
00000055
@000500b8
000000aa
@000501b8
00000055
@000502b8
000000aa
@000503b8
00000055
@000500b9
000000aa
@000501b9
00000055
@000502b9
000000aa
@000503b9
00000055
@000500ba
000000aa
@000501ba
00000055
@000502ba
000000aa
@000503ba
00000055
@000500bb
000000aa
@000501bb
00000055
@000502bb
000000aa
@000503bb
00000055
@000500bc
000000aa
@000501bc
00000055
@000502bc
000000aa
@000503bc
00000055
@000500bd
000000aa
@000501bd
00000055
@000502bd
000000aa
@000503bd
00000055
@000500be
000000aa
@000501be
00000055
@000502be
000000aa
@000503be
00000055
@000500bf
000000aa
@000501bf
00000055
@000502bf
000000aa
@000503bf
00000055
@000500c0
000000aa
@000501c0
00000055
@000502c0
000000aa
@000503c0
00000055
@000500c1
000000aa
@000501c1
00000055
@000502c1
000000aa
@000503c1
00000055
@000500c2
000000aa
@000501c2
00000055
@000502c2
000000aa
@000503c2
00000055
@000500c3
000000aa
@000501c3
00000055
@000502c3
000000aa
@000503c3
00000055
@000500c4
000000aa
@000501c4
00000055
@000502c4
000000aa
@000503c4
00000055
@000500c5
000000aa
@000501c5
00000055
@000502c5
000000aa
@000503c5
00000055
@000500c6
000000aa
@000501c6
00000055
@000502c6
000000aa
@000503c6
00000055
@000500c7
000000aa
@000501c7
00000055
@000502c7
000000aa
@000503c7
00000055
@000500c8
000000aa
@000501c8
00000055
@000502c8
000000aa
@000503c8
00000055
@000500c9
000000aa
@000501c9
00000055
@000502c9
000000aa
@000503c9
00000055
@000500ca
000000aa
@000501ca
00000055
@000502ca
000000aa
@000503ca
00000055
@000500cb
000000aa
@000501cb
00000055
@000502cb
000000aa
@000503cb
00000055
@000500cc
000000aa
@000501cc
00000055
@000502cc
000000aa
@000503cc
00000055
@000500cd
000000aa
@000501cd
00000055
@000502cd
000000aa
@000503cd
00000055
@000500ce
000000aa
@000501ce
00000055
@000502ce
000000aa
@000503ce
00000055
@000500cf
000000aa
@000501cf
00000055
@000502cf
000000aa
@000503cf
00000055
@000500d0
000000aa
@000501d0
00000055
@000502d0
000000aa
@000503d0
00000055
@000500d1
000000aa
@000501d1
00000055
@000502d1
000000aa
@000503d1
00000055
@000500d2
000000aa
@000501d2
00000055
@000502d2
000000aa
@000503d2
00000055
@000500d3
000000aa
@000501d3
00000055
@000502d3
000000aa
@000503d3
00000055
@000500d4
000000aa
@000501d4
00000055
@000502d4
000000aa
@000503d4
00000055
@000500d5
000000aa
@000501d5
00000055
@000502d5
000000aa
@000503d5
00000055
@000500d6
000000aa
@000501d6
00000055
@000502d6
000000aa
@000503d6
00000055
@000500d7
000000aa
@000501d7
00000055
@000502d7
000000aa
@000503d7
00000055
@000500d8
000000aa
@000501d8
00000055
@000502d8
000000aa
@000503d8
00000055
@000500d9
000000aa
@000501d9
00000055
@000502d9
000000aa
@000503d9
00000055
@000500da
000000aa
@000501da
00000055
@000502da
000000aa
@000503da
00000055
@000500db
000000aa
@000501db
00000055
@000502db
000000aa
@000503db
00000055
@000500dc
000000aa
@000501dc
00000055
@000502dc
000000aa
@000503dc
00000055
@000500dd
000000aa
@000501dd
00000055
@000502dd
000000aa
@000503dd
00000055
@000500de
000000aa
@000501de
00000055
@000502de
000000aa
@000503de
00000055
@000500df
000000aa
@000501df
00000055
@000502df
000000aa
@000503df
00000055
@000500e0
000000aa
@000501e0
00000055
@000502e0
000000aa
@000503e0
00000055
@000500e1
000000aa
@000501e1
00000055
@000502e1
000000aa
@000503e1
00000055
@000500e2
000000aa
@000501e2
00000055
@000502e2
000000aa
@000503e2
00000055
@000500e3
000000aa
@000501e3
00000055
@000502e3
000000aa
@000503e3
00000055
@000500e4
000000aa
@000501e4
00000055
@000502e4
000000aa
@000503e4
00000055
@000500e5
000000aa
@000501e5
00000055
@000502e5
000000aa
@000503e5
00000055
@000500e6
000000aa
@000501e6
00000055
@000502e6
000000aa
@000503e6
00000055
@000500e7
000000aa
@000501e7
00000055
@000502e7
000000aa
@000503e7
00000055
@000500e8
000000aa
@000501e8
00000055
@000502e8
000000aa
@000503e8
00000055
@000500e9
000000aa
@000501e9
00000055
@000502e9
000000aa
@000503e9
00000055
@000500ea
000000aa
@000501ea
00000055
@000502ea
000000aa
@000503ea
00000055
@000500eb
000000aa
@000501eb
00000055
@000502eb
000000aa
@000503eb
00000055
@000500ec
000000aa
@000501ec
00000055
@000502ec
000000aa
@000503ec
00000055
@000500ed
000000aa
@000501ed
00000055
@000502ed
000000aa
@000503ed
00000055
@000500ee
000000aa
@000501ee
00000055
@000502ee
000000aa
@000503ee
00000055
@000500ef
000000aa
@000501ef
00000055
@000502ef
000000aa
@000503ef
00000055
@000500f0
000000aa
@000501f0
00000055
@000502f0
000000aa
@000503f0
00000055
@000500f1
000000aa
@000501f1
00000055
@000502f1
000000aa
@000503f1
00000055
@000500f2
000000aa
@000501f2
00000055
@000502f2
000000aa
@000503f2
00000055
@000500f3
000000aa
@000501f3
00000055
@000502f3
000000aa
@000503f3
00000055
@000500f4
000000aa
@000501f4
00000055
@000502f4
000000aa
@000503f4
00000055
@000500f5
000000aa
@000501f5
00000055
@000502f5
000000aa
@000503f5
00000055
@000500f6
000000aa
@000501f6
00000055
@000502f6
000000aa
@000503f6
00000055
@000500f7
000000aa
@000501f7
00000055
@000502f7
000000aa
@000503f7
00000055
@000500f8
000000aa
@000501f8
00000055
@000502f8
000000aa
@000503f8
00000055
@000500f9
000000aa
@000501f9
00000055
@000502f9
000000aa
@000503f9
00000055
@000500fa
000000aa
@000501fa
00000055
@000502fa
000000aa
@000503fa
00000055
@000500fb
000000aa
@000501fb
00000055
@000502fb
000000aa
@000503fb
00000055
@000500fc
000000aa
@000501fc
00000055
@000502fc
000000aa
@000503fc
00000055
@000500fd
000000aa
@000501fd
00000055
@000502fd
000000aa
@000503fd
00000055
@000500fe
000000aa
@000501fe
00000055
@000502fe
000000aa
@000503fe
00000055
@000500ff
000000aa
@000501ff
00000055
@000502ff
000000aa
@000503ff
00000055
@00060000
00000012
@00062000
000000a5
@00064000
000000cd
@00066000
000000f7
@00060001
00000012
@00062001
000000a5
@00064001
000000cd
@00066001
000000f7
@00060002
00000012
@00062002
000000a5
@00064002
000000cd
@00066002
000000f7
@00060003
00000012
@00062003
000000a5
@00064003
000000cd
@00066003
000000f7
@00060004
00000012
@00062004
000000a5
@00064004
000000cd
@00066004
000000f7
@00060005
00000012
@00062005
000000a5
@00064005
000000cd
@00066005
000000f7
@00060006
00000012
@00062006
000000a5
@00064006
000000cd
@00066006
000000f7
@00060007
00000012
@00062007
000000a5
@00064007
000000cd
@00066007
000000f7
@00060008
00000012
@00062008
000000a5
@00064008
000000cd
@00066008
000000f7
@00060009
00000012
@00062009
000000a5
@00064009
000000cd
@00066009
000000f7
@0006000a
00000012
@0006200a
000000a5
@0006400a
000000cd
@0006600a
000000f7
@0006000b
00000012
@0006200b
000000a5
@0006400b
000000cd
@0006600b
000000f7
@0006000c
00000012
@0006200c
000000a5
@0006400c
000000cd
@0006600c
000000f7
@0006000d
00000012
@0006200d
000000a5
@0006400d
000000cd
@0006600d
000000f7
@0006000e
00000012
@0006200e
000000a5
@0006400e
000000cd
@0006600e
000000f7
@0006000f
00000012
@0006200f
000000a5
@0006400f
000000cd
@0006600f
000000f7
@00060010
00000012
@00062010
000000a5
@00064010
000000cd
@00066010
000000f7
@00060011
00000012
@00062011
000000a5
@00064011
000000cd
@00066011
000000f7
@00060012
00000012
@00062012
000000a5
@00064012
000000cd
@00066012
000000f7
@00060013
00000012
@00062013
000000a5
@00064013
000000cd
@00066013
000000f7
@00060014
00000012
@00062014
000000a5
@00064014
000000cd
@00066014
000000f7
@00060015
00000012
@00062015
000000a5
@00064015
000000cd
@00066015
000000f7
@00060016
00000012
@00062016
000000a5
@00064016
000000cd
@00066016
000000f7
@00060017
00000012
@00062017
000000a5
@00064017
000000cd
@00066017
000000f7
@00060018
00000012
@00062018
000000a5
@00064018
000000cd
@00066018
000000f7
@00060019
00000012
@00062019
000000a5
@00064019
000000cd
@00066019
000000f7
@0006001a
00000012
@0006201a
000000a5
@0006401a
000000cd
@0006601a
000000f7
@0006001b
00000012
@0006201b
000000a5
@0006401b
000000cd
@0006601b
000000f7
@0006001c
00000012
@0006201c
000000a5
@0006401c
000000cd
@0006601c
000000f7
@0006001d
00000012
@0006201d
000000a5
@0006401d
000000cd
@0006601d
000000f7
@0006001e
00000012
@0006201e
000000a5
@0006401e
000000cd
@0006601e
000000f7
@0006001f
00000012
@0006201f
000000a5
@0006401f
000000cd
@0006601f
000000f7
@00060020
00000012
@00062020
000000a5
@00064020
000000cd
@00066020
000000f7
@00060021
00000012
@00062021
000000a5
@00064021
000000cd
@00066021
000000f7
@00060022
00000012
@00062022
000000a5
@00064022
000000cd
@00066022
000000f7
@00060023
00000012
@00062023
000000a5
@00064023
000000cd
@00066023
000000f7
@00060024
00000012
@00062024
000000a5
@00064024
000000cd
@00066024
000000f7
@00060025
00000012
@00062025
000000a5
@00064025
000000cd
@00066025
000000f7
@00060026
00000012
@00062026
000000a5
@00064026
000000cd
@00066026
000000f7
@00060027
00000012
@00062027
000000a5
@00064027
000000cd
@00066027
000000f7
@00060028
00000012
@00062028
000000a5
@00064028
000000cd
@00066028
000000f7
@00060029
00000012
@00062029
000000a5
@00064029
000000cd
@00066029
000000f7
@0006002a
00000012
@0006202a
000000a5
@0006402a
000000cd
@0006602a
000000f7
@0006002b
00000012
@0006202b
000000a5
@0006402b
000000cd
@0006602b
000000f7
@0006002c
00000012
@0006202c
000000a5
@0006402c
000000cd
@0006602c
000000f7
@0006002d
00000012
@0006202d
000000a5
@0006402d
000000cd
@0006602d
000000f7
@0006002e
00000012
@0006202e
000000a5
@0006402e
000000cd
@0006602e
000000f7
@0006002f
00000012
@0006202f
000000a5
@0006402f
000000cd
@0006602f
000000f7
@00060030
00000012
@00062030
000000a5
@00064030
000000cd
@00066030
000000f7
@00060031
00000012
@00062031
000000a5
@00064031
000000cd
@00066031
000000f7
@00060032
00000012
@00062032
000000a5
@00064032
000000cd
@00066032
000000f7
@00060033
00000012
@00062033
000000a5
@00064033
000000cd
@00066033
000000f7
@00060034
00000012
@00062034
000000a5
@00064034
000000cd
@00066034
000000f7
@00060035
00000012
@00062035
000000a5
@00064035
000000cd
@00066035
000000f7
@00060036
00000012
@00062036
000000a5
@00064036
000000cd
@00066036
000000f7
@00060037
00000012
@00062037
000000a5
@00064037
000000cd
@00066037
000000f7
@00060038
00000012
@00062038
000000a5
@00064038
000000cd
@00066038
000000f7
@00060039
00000012
@00062039
000000a5
@00064039
000000cd
@00066039
000000f7
@0006003a
00000012
@0006203a
000000a5
@0006403a
000000cd
@0006603a
000000f7
@0006003b
00000012
@0006203b
000000a5
@0006403b
000000cd
@0006603b
000000f7
@0006003c
00000012
@0006203c
000000a5
@0006403c
000000cd
@0006603c
000000f7
@0006003d
00000012
@0006203d
000000a5
@0006403d
000000cd
@0006603d
000000f7
@0006003e
00000012
@0006203e
000000a5
@0006403e
000000cd
@0006603e
000000f7
@0006003f
00000012
@0006203f
000000a5
@0006403f
000000cd
@0006603f
000000f7
@00060040
00000012
@00062040
000000a5
@00064040
000000cd
@00066040
000000f7
@00060041
00000012
@00062041
000000a5
@00064041
000000cd
@00066041
000000f7
@00060042
00000012
@00062042
000000a5
@00064042
000000cd
@00066042
000000f7
@00060043
00000012
@00062043
000000a5
@00064043
000000cd
@00066043
000000f7
@00060044
00000012
@00062044
000000a5
@00064044
000000cd
@00066044
000000f7
@00060045
00000012
@00062045
000000a5
@00064045
000000cd
@00066045
000000f7
@00060046
00000012
@00062046
000000a5
@00064046
000000cd
@00066046
000000f7
@00060047
00000012
@00062047
000000a5
@00064047
000000cd
@00066047
000000f7
@00060048
00000012
@00062048
000000a5
@00064048
000000cd
@00066048
000000f7
@00060049
00000012
@00062049
000000a5
@00064049
000000cd
@00066049
000000f7
@0006004a
00000012
@0006204a
000000a5
@0006404a
000000cd
@0006604a
000000f7
@0006004b
00000012
@0006204b
000000a5
@0006404b
000000cd
@0006604b
000000f7
@0006004c
00000012
@0006204c
000000a5
@0006404c
000000cd
@0006604c
000000f7
@0006004d
00000012
@0006204d
000000a5
@0006404d
000000cd
@0006604d
000000f7
@0006004e
00000012
@0006204e
000000a5
@0006404e
000000cd
@0006604e
000000f7
@0006004f
00000012
@0006204f
000000a5
@0006404f
000000cd
@0006604f
000000f7
@00060050
00000012
@00062050
000000a5
@00064050
000000cd
@00066050
000000f7
@00060051
00000012
@00062051
000000a5
@00064051
000000cd
@00066051
000000f7
@00060052
00000012
@00062052
000000a5
@00064052
000000cd
@00066052
000000f7
@00060053
00000012
@00062053
000000a5
@00064053
000000cd
@00066053
000000f7
@00060054
00000012
@00062054
000000a5
@00064054
000000cd
@00066054
000000f7
@00060055
00000012
@00062055
000000a5
@00064055
000000cd
@00066055
000000f7
@00060056
00000012
@00062056
000000a5
@00064056
000000cd
@00066056
000000f7
@00060057
00000012
@00062057
000000a5
@00064057
000000cd
@00066057
000000f7
@00060058
00000012
@00062058
000000a5
@00064058
000000cd
@00066058
000000f7
@00060059
00000012
@00062059
000000a5
@00064059
000000cd
@00066059
000000f7
@0006005a
00000012
@0006205a
000000a5
@0006405a
000000cd
@0006605a
000000f7
@0006005b
00000012
@0006205b
000000a5
@0006405b
000000cd
@0006605b
000000f7
@0006005c
00000012
@0006205c
000000a5
@0006405c
000000cd
@0006605c
000000f7
@0006005d
00000012
@0006205d
000000a5
@0006405d
000000cd
@0006605d
000000f7
@0006005e
00000012
@0006205e
000000a5
@0006405e
000000cd
@0006605e
000000f7
@0006005f
00000012
@0006205f
000000a5
@0006405f
000000cd
@0006605f
000000f7
@00060060
00000012
@00062060
000000a5
@00064060
000000cd
@00066060
000000f7
@00060061
00000012
@00062061
000000a5
@00064061
000000cd
@00066061
000000f7
@00060062
00000012
@00062062
000000a5
@00064062
000000cd
@00066062
000000f7
@00060063
00000012
@00062063
000000a5
@00064063
000000cd
@00066063
000000f7
@00060064
00000012
@00062064
000000a5
@00064064
000000cd
@00066064
000000f7
@00060065
00000012
@00062065
000000a5
@00064065
000000cd
@00066065
000000f7
@00060066
00000012
@00062066
000000a5
@00064066
000000cd
@00066066
000000f7
@00060067
00000012
@00062067
000000a5
@00064067
000000cd
@00066067
000000f7
@00060068
00000012
@00062068
000000a5
@00064068
000000cd
@00066068
000000f7
@00060069
00000012
@00062069
000000a5
@00064069
000000cd
@00066069
000000f7
@0006006a
00000012
@0006206a
000000a5
@0006406a
000000cd
@0006606a
000000f7
@0006006b
00000012
@0006206b
000000a5
@0006406b
000000cd
@0006606b
000000f7
@0006006c
00000012
@0006206c
000000a5
@0006406c
000000cd
@0006606c
000000f7
@0006006d
00000012
@0006206d
000000a5
@0006406d
000000cd
@0006606d
000000f7
@0006006e
00000012
@0006206e
000000a5
@0006406e
000000cd
@0006606e
000000f7
@0006006f
00000012
@0006206f
000000a5
@0006406f
000000cd
@0006606f
000000f7
@00060070
00000012
@00062070
000000a5
@00064070
000000cd
@00066070
000000f7
@00060071
00000012
@00062071
000000a5
@00064071
000000cd
@00066071
000000f7
@00060072
00000012
@00062072
000000a5
@00064072
000000cd
@00066072
000000f7
@00060073
00000012
@00062073
000000a5
@00064073
000000cd
@00066073
000000f7
@00060074
00000012
@00062074
000000a5
@00064074
000000cd
@00066074
000000f7
@00060075
00000012
@00062075
000000a5
@00064075
000000cd
@00066075
000000f7
@00060076
00000012
@00062076
000000a5
@00064076
000000cd
@00066076
000000f7
@00060077
00000012
@00062077
000000a5
@00064077
000000cd
@00066077
000000f7
@00060078
00000012
@00062078
000000a5
@00064078
000000cd
@00066078
000000f7
@00060079
00000012
@00062079
000000a5
@00064079
000000cd
@00066079
000000f7
@0006007a
00000012
@0006207a
000000a5
@0006407a
000000cd
@0006607a
000000f7
@0006007b
00000012
@0006207b
000000a5
@0006407b
000000cd
@0006607b
000000f7
@0006007c
00000012
@0006207c
000000a5
@0006407c
000000cd
@0006607c
000000f7
@0006007d
00000012
@0006207d
000000a5
@0006407d
000000cd
@0006607d
000000f7
@0006007e
00000012
@0006207e
000000a5
@0006407e
000000cd
@0006607e
000000f7
@0006007f
00000012
@0006207f
000000a5
@0006407f
000000cd
@0006607f
000000f7
@00060080
00000012
@00062080
000000a5
@00064080
000000cd
@00066080
000000f7
@00060081
00000012
@00062081
000000a5
@00064081
000000cd
@00066081
000000f7
@00060082
00000012
@00062082
000000a5
@00064082
000000cd
@00066082
000000f7
@00060083
00000012
@00062083
000000a5
@00064083
000000cd
@00066083
000000f7
@00060084
00000012
@00062084
000000a5
@00064084
000000cd
@00066084
000000f7
@00060085
00000012
@00062085
000000a5
@00064085
000000cd
@00066085
000000f7
@00060086
00000012
@00062086
000000a5
@00064086
000000cd
@00066086
000000f7
@00060087
00000012
@00062087
000000a5
@00064087
000000cd
@00066087
000000f7
@00060088
00000012
@00062088
000000a5
@00064088
000000cd
@00066088
000000f7
@00060089
00000012
@00062089
000000a5
@00064089
000000cd
@00066089
000000f7
@0006008a
00000012
@0006208a
000000a5
@0006408a
000000cd
@0006608a
000000f7
@0006008b
00000012
@0006208b
000000a5
@0006408b
000000cd
@0006608b
000000f7
@0006008c
00000012
@0006208c
000000a5
@0006408c
000000cd
@0006608c
000000f7
@0006008d
00000012
@0006208d
000000a5
@0006408d
000000cd
@0006608d
000000f7
@0006008e
00000012
@0006208e
000000a5
@0006408e
000000cd
@0006608e
000000f7
@0006008f
00000012
@0006208f
000000a5
@0006408f
000000cd
@0006608f
000000f7
@00060090
00000012
@00062090
000000a5
@00064090
000000cd
@00066090
000000f7
@00060091
00000012
@00062091
000000a5
@00064091
000000cd
@00066091
000000f7
@00060092
00000012
@00062092
000000a5
@00064092
000000cd
@00066092
000000f7
@00060093
00000012
@00062093
000000a5
@00064093
000000cd
@00066093
000000f7
@00060094
00000012
@00062094
000000a5
@00064094
000000cd
@00066094
000000f7
@00060095
00000012
@00062095
000000a5
@00064095
000000cd
@00066095
000000f7
@00060096
00000012
@00062096
000000a5
@00064096
000000cd
@00066096
000000f7
@00060097
00000012
@00062097
000000a5
@00064097
000000cd
@00066097
000000f7
@00060098
00000012
@00062098
000000a5
@00064098
000000cd
@00066098
000000f7
@00060099
00000012
@00062099
000000a5
@00064099
000000cd
@00066099
000000f7
@0006009a
00000012
@0006209a
000000a5
@0006409a
000000cd
@0006609a
000000f7
@0006009b
00000012
@0006209b
000000a5
@0006409b
000000cd
@0006609b
000000f7
@0006009c
00000012
@0006209c
000000a5
@0006409c
000000cd
@0006609c
000000f7
@0006009d
00000012
@0006209d
000000a5
@0006409d
000000cd
@0006609d
000000f7
@0006009e
00000012
@0006209e
000000a5
@0006409e
000000cd
@0006609e
000000f7
@0006009f
00000012
@0006209f
000000a5
@0006409f
000000cd
@0006609f
000000f7
@000600a0
00000012
@000620a0
000000a5
@000640a0
000000cd
@000660a0
000000f7
@000600a1
00000012
@000620a1
000000a5
@000640a1
000000cd
@000660a1
000000f7
@000600a2
00000012
@000620a2
000000a5
@000640a2
000000cd
@000660a2
000000f7
@000600a3
00000012
@000620a3
000000a5
@000640a3
000000cd
@000660a3
000000f7
@000600a4
00000012
@000620a4
000000a5
@000640a4
000000cd
@000660a4
000000f7
@000600a5
00000012
@000620a5
000000a5
@000640a5
000000cd
@000660a5
000000f7
@000600a6
00000012
@000620a6
000000a5
@000640a6
000000cd
@000660a6
000000f7
@000600a7
00000012
@000620a7
000000a5
@000640a7
000000cd
@000660a7
000000f7
@000600a8
00000012
@000620a8
000000a5
@000640a8
000000cd
@000660a8
000000f7
@000600a9
00000012
@000620a9
000000a5
@000640a9
000000cd
@000660a9
000000f7
@000600aa
00000012
@000620aa
000000a5
@000640aa
000000cd
@000660aa
000000f7
@000600ab
00000012
@000620ab
000000a5
@000640ab
000000cd
@000660ab
000000f7
@000600ac
00000012
@000620ac
000000a5
@000640ac
000000cd
@000660ac
000000f7
@000600ad
00000012
@000620ad
000000a5
@000640ad
000000cd
@000660ad
000000f7
@000600ae
00000012
@000620ae
000000a5
@000640ae
000000cd
@000660ae
000000f7
@000600af
00000012
@000620af
000000a5
@000640af
000000cd
@000660af
000000f7
@000600b0
00000012
@000620b0
000000a5
@000640b0
000000cd
@000660b0
000000f7
@000600b1
00000012
@000620b1
000000a5
@000640b1
000000cd
@000660b1
000000f7
@000600b2
00000012
@000620b2
000000a5
@000640b2
000000cd
@000660b2
000000f7
@000600b3
00000012
@000620b3
000000a5
@000640b3
000000cd
@000660b3
000000f7
@000600b4
00000012
@000620b4
000000a5
@000640b4
000000cd
@000660b4
000000f7
@000600b5
00000012
@000620b5
000000a5
@000640b5
000000cd
@000660b5
000000f7
@000600b6
00000012
@000620b6
000000a5
@000640b6
000000cd
@000660b6
000000f7
@000600b7
00000012
@000620b7
000000a5
@000640b7
000000cd
@000660b7
000000f7
@000600b8
00000012
@000620b8
000000a5
@000640b8
000000cd
@000660b8
000000f7
@000600b9
00000012
@000620b9
000000a5
@000640b9
000000cd
@000660b9
000000f7
@000600ba
00000012
@000620ba
000000a5
@000640ba
000000cd
@000660ba
000000f7
@000600bb
00000012
@000620bb
000000a5
@000640bb
000000cd
@000660bb
000000f7
@000600bc
00000012
@000620bc
000000a5
@000640bc
000000cd
@000660bc
000000f7
@000600bd
00000012
@000620bd
000000a5
@000640bd
000000cd
@000660bd
000000f7
@000600be
00000012
@000620be
000000a5
@000640be
000000cd
@000660be
000000f7
@000600bf
00000012
@000620bf
000000a5
@000640bf
000000cd
@000660bf
000000f7
@000600c0
00000012
@000620c0
000000a5
@000640c0
000000cd
@000660c0
000000f7
@000600c1
00000012
@000620c1
000000a5
@000640c1
000000cd
@000660c1
000000f7
@000600c2
00000012
@000620c2
000000a5
@000640c2
000000cd
@000660c2
000000f7
@000600c3
00000012
@000620c3
000000a5
@000640c3
000000cd
@000660c3
000000f7
@000600c4
00000012
@000620c4
000000a5
@000640c4
000000cd
@000660c4
000000f7
@000600c5
00000012
@000620c5
000000a5
@000640c5
000000cd
@000660c5
000000f7
@000600c6
00000012
@000620c6
000000a5
@000640c6
000000cd
@000660c6
000000f7
@000600c7
00000012
@000620c7
000000a5
@000640c7
000000cd
@000660c7
000000f7
@000600c8
00000012
@000620c8
000000a5
@000640c8
000000cd
@000660c8
000000f7
@000600c9
00000012
@000620c9
000000a5
@000640c9
000000cd
@000660c9
000000f7
@000600ca
00000012
@000620ca
000000a5
@000640ca
000000cd
@000660ca
000000f7
@000600cb
00000012
@000620cb
000000a5
@000640cb
000000cd
@000660cb
000000f7
@000600cc
00000012
@000620cc
000000a5
@000640cc
000000cd
@000660cc
000000f7
@000600cd
00000012
@000620cd
000000a5
@000640cd
000000cd
@000660cd
000000f7
@000600ce
00000012
@000620ce
000000a5
@000640ce
000000cd
@000660ce
000000f7
@000600cf
00000012
@000620cf
000000a5
@000640cf
000000cd
@000660cf
000000f7
@000600d0
00000012
@000620d0
000000a5
@000640d0
000000cd
@000660d0
000000f7
@000600d1
00000012
@000620d1
000000a5
@000640d1
000000cd
@000660d1
000000f7
@000600d2
00000012
@000620d2
000000a5
@000640d2
000000cd
@000660d2
000000f7
@000600d3
00000012
@000620d3
000000a5
@000640d3
000000cd
@000660d3
000000f7
@000600d4
00000012
@000620d4
000000a5
@000640d4
000000cd
@000660d4
000000f7
@000600d5
00000012
@000620d5
000000a5
@000640d5
000000cd
@000660d5
000000f7
@000600d6
00000012
@000620d6
000000a5
@000640d6
000000cd
@000660d6
000000f7
@000600d7
00000012
@000620d7
000000a5
@000640d7
000000cd
@000660d7
000000f7
@000600d8
00000012
@000620d8
000000a5
@000640d8
000000cd
@000660d8
000000f7
@000600d9
00000012
@000620d9
000000a5
@000640d9
000000cd
@000660d9
000000f7
@000600da
00000012
@000620da
000000a5
@000640da
000000cd
@000660da
000000f7
@000600db
00000012
@000620db
000000a5
@000640db
000000cd
@000660db
000000f7
@000600dc
00000012
@000620dc
000000a5
@000640dc
000000cd
@000660dc
000000f7
@000600dd
00000012
@000620dd
000000a5
@000640dd
000000cd
@000660dd
000000f7
@000600de
00000012
@000620de
000000a5
@000640de
000000cd
@000660de
000000f7
@000600df
00000012
@000620df
000000a5
@000640df
000000cd
@000660df
000000f7
@000600e0
00000012
@000620e0
000000a5
@000640e0
000000cd
@000660e0
000000f7
@000600e1
00000012
@000620e1
000000a5
@000640e1
000000cd
@000660e1
000000f7
@000600e2
00000012
@000620e2
000000a5
@000640e2
000000cd
@000660e2
000000f7
@000600e3
00000012
@000620e3
000000a5
@000640e3
000000cd
@000660e3
000000f7
@000600e4
00000012
@000620e4
000000a5
@000640e4
000000cd
@000660e4
000000f7
@000600e5
00000012
@000620e5
000000a5
@000640e5
000000cd
@000660e5
000000f7
@000600e6
00000012
@000620e6
000000a5
@000640e6
000000cd
@000660e6
000000f7
@000600e7
00000012
@000620e7
000000a5
@000640e7
000000cd
@000660e7
000000f7
@000600e8
00000012
@000620e8
000000a5
@000640e8
000000cd
@000660e8
000000f7
@000600e9
00000012
@000620e9
000000a5
@000640e9
000000cd
@000660e9
000000f7
@000600ea
00000012
@000620ea
000000a5
@000640ea
000000cd
@000660ea
000000f7
@000600eb
00000012
@000620eb
000000a5
@000640eb
000000cd
@000660eb
000000f7
@000600ec
00000012
@000620ec
000000a5
@000640ec
000000cd
@000660ec
000000f7
@000600ed
00000012
@000620ed
000000a5
@000640ed
000000cd
@000660ed
000000f7
@000600ee
00000012
@000620ee
000000a5
@000640ee
000000cd
@000660ee
000000f7
@000600ef
00000012
@000620ef
000000a5
@000640ef
000000cd
@000660ef
000000f7
@000600f0
00000012
@000620f0
000000a5
@000640f0
000000cd
@000660f0
000000f7
@000600f1
00000012
@000620f1
000000a5
@000640f1
000000cd
@000660f1
000000f7
@000600f2
00000012
@000620f2
000000a5
@000640f2
000000cd
@000660f2
000000f7
@000600f3
00000012
@000620f3
000000a5
@000640f3
000000cd
@000660f3
000000f7
@000600f4
00000012
@000620f4
000000a5
@000640f4
000000cd
@000660f4
000000f7
@000600f5
00000012
@000620f5
000000a5
@000640f5
000000cd
@000660f5
000000f7
@000600f6
00000012
@000620f6
000000a5
@000640f6
000000cd
@000660f6
000000f7
@000600f7
00000012
@000620f7
000000a5
@000640f7
000000cd
@000660f7
000000f7
@000600f8
00000012
@000620f8
000000a5
@000640f8
000000cd
@000660f8
000000f7
@000600f9
00000012
@000620f9
000000a5
@000640f9
000000cd
@000660f9
000000f7
@000600fa
00000012
@000620fa
000000a5
@000640fa
000000cd
@000660fa
000000f7
@000600fb
00000012
@000620fb
000000a5
@000640fb
000000cd
@000660fb
000000f7
@000600fc
00000012
@000620fc
000000a5
@000640fc
000000cd
@000660fc
000000f7
@000600fd
00000012
@000620fd
000000a5
@000640fd
000000cd
@000660fd
000000f7
@000600fe
00000012
@000620fe
000000a5
@000640fe
000000cd
@000660fe
000000f7
@000600ff
00000012
@000620ff
000000a5
@000640ff
000000cd
@000660ff
000000f7
@00060100
00000012
@00062100
000000a5
@00064100
000000cd
@00066100
000000f7
@00060101
00000012
@00062101
000000a5
@00064101
000000cd
@00066101
000000f7
@00060102
00000012
@00062102
000000a5
@00064102
000000cd
@00066102
000000f7
@00060103
00000012
@00062103
000000a5
@00064103
000000cd
@00066103
000000f7
@00060104
00000012
@00062104
000000a5
@00064104
000000cd
@00066104
000000f7
@00060105
00000012
@00062105
000000a5
@00064105
000000cd
@00066105
000000f7
@00060106
00000012
@00062106
000000a5
@00064106
000000cd
@00066106
000000f7
@00060107
00000012
@00062107
000000a5
@00064107
000000cd
@00066107
000000f7
@00060108
00000012
@00062108
000000a5
@00064108
000000cd
@00066108
000000f7
@00060109
00000012
@00062109
000000a5
@00064109
000000cd
@00066109
000000f7
@0006010a
00000012
@0006210a
000000a5
@0006410a
000000cd
@0006610a
000000f7
@0006010b
00000012
@0006210b
000000a5
@0006410b
000000cd
@0006610b
000000f7
@0006010c
00000012
@0006210c
000000a5
@0006410c
000000cd
@0006610c
000000f7
@0006010d
00000012
@0006210d
000000a5
@0006410d
000000cd
@0006610d
000000f7
@0006010e
00000012
@0006210e
000000a5
@0006410e
000000cd
@0006610e
000000f7
@0006010f
00000012
@0006210f
000000a5
@0006410f
000000cd
@0006610f
000000f7
@00060110
00000012
@00062110
000000a5
@00064110
000000cd
@00066110
000000f7
@00060111
00000012
@00062111
000000a5
@00064111
000000cd
@00066111
000000f7
@00060112
00000012
@00062112
000000a5
@00064112
000000cd
@00066112
000000f7
@00060113
00000012
@00062113
000000a5
@00064113
000000cd
@00066113
000000f7
@00060114
00000012
@00062114
000000a5
@00064114
000000cd
@00066114
000000f7
@00060115
00000012
@00062115
000000a5
@00064115
000000cd
@00066115
000000f7
@00060116
00000012
@00062116
000000a5
@00064116
000000cd
@00066116
000000f7
@00060117
00000012
@00062117
000000a5
@00064117
000000cd
@00066117
000000f7
@00060118
00000012
@00062118
000000a5
@00064118
000000cd
@00066118
000000f7
@00060119
00000012
@00062119
000000a5
@00064119
000000cd
@00066119
000000f7
@0006011a
00000012
@0006211a
000000a5
@0006411a
000000cd
@0006611a
000000f7
@0006011b
00000012
@0006211b
000000a5
@0006411b
000000cd
@0006611b
000000f7
@0006011c
00000012
@0006211c
000000a5
@0006411c
000000cd
@0006611c
000000f7
@0006011d
00000012
@0006211d
000000a5
@0006411d
000000cd
@0006611d
000000f7
@0006011e
00000012
@0006211e
000000a5
@0006411e
000000cd
@0006611e
000000f7
@0006011f
00000012
@0006211f
000000a5
@0006411f
000000cd
@0006611f
000000f7
@00060120
00000012
@00062120
000000a5
@00064120
000000cd
@00066120
000000f7
@00060121
00000012
@00062121
000000a5
@00064121
000000cd
@00066121
000000f7
@00060122
00000012
@00062122
000000a5
@00064122
000000cd
@00066122
000000f7
@00060123
00000012
@00062123
000000a5
@00064123
000000cd
@00066123
000000f7
@00060124
00000012
@00062124
000000a5
@00064124
000000cd
@00066124
000000f7
@00060125
00000012
@00062125
000000a5
@00064125
000000cd
@00066125
000000f7
@00060126
00000012
@00062126
000000a5
@00064126
000000cd
@00066126
000000f7
@00060127
00000012
@00062127
000000a5
@00064127
000000cd
@00066127
000000f7
@00060128
00000012
@00062128
000000a5
@00064128
000000cd
@00066128
000000f7
@00060129
00000012
@00062129
000000a5
@00064129
000000cd
@00066129
000000f7
@0006012a
00000012
@0006212a
000000a5
@0006412a
000000cd
@0006612a
000000f7
@0006012b
00000012
@0006212b
000000a5
@0006412b
000000cd
@0006612b
000000f7
@0006012c
00000012
@0006212c
000000a5
@0006412c
000000cd
@0006612c
000000f7
@0006012d
00000012
@0006212d
000000a5
@0006412d
000000cd
@0006612d
000000f7
@0006012e
00000012
@0006212e
000000a5
@0006412e
000000cd
@0006612e
000000f7
@0006012f
00000012
@0006212f
000000a5
@0006412f
000000cd
@0006612f
000000f7
@00060130
00000012
@00062130
000000a5
@00064130
000000cd
@00066130
000000f7
@00060131
00000012
@00062131
000000a5
@00064131
000000cd
@00066131
000000f7
@00060132
00000012
@00062132
000000a5
@00064132
000000cd
@00066132
000000f7
@00060133
00000012
@00062133
000000a5
@00064133
000000cd
@00066133
000000f7
@00060134
00000012
@00062134
000000a5
@00064134
000000cd
@00066134
000000f7
@00060135
00000012
@00062135
000000a5
@00064135
000000cd
@00066135
000000f7
@00060136
00000012
@00062136
000000a5
@00064136
000000cd
@00066136
000000f7
@00060137
00000012
@00062137
000000a5
@00064137
000000cd
@00066137
000000f7
@00060138
00000012
@00062138
000000a5
@00064138
000000cd
@00066138
000000f7
@00060139
00000012
@00062139
000000a5
@00064139
000000cd
@00066139
000000f7
@0006013a
00000012
@0006213a
000000a5
@0006413a
000000cd
@0006613a
000000f7
@0006013b
00000012
@0006213b
000000a5
@0006413b
000000cd
@0006613b
000000f7
@0006013c
00000012
@0006213c
000000a5
@0006413c
000000cd
@0006613c
000000f7
@0006013d
00000012
@0006213d
000000a5
@0006413d
000000cd
@0006613d
000000f7
@0006013e
00000012
@0006213e
000000a5
@0006413e
000000cd
@0006613e
000000f7
@0006013f
00000012
@0006213f
000000a5
@0006413f
000000cd
@0006613f
000000f7
@00060140
00000012
@00062140
000000a5
@00064140
000000cd
@00066140
000000f7
@00060141
00000012
@00062141
000000a5
@00064141
000000cd
@00066141
000000f7
@00060142
00000012
@00062142
000000a5
@00064142
000000cd
@00066142
000000f7
@00060143
00000012
@00062143
000000a5
@00064143
000000cd
@00066143
000000f7
@00060144
00000012
@00062144
000000a5
@00064144
000000cd
@00066144
000000f7
@00060145
00000012
@00062145
000000a5
@00064145
000000cd
@00066145
000000f7
@00060146
00000012
@00062146
000000a5
@00064146
000000cd
@00066146
000000f7
@00060147
00000012
@00062147
000000a5
@00064147
000000cd
@00066147
000000f7
@00060148
00000012
@00062148
000000a5
@00064148
000000cd
@00066148
000000f7
@00060149
00000012
@00062149
000000a5
@00064149
000000cd
@00066149
000000f7
@0006014a
00000012
@0006214a
000000a5
@0006414a
000000cd
@0006614a
000000f7
@0006014b
00000012
@0006214b
000000a5
@0006414b
000000cd
@0006614b
000000f7
@0006014c
00000012
@0006214c
000000a5
@0006414c
000000cd
@0006614c
000000f7
@0006014d
00000012
@0006214d
000000a5
@0006414d
000000cd
@0006614d
000000f7
@0006014e
00000012
@0006214e
000000a5
@0006414e
000000cd
@0006614e
000000f7
@0006014f
00000012
@0006214f
000000a5
@0006414f
000000cd
@0006614f
000000f7
@00060150
00000012
@00062150
000000a5
@00064150
000000cd
@00066150
000000f7
@00060151
00000012
@00062151
000000a5
@00064151
000000cd
@00066151
000000f7
@00060152
00000012
@00062152
000000a5
@00064152
000000cd
@00066152
000000f7
@00060153
00000012
@00062153
000000a5
@00064153
000000cd
@00066153
000000f7
@00060154
00000012
@00062154
000000a5
@00064154
000000cd
@00066154
000000f7
@00060155
00000012
@00062155
000000a5
@00064155
000000cd
@00066155
000000f7
@00060156
00000012
@00062156
000000a5
@00064156
000000cd
@00066156
000000f7
@00060157
00000012
@00062157
000000a5
@00064157
000000cd
@00066157
000000f7
@00060158
00000012
@00062158
000000a5
@00064158
000000cd
@00066158
000000f7
@00060159
00000012
@00062159
000000a5
@00064159
000000cd
@00066159
000000f7
@0006015a
00000012
@0006215a
000000a5
@0006415a
000000cd
@0006615a
000000f7
@0006015b
00000012
@0006215b
000000a5
@0006415b
000000cd
@0006615b
000000f7
@0006015c
00000012
@0006215c
000000a5
@0006415c
000000cd
@0006615c
000000f7
@0006015d
00000012
@0006215d
000000a5
@0006415d
000000cd
@0006615d
000000f7
@0006015e
00000012
@0006215e
000000a5
@0006415e
000000cd
@0006615e
000000f7
@0006015f
00000012
@0006215f
000000a5
@0006415f
000000cd
@0006615f
000000f7
@00060160
00000012
@00062160
000000a5
@00064160
000000cd
@00066160
000000f7
@00060161
00000012
@00062161
000000a5
@00064161
000000cd
@00066161
000000f7
@00060162
00000012
@00062162
000000a5
@00064162
000000cd
@00066162
000000f7
@00060163
00000012
@00062163
000000a5
@00064163
000000cd
@00066163
000000f7
@00060164
00000012
@00062164
000000a5
@00064164
000000cd
@00066164
000000f7
@00060165
00000012
@00062165
000000a5
@00064165
000000cd
@00066165
000000f7
@00060166
00000012
@00062166
000000a5
@00064166
000000cd
@00066166
000000f7
@00060167
00000012
@00062167
000000a5
@00064167
000000cd
@00066167
000000f7
@00060168
00000012
@00062168
000000a5
@00064168
000000cd
@00066168
000000f7
@00060169
00000012
@00062169
000000a5
@00064169
000000cd
@00066169
000000f7
@0006016a
00000012
@0006216a
000000a5
@0006416a
000000cd
@0006616a
000000f7
@0006016b
00000012
@0006216b
000000a5
@0006416b
000000cd
@0006616b
000000f7
@0006016c
00000012
@0006216c
000000a5
@0006416c
000000cd
@0006616c
000000f7
@0006016d
00000012
@0006216d
000000a5
@0006416d
000000cd
@0006616d
000000f7
@0006016e
00000012
@0006216e
000000a5
@0006416e
000000cd
@0006616e
000000f7
@0006016f
00000012
@0006216f
000000a5
@0006416f
000000cd
@0006616f
000000f7
@00060170
00000012
@00062170
000000a5
@00064170
000000cd
@00066170
000000f7
@00060171
00000012
@00062171
000000a5
@00064171
000000cd
@00066171
000000f7
@00060172
00000012
@00062172
000000a5
@00064172
000000cd
@00066172
000000f7
@00060173
00000012
@00062173
000000a5
@00064173
000000cd
@00066173
000000f7
@00060174
00000012
@00062174
000000a5
@00064174
000000cd
@00066174
000000f7
@00060175
00000012
@00062175
000000a5
@00064175
000000cd
@00066175
000000f7
@00060176
00000012
@00062176
000000a5
@00064176
000000cd
@00066176
000000f7
@00060177
00000012
@00062177
000000a5
@00064177
000000cd
@00066177
000000f7
@00060178
00000012
@00062178
000000a5
@00064178
000000cd
@00066178
000000f7
@00060179
00000012
@00062179
000000a5
@00064179
000000cd
@00066179
000000f7
@0006017a
00000012
@0006217a
000000a5
@0006417a
000000cd
@0006617a
000000f7
@0006017b
00000012
@0006217b
000000a5
@0006417b
000000cd
@0006617b
000000f7
@0006017c
00000012
@0006217c
000000a5
@0006417c
000000cd
@0006617c
000000f7
@0006017d
00000012
@0006217d
000000a5
@0006417d
000000cd
@0006617d
000000f7
@0006017e
00000012
@0006217e
000000a5
@0006417e
000000cd
@0006617e
000000f7
@0006017f
00000012
@0006217f
000000a5
@0006417f
000000cd
@0006617f
000000f7
@00060180
00000012
@00062180
000000a5
@00064180
000000cd
@00066180
000000f7
@00060181
00000012
@00062181
000000a5
@00064181
000000cd
@00066181
000000f7
@00060182
00000012
@00062182
000000a5
@00064182
000000cd
@00066182
000000f7
@00060183
00000012
@00062183
000000a5
@00064183
000000cd
@00066183
000000f7
@00060184
00000012
@00062184
000000a5
@00064184
000000cd
@00066184
000000f7
@00060185
00000012
@00062185
000000a5
@00064185
000000cd
@00066185
000000f7
@00060186
00000012
@00062186
000000a5
@00064186
000000cd
@00066186
000000f7
@00060187
00000012
@00062187
000000a5
@00064187
000000cd
@00066187
000000f7
@00060188
00000012
@00062188
000000a5
@00064188
000000cd
@00066188
000000f7
@00060189
00000012
@00062189
000000a5
@00064189
000000cd
@00066189
000000f7
@0006018a
00000012
@0006218a
000000a5
@0006418a
000000cd
@0006618a
000000f7
@0006018b
00000012
@0006218b
000000a5
@0006418b
000000cd
@0006618b
000000f7
@0006018c
00000012
@0006218c
000000a5
@0006418c
000000cd
@0006618c
000000f7
@0006018d
00000012
@0006218d
000000a5
@0006418d
000000cd
@0006618d
000000f7
@0006018e
00000012
@0006218e
000000a5
@0006418e
000000cd
@0006618e
000000f7
@0006018f
00000012
@0006218f
000000a5
@0006418f
000000cd
@0006618f
000000f7
@00060190
00000012
@00062190
000000a5
@00064190
000000cd
@00066190
000000f7
@00060191
00000012
@00062191
000000a5
@00064191
000000cd
@00066191
000000f7
@00060192
00000012
@00062192
000000a5
@00064192
000000cd
@00066192
000000f7
@00060193
00000012
@00062193
000000a5
@00064193
000000cd
@00066193
000000f7
@00060194
00000012
@00062194
000000a5
@00064194
000000cd
@00066194
000000f7
@00060195
00000012
@00062195
000000a5
@00064195
000000cd
@00066195
000000f7
@00060196
00000012
@00062196
000000a5
@00064196
000000cd
@00066196
000000f7
@00060197
00000012
@00062197
000000a5
@00064197
000000cd
@00066197
000000f7
@00060198
00000012
@00062198
000000a5
@00064198
000000cd
@00066198
000000f7
@00060199
00000012
@00062199
000000a5
@00064199
000000cd
@00066199
000000f7
@0006019a
00000012
@0006219a
000000a5
@0006419a
000000cd
@0006619a
000000f7
@0006019b
00000012
@0006219b
000000a5
@0006419b
000000cd
@0006619b
000000f7
@0006019c
00000012
@0006219c
000000a5
@0006419c
000000cd
@0006619c
000000f7
@0006019d
00000012
@0006219d
000000a5
@0006419d
000000cd
@0006619d
000000f7
@0006019e
00000012
@0006219e
000000a5
@0006419e
000000cd
@0006619e
000000f7
@0006019f
00000012
@0006219f
000000a5
@0006419f
000000cd
@0006619f
000000f7
@000601a0
00000012
@000621a0
000000a5
@000641a0
000000cd
@000661a0
000000f7
@000601a1
00000012
@000621a1
000000a5
@000641a1
000000cd
@000661a1
000000f7
@000601a2
00000012
@000621a2
000000a5
@000641a2
000000cd
@000661a2
000000f7
@000601a3
00000012
@000621a3
000000a5
@000641a3
000000cd
@000661a3
000000f7
@000601a4
00000012
@000621a4
000000a5
@000641a4
000000cd
@000661a4
000000f7
@000601a5
00000012
@000621a5
000000a5
@000641a5
000000cd
@000661a5
000000f7
@000601a6
00000012
@000621a6
000000a5
@000641a6
000000cd
@000661a6
000000f7
@000601a7
00000012
@000621a7
000000a5
@000641a7
000000cd
@000661a7
000000f7
@000601a8
00000012
@000621a8
000000a5
@000641a8
000000cd
@000661a8
000000f7
@000601a9
00000012
@000621a9
000000a5
@000641a9
000000cd
@000661a9
000000f7
@000601aa
00000012
@000621aa
000000a5
@000641aa
000000cd
@000661aa
000000f7
@000601ab
00000012
@000621ab
000000a5
@000641ab
000000cd
@000661ab
000000f7
@000601ac
00000012
@000621ac
000000a5
@000641ac
000000cd
@000661ac
000000f7
@000601ad
00000012
@000621ad
000000a5
@000641ad
000000cd
@000661ad
000000f7
@000601ae
00000012
@000621ae
000000a5
@000641ae
000000cd
@000661ae
000000f7
@000601af
00000012
@000621af
000000a5
@000641af
000000cd
@000661af
000000f7
@000601b0
00000012
@000621b0
000000a5
@000641b0
000000cd
@000661b0
000000f7
@000601b1
00000012
@000621b1
000000a5
@000641b1
000000cd
@000661b1
000000f7
@000601b2
00000012
@000621b2
000000a5
@000641b2
000000cd
@000661b2
000000f7
@000601b3
00000012
@000621b3
000000a5
@000641b3
000000cd
@000661b3
000000f7
@000601b4
00000012
@000621b4
000000a5
@000641b4
000000cd
@000661b4
000000f7
@000601b5
00000012
@000621b5
000000a5
@000641b5
000000cd
@000661b5
000000f7
@000601b6
00000012
@000621b6
000000a5
@000641b6
000000cd
@000661b6
000000f7
@000601b7
00000012
@000621b7
000000a5
@000641b7
000000cd
@000661b7
000000f7
@000601b8
00000012
@000621b8
000000a5
@000641b8
000000cd
@000661b8
000000f7
@000601b9
00000012
@000621b9
000000a5
@000641b9
000000cd
@000661b9
000000f7
@000601ba
00000012
@000621ba
000000a5
@000641ba
000000cd
@000661ba
000000f7
@000601bb
00000012
@000621bb
000000a5
@000641bb
000000cd
@000661bb
000000f7
@000601bc
00000012
@000621bc
000000a5
@000641bc
000000cd
@000661bc
000000f7
@000601bd
00000012
@000621bd
000000a5
@000641bd
000000cd
@000661bd
000000f7
@000601be
00000012
@000621be
000000a5
@000641be
000000cd
@000661be
000000f7
@000601bf
00000012
@000621bf
000000a5
@000641bf
000000cd
@000661bf
000000f7
@000601c0
00000012
@000621c0
000000a5
@000641c0
000000cd
@000661c0
000000f7
@000601c1
00000012
@000621c1
000000a5
@000641c1
000000cd
@000661c1
000000f7
@000601c2
00000012
@000621c2
000000a5
@000641c2
000000cd
@000661c2
000000f7
@000601c3
00000012
@000621c3
000000a5
@000641c3
000000cd
@000661c3
000000f7
@000601c4
00000012
@000621c4
000000a5
@000641c4
000000cd
@000661c4
000000f7
@000601c5
00000012
@000621c5
000000a5
@000641c5
000000cd
@000661c5
000000f7
@000601c6
00000012
@000621c6
000000a5
@000641c6
000000cd
@000661c6
000000f7
@000601c7
00000012
@000621c7
000000a5
@000641c7
000000cd
@000661c7
000000f7
@000601c8
00000012
@000621c8
000000a5
@000641c8
000000cd
@000661c8
000000f7
@000601c9
00000012
@000621c9
000000a5
@000641c9
000000cd
@000661c9
000000f7
@000601ca
00000012
@000621ca
000000a5
@000641ca
000000cd
@000661ca
000000f7
@000601cb
00000012
@000621cb
000000a5
@000641cb
000000cd
@000661cb
000000f7
@000601cc
00000012
@000621cc
000000a5
@000641cc
000000cd
@000661cc
000000f7
@000601cd
00000012
@000621cd
000000a5
@000641cd
000000cd
@000661cd
000000f7
@000601ce
00000012
@000621ce
000000a5
@000641ce
000000cd
@000661ce
000000f7
@000601cf
00000012
@000621cf
000000a5
@000641cf
000000cd
@000661cf
000000f7
@000601d0
00000012
@000621d0
000000a5
@000641d0
000000cd
@000661d0
000000f7
@000601d1
00000012
@000621d1
000000a5
@000641d1
000000cd
@000661d1
000000f7
@000601d2
00000012
@000621d2
000000a5
@000641d2
000000cd
@000661d2
000000f7
@000601d3
00000012
@000621d3
000000a5
@000641d3
000000cd
@000661d3
000000f7
@000601d4
00000012
@000621d4
000000a5
@000641d4
000000cd
@000661d4
000000f7
@000601d5
00000012
@000621d5
000000a5
@000641d5
000000cd
@000661d5
000000f7
@000601d6
00000012
@000621d6
000000a5
@000641d6
000000cd
@000661d6
000000f7
@000601d7
00000012
@000621d7
000000a5
@000641d7
000000cd
@000661d7
000000f7
@000601d8
00000012
@000621d8
000000a5
@000641d8
000000cd
@000661d8
000000f7
@000601d9
00000012
@000621d9
000000a5
@000641d9
000000cd
@000661d9
000000f7
@000601da
00000012
@000621da
000000a5
@000641da
000000cd
@000661da
000000f7
@000601db
00000012
@000621db
000000a5
@000641db
000000cd
@000661db
000000f7
@000601dc
00000012
@000621dc
000000a5
@000641dc
000000cd
@000661dc
000000f7
@000601dd
00000012
@000621dd
000000a5
@000641dd
000000cd
@000661dd
000000f7
@000601de
00000012
@000621de
000000a5
@000641de
000000cd
@000661de
000000f7
@000601df
00000012
@000621df
000000a5
@000641df
000000cd
@000661df
000000f7
@000601e0
00000012
@000621e0
000000a5
@000641e0
000000cd
@000661e0
000000f7
@000601e1
00000012
@000621e1
000000a5
@000641e1
000000cd
@000661e1
000000f7
@000601e2
00000012
@000621e2
000000a5
@000641e2
000000cd
@000661e2
000000f7
@000601e3
00000012
@000621e3
000000a5
@000641e3
000000cd
@000661e3
000000f7
@000601e4
00000012
@000621e4
000000a5
@000641e4
000000cd
@000661e4
000000f7
@000601e5
00000012
@000621e5
000000a5
@000641e5
000000cd
@000661e5
000000f7
@000601e6
00000012
@000621e6
000000a5
@000641e6
000000cd
@000661e6
000000f7
@000601e7
00000012
@000621e7
000000a5
@000641e7
000000cd
@000661e7
000000f7
@000601e8
00000012
@000621e8
000000a5
@000641e8
000000cd
@000661e8
000000f7
@000601e9
00000012
@000621e9
000000a5
@000641e9
000000cd
@000661e9
000000f7
@000601ea
00000012
@000621ea
000000a5
@000641ea
000000cd
@000661ea
000000f7
@000601eb
00000012
@000621eb
000000a5
@000641eb
000000cd
@000661eb
000000f7
@000601ec
00000012
@000621ec
000000a5
@000641ec
000000cd
@000661ec
000000f7
@000601ed
00000012
@000621ed
000000a5
@000641ed
000000cd
@000661ed
000000f7
@000601ee
00000012
@000621ee
000000a5
@000641ee
000000cd
@000661ee
000000f7
@000601ef
00000012
@000621ef
000000a5
@000641ef
000000cd
@000661ef
000000f7
@000601f0
00000012
@000621f0
000000a5
@000641f0
000000cd
@000661f0
000000f7
@000601f1
00000012
@000621f1
000000a5
@000641f1
000000cd
@000661f1
000000f7
@000601f2
00000012
@000621f2
000000a5
@000641f2
000000cd
@000661f2
000000f7
@000601f3
00000012
@000621f3
000000a5
@000641f3
000000cd
@000661f3
000000f7
@000601f4
00000012
@000621f4
000000a5
@000641f4
000000cd
@000661f4
000000f7
@000601f5
00000012
@000621f5
000000a5
@000641f5
000000cd
@000661f5
000000f7
@000601f6
00000012
@000621f6
000000a5
@000641f6
000000cd
@000661f6
000000f7
@000601f7
00000012
@000621f7
000000a5
@000641f7
000000cd
@000661f7
000000f7
@000601f8
00000012
@000621f8
000000a5
@000641f8
000000cd
@000661f8
000000f7
@000601f9
00000012
@000621f9
000000a5
@000641f9
000000cd
@000661f9
000000f7
@000601fa
00000012
@000621fa
000000a5
@000641fa
000000cd
@000661fa
000000f7
@000601fb
00000012
@000621fb
000000a5
@000641fb
000000cd
@000661fb
000000f7
@000601fc
00000012
@000621fc
000000a5
@000641fc
000000cd
@000661fc
000000f7
@000601fd
00000012
@000621fd
000000a5
@000641fd
000000cd
@000661fd
000000f7
@000601fe
00000012
@000621fe
000000a5
@000641fe
000000cd
@000661fe
000000f7
@000601ff
00000012
@000621ff
000000a5
@000641ff
000000cd
@000661ff
000000f7
@00060200
00000012
@00062200
000000a5
@00064200
000000cd
@00066200
000000f7
@00060201
00000012
@00062201
000000a5
@00064201
000000cd
@00066201
000000f7
@00060202
00000012
@00062202
000000a5
@00064202
000000cd
@00066202
000000f7
@00060203
00000012
@00062203
000000a5
@00064203
000000cd
@00066203
000000f7
@00060204
00000012
@00062204
000000a5
@00064204
000000cd
@00066204
000000f7
@00060205
00000012
@00062205
000000a5
@00064205
000000cd
@00066205
000000f7
@00060206
00000012
@00062206
000000a5
@00064206
000000cd
@00066206
000000f7
@00060207
00000012
@00062207
000000a5
@00064207
000000cd
@00066207
000000f7
@00060208
00000012
@00062208
000000a5
@00064208
000000cd
@00066208
000000f7
@00060209
00000012
@00062209
000000a5
@00064209
000000cd
@00066209
000000f7
@0006020a
00000012
@0006220a
000000a5
@0006420a
000000cd
@0006620a
000000f7
@0006020b
00000012
@0006220b
000000a5
@0006420b
000000cd
@0006620b
000000f7
@0006020c
00000012
@0006220c
000000a5
@0006420c
000000cd
@0006620c
000000f7
@0006020d
00000012
@0006220d
000000a5
@0006420d
000000cd
@0006620d
000000f7
@0006020e
00000012
@0006220e
000000a5
@0006420e
000000cd
@0006620e
000000f7
@0006020f
00000012
@0006220f
000000a5
@0006420f
000000cd
@0006620f
000000f7
@00060210
00000012
@00062210
000000a5
@00064210
000000cd
@00066210
000000f7
@00060211
00000012
@00062211
000000a5
@00064211
000000cd
@00066211
000000f7
@00060212
00000012
@00062212
000000a5
@00064212
000000cd
@00066212
000000f7
@00060213
00000012
@00062213
000000a5
@00064213
000000cd
@00066213
000000f7
@00060214
00000012
@00062214
000000a5
@00064214
000000cd
@00066214
000000f7
@00060215
00000012
@00062215
000000a5
@00064215
000000cd
@00066215
000000f7
@00060216
00000012
@00062216
000000a5
@00064216
000000cd
@00066216
000000f7
@00060217
00000012
@00062217
000000a5
@00064217
000000cd
@00066217
000000f7
@00060218
00000012
@00062218
000000a5
@00064218
000000cd
@00066218
000000f7
@00060219
00000012
@00062219
000000a5
@00064219
000000cd
@00066219
000000f7
@0006021a
00000012
@0006221a
000000a5
@0006421a
000000cd
@0006621a
000000f7
@0006021b
00000012
@0006221b
000000a5
@0006421b
000000cd
@0006621b
000000f7
@0006021c
00000012
@0006221c
000000a5
@0006421c
000000cd
@0006621c
000000f7
@0006021d
00000012
@0006221d
000000a5
@0006421d
000000cd
@0006621d
000000f7
@0006021e
00000012
@0006221e
000000a5
@0006421e
000000cd
@0006621e
000000f7
@0006021f
00000012
@0006221f
000000a5
@0006421f
000000cd
@0006621f
000000f7
@00060220
00000012
@00062220
000000a5
@00064220
000000cd
@00066220
000000f7
@00060221
00000012
@00062221
000000a5
@00064221
000000cd
@00066221
000000f7
@00060222
00000012
@00062222
000000a5
@00064222
000000cd
@00066222
000000f7
@00060223
00000012
@00062223
000000a5
@00064223
000000cd
@00066223
000000f7
@00060224
00000012
@00062224
000000a5
@00064224
000000cd
@00066224
000000f7
@00060225
00000012
@00062225
000000a5
@00064225
000000cd
@00066225
000000f7
@00060226
00000012
@00062226
000000a5
@00064226
000000cd
@00066226
000000f7
@00060227
00000012
@00062227
000000a5
@00064227
000000cd
@00066227
000000f7
@00060228
00000012
@00062228
000000a5
@00064228
000000cd
@00066228
000000f7
@00060229
00000012
@00062229
000000a5
@00064229
000000cd
@00066229
000000f7
@0006022a
00000012
@0006222a
000000a5
@0006422a
000000cd
@0006622a
000000f7
@0006022b
00000012
@0006222b
000000a5
@0006422b
000000cd
@0006622b
000000f7
@0006022c
00000012
@0006222c
000000a5
@0006422c
000000cd
@0006622c
000000f7
@0006022d
00000012
@0006222d
000000a5
@0006422d
000000cd
@0006622d
000000f7
@0006022e
00000012
@0006222e
000000a5
@0006422e
000000cd
@0006622e
000000f7
@0006022f
00000012
@0006222f
000000a5
@0006422f
000000cd
@0006622f
000000f7
@00060230
00000012
@00062230
000000a5
@00064230
000000cd
@00066230
000000f7
@00060231
00000012
@00062231
000000a5
@00064231
000000cd
@00066231
000000f7
@00060232
00000012
@00062232
000000a5
@00064232
000000cd
@00066232
000000f7
@00060233
00000012
@00062233
000000a5
@00064233
000000cd
@00066233
000000f7
@00060234
00000012
@00062234
000000a5
@00064234
000000cd
@00066234
000000f7
@00060235
00000012
@00062235
000000a5
@00064235
000000cd
@00066235
000000f7
@00060236
00000012
@00062236
000000a5
@00064236
000000cd
@00066236
000000f7
@00060237
00000012
@00062237
000000a5
@00064237
000000cd
@00066237
000000f7
@00060238
00000012
@00062238
000000a5
@00064238
000000cd
@00066238
000000f7
@00060239
00000012
@00062239
000000a5
@00064239
000000cd
@00066239
000000f7
@0006023a
00000012
@0006223a
000000a5
@0006423a
000000cd
@0006623a
000000f7
@0006023b
00000012
@0006223b
000000a5
@0006423b
000000cd
@0006623b
000000f7
@0006023c
00000012
@0006223c
000000a5
@0006423c
000000cd
@0006623c
000000f7
@0006023d
00000012
@0006223d
000000a5
@0006423d
000000cd
@0006623d
000000f7
@0006023e
00000012
@0006223e
000000a5
@0006423e
000000cd
@0006623e
000000f7
@0006023f
00000012
@0006223f
000000a5
@0006423f
000000cd
@0006623f
000000f7
@00060240
00000012
@00062240
000000a5
@00064240
000000cd
@00066240
000000f7
@00060241
00000012
@00062241
000000a5
@00064241
000000cd
@00066241
000000f7
@00060242
00000012
@00062242
000000a5
@00064242
000000cd
@00066242
000000f7
@00060243
00000012
@00062243
000000a5
@00064243
000000cd
@00066243
000000f7
@00060244
00000012
@00062244
000000a5
@00064244
000000cd
@00066244
000000f7
@00060245
00000012
@00062245
000000a5
@00064245
000000cd
@00066245
000000f7
@00060246
00000012
@00062246
000000a5
@00064246
000000cd
@00066246
000000f7
@00060247
00000012
@00062247
000000a5
@00064247
000000cd
@00066247
000000f7
@00060248
00000012
@00062248
000000a5
@00064248
000000cd
@00066248
000000f7
@00060249
00000012
@00062249
000000a5
@00064249
000000cd
@00066249
000000f7
@0006024a
00000012
@0006224a
000000a5
@0006424a
000000cd
@0006624a
000000f7
@0006024b
00000012
@0006224b
000000a5
@0006424b
000000cd
@0006624b
000000f7
@0006024c
00000012
@0006224c
000000a5
@0006424c
000000cd
@0006624c
000000f7
@0006024d
00000012
@0006224d
000000a5
@0006424d
000000cd
@0006624d
000000f7
@0006024e
00000012
@0006224e
000000a5
@0006424e
000000cd
@0006624e
000000f7
@0006024f
00000012
@0006224f
000000a5
@0006424f
000000cd
@0006624f
000000f7
@00060250
00000012
@00062250
000000a5
@00064250
000000cd
@00066250
000000f7
@00060251
00000012
@00062251
000000a5
@00064251
000000cd
@00066251
000000f7
@00060252
00000012
@00062252
000000a5
@00064252
000000cd
@00066252
000000f7
@00060253
00000012
@00062253
000000a5
@00064253
000000cd
@00066253
000000f7
@00060254
00000012
@00062254
000000a5
@00064254
000000cd
@00066254
000000f7
@00060255
00000012
@00062255
000000a5
@00064255
000000cd
@00066255
000000f7
@00060256
00000012
@00062256
000000a5
@00064256
000000cd
@00066256
000000f7
@00060257
00000012
@00062257
000000a5
@00064257
000000cd
@00066257
000000f7
@00060258
00000012
@00062258
000000a5
@00064258
000000cd
@00066258
000000f7
@00060259
00000012
@00062259
000000a5
@00064259
000000cd
@00066259
000000f7
@0006025a
00000012
@0006225a
000000a5
@0006425a
000000cd
@0006625a
000000f7
@0006025b
00000012
@0006225b
000000a5
@0006425b
000000cd
@0006625b
000000f7
@0006025c
00000012
@0006225c
000000a5
@0006425c
000000cd
@0006625c
000000f7
@0006025d
00000012
@0006225d
000000a5
@0006425d
000000cd
@0006625d
000000f7
@0006025e
00000012
@0006225e
000000a5
@0006425e
000000cd
@0006625e
000000f7
@0006025f
00000012
@0006225f
000000a5
@0006425f
000000cd
@0006625f
000000f7
@00060260
00000012
@00062260
000000a5
@00064260
000000cd
@00066260
000000f7
@00060261
00000012
@00062261
000000a5
@00064261
000000cd
@00066261
000000f7
@00060262
00000012
@00062262
000000a5
@00064262
000000cd
@00066262
000000f7
@00060263
00000012
@00062263
000000a5
@00064263
000000cd
@00066263
000000f7
@00060264
00000012
@00062264
000000a5
@00064264
000000cd
@00066264
000000f7
@00060265
00000012
@00062265
000000a5
@00064265
000000cd
@00066265
000000f7
@00060266
00000012
@00062266
000000a5
@00064266
000000cd
@00066266
000000f7
@00060267
00000012
@00062267
000000a5
@00064267
000000cd
@00066267
000000f7
@00060268
00000012
@00062268
000000a5
@00064268
000000cd
@00066268
000000f7
@00060269
00000012
@00062269
000000a5
@00064269
000000cd
@00066269
000000f7
@0006026a
00000012
@0006226a
000000a5
@0006426a
000000cd
@0006626a
000000f7
@0006026b
00000012
@0006226b
000000a5
@0006426b
000000cd
@0006626b
000000f7
@0006026c
00000012
@0006226c
000000a5
@0006426c
000000cd
@0006626c
000000f7
@0006026d
00000012
@0006226d
000000a5
@0006426d
000000cd
@0006626d
000000f7
@0006026e
00000012
@0006226e
000000a5
@0006426e
000000cd
@0006626e
000000f7
@0006026f
00000012
@0006226f
000000a5
@0006426f
000000cd
@0006626f
000000f7
@00060270
00000012
@00062270
000000a5
@00064270
000000cd
@00066270
000000f7
@00060271
00000012
@00062271
000000a5
@00064271
000000cd
@00066271
000000f7
@00060272
00000012
@00062272
000000a5
@00064272
000000cd
@00066272
000000f7
@00060273
00000012
@00062273
000000a5
@00064273
000000cd
@00066273
000000f7
@00060274
00000012
@00062274
000000a5
@00064274
000000cd
@00066274
000000f7
@00060275
00000012
@00062275
000000a5
@00064275
000000cd
@00066275
000000f7
@00060276
00000012
@00062276
000000a5
@00064276
000000cd
@00066276
000000f7
@00060277
00000012
@00062277
000000a5
@00064277
000000cd
@00066277
000000f7
@00060278
00000012
@00062278
000000a5
@00064278
000000cd
@00066278
000000f7
@00060279
00000012
@00062279
000000a5
@00064279
000000cd
@00066279
000000f7
@0006027a
00000012
@0006227a
000000a5
@0006427a
000000cd
@0006627a
000000f7
@0006027b
00000012
@0006227b
000000a5
@0006427b
000000cd
@0006627b
000000f7
@0006027c
00000012
@0006227c
000000a5
@0006427c
000000cd
@0006627c
000000f7
@0006027d
00000012
@0006227d
000000a5
@0006427d
000000cd
@0006627d
000000f7
@0006027e
00000012
@0006227e
000000a5
@0006427e
000000cd
@0006627e
000000f7
@0006027f
00000012
@0006227f
000000a5
@0006427f
000000cd
@0006627f
000000f7
@00060280
00000012
@00062280
000000a5
@00064280
000000cd
@00066280
000000f7
@00060281
00000012
@00062281
000000a5
@00064281
000000cd
@00066281
000000f7
@00060282
00000012
@00062282
000000a5
@00064282
000000cd
@00066282
000000f7
@00060283
00000012
@00062283
000000a5
@00064283
000000cd
@00066283
000000f7
@00060284
00000012
@00062284
000000a5
@00064284
000000cd
@00066284
000000f7
@00060285
00000012
@00062285
000000a5
@00064285
000000cd
@00066285
000000f7
@00060286
00000012
@00062286
000000a5
@00064286
000000cd
@00066286
000000f7
@00060287
00000012
@00062287
000000a5
@00064287
000000cd
@00066287
000000f7
@00060288
00000012
@00062288
000000a5
@00064288
000000cd
@00066288
000000f7
@00060289
00000012
@00062289
000000a5
@00064289
000000cd
@00066289
000000f7
@0006028a
00000012
@0006228a
000000a5
@0006428a
000000cd
@0006628a
000000f7
@0006028b
00000012
@0006228b
000000a5
@0006428b
000000cd
@0006628b
000000f7
@0006028c
00000012
@0006228c
000000a5
@0006428c
000000cd
@0006628c
000000f7
@0006028d
00000012
@0006228d
000000a5
@0006428d
000000cd
@0006628d
000000f7
@0006028e
00000012
@0006228e
000000a5
@0006428e
000000cd
@0006628e
000000f7
@0006028f
00000012
@0006228f
000000a5
@0006428f
000000cd
@0006628f
000000f7
@00060290
00000012
@00062290
000000a5
@00064290
000000cd
@00066290
000000f7
@00060291
00000012
@00062291
000000a5
@00064291
000000cd
@00066291
000000f7
@00060292
00000012
@00062292
000000a5
@00064292
000000cd
@00066292
000000f7
@00060293
00000012
@00062293
000000a5
@00064293
000000cd
@00066293
000000f7
@00060294
00000012
@00062294
000000a5
@00064294
000000cd
@00066294
000000f7
@00060295
00000012
@00062295
000000a5
@00064295
000000cd
@00066295
000000f7
@00060296
00000012
@00062296
000000a5
@00064296
000000cd
@00066296
000000f7
@00060297
00000012
@00062297
000000a5
@00064297
000000cd
@00066297
000000f7
@00060298
00000012
@00062298
000000a5
@00064298
000000cd
@00066298
000000f7
@00060299
00000012
@00062299
000000a5
@00064299
000000cd
@00066299
000000f7
@0006029a
00000012
@0006229a
000000a5
@0006429a
000000cd
@0006629a
000000f7
@0006029b
00000012
@0006229b
000000a5
@0006429b
000000cd
@0006629b
000000f7
@0006029c
00000012
@0006229c
000000a5
@0006429c
000000cd
@0006629c
000000f7
@0006029d
00000012
@0006229d
000000a5
@0006429d
000000cd
@0006629d
000000f7
@0006029e
00000012
@0006229e
000000a5
@0006429e
000000cd
@0006629e
000000f7
@0006029f
00000012
@0006229f
000000a5
@0006429f
000000cd
@0006629f
000000f7
@000602a0
00000012
@000622a0
000000a5
@000642a0
000000cd
@000662a0
000000f7
@000602a1
00000012
@000622a1
000000a5
@000642a1
000000cd
@000662a1
000000f7
@000602a2
00000012
@000622a2
000000a5
@000642a2
000000cd
@000662a2
000000f7
@000602a3
00000012
@000622a3
000000a5
@000642a3
000000cd
@000662a3
000000f7
@000602a4
00000012
@000622a4
000000a5
@000642a4
000000cd
@000662a4
000000f7
@000602a5
00000012
@000622a5
000000a5
@000642a5
000000cd
@000662a5
000000f7
@000602a6
00000012
@000622a6
000000a5
@000642a6
000000cd
@000662a6
000000f7
@000602a7
00000012
@000622a7
000000a5
@000642a7
000000cd
@000662a7
000000f7
@000602a8
00000012
@000622a8
000000a5
@000642a8
000000cd
@000662a8
000000f7
@000602a9
00000012
@000622a9
000000a5
@000642a9
000000cd
@000662a9
000000f7
@000602aa
00000012
@000622aa
000000a5
@000642aa
000000cd
@000662aa
000000f7
@000602ab
00000012
@000622ab
000000a5
@000642ab
000000cd
@000662ab
000000f7
@000602ac
00000012
@000622ac
000000a5
@000642ac
000000cd
@000662ac
000000f7
@000602ad
00000012
@000622ad
000000a5
@000642ad
000000cd
@000662ad
000000f7
@000602ae
00000012
@000622ae
000000a5
@000642ae
000000cd
@000662ae
000000f7
@000602af
00000012
@000622af
000000a5
@000642af
000000cd
@000662af
000000f7
@000602b0
00000012
@000622b0
000000a5
@000642b0
000000cd
@000662b0
000000f7
@000602b1
00000012
@000622b1
000000a5
@000642b1
000000cd
@000662b1
000000f7
@000602b2
00000012
@000622b2
000000a5
@000642b2
000000cd
@000662b2
000000f7
@000602b3
00000012
@000622b3
000000a5
@000642b3
000000cd
@000662b3
000000f7
@000602b4
00000012
@000622b4
000000a5
@000642b4
000000cd
@000662b4
000000f7
@000602b5
00000012
@000622b5
000000a5
@000642b5
000000cd
@000662b5
000000f7
@000602b6
00000012
@000622b6
000000a5
@000642b6
000000cd
@000662b6
000000f7
@000602b7
00000012
@000622b7
000000a5
@000642b7
000000cd
@000662b7
000000f7
@000602b8
00000012
@000622b8
000000a5
@000642b8
000000cd
@000662b8
000000f7
@000602b9
00000012
@000622b9
000000a5
@000642b9
000000cd
@000662b9
000000f7
@000602ba
00000012
@000622ba
000000a5
@000642ba
000000cd
@000662ba
000000f7
@000602bb
00000012
@000622bb
000000a5
@000642bb
000000cd
@000662bb
000000f7
@000602bc
00000012
@000622bc
000000a5
@000642bc
000000cd
@000662bc
000000f7
@000602bd
00000012
@000622bd
000000a5
@000642bd
000000cd
@000662bd
000000f7
@000602be
00000012
@000622be
000000a5
@000642be
000000cd
@000662be
000000f7
@000602bf
00000012
@000622bf
000000a5
@000642bf
000000cd
@000662bf
000000f7
@000602c0
00000012
@000622c0
000000a5
@000642c0
000000cd
@000662c0
000000f7
@000602c1
00000012
@000622c1
000000a5
@000642c1
000000cd
@000662c1
000000f7
@000602c2
00000012
@000622c2
000000a5
@000642c2
000000cd
@000662c2
000000f7
@000602c3
00000012
@000622c3
000000a5
@000642c3
000000cd
@000662c3
000000f7
@000602c4
00000012
@000622c4
000000a5
@000642c4
000000cd
@000662c4
000000f7
@000602c5
00000012
@000622c5
000000a5
@000642c5
000000cd
@000662c5
000000f7
@000602c6
00000012
@000622c6
000000a5
@000642c6
000000cd
@000662c6
000000f7
@000602c7
00000012
@000622c7
000000a5
@000642c7
000000cd
@000662c7
000000f7
@000602c8
00000012
@000622c8
000000a5
@000642c8
000000cd
@000662c8
000000f7
@000602c9
00000012
@000622c9
000000a5
@000642c9
000000cd
@000662c9
000000f7
@000602ca
00000012
@000622ca
000000a5
@000642ca
000000cd
@000662ca
000000f7
@000602cb
00000012
@000622cb
000000a5
@000642cb
000000cd
@000662cb
000000f7
@000602cc
00000012
@000622cc
000000a5
@000642cc
000000cd
@000662cc
000000f7
@000602cd
00000012
@000622cd
000000a5
@000642cd
000000cd
@000662cd
000000f7
@000602ce
00000012
@000622ce
000000a5
@000642ce
000000cd
@000662ce
000000f7
@000602cf
00000012
@000622cf
000000a5
@000642cf
000000cd
@000662cf
000000f7
@000602d0
00000012
@000622d0
000000a5
@000642d0
000000cd
@000662d0
000000f7
@000602d1
00000012
@000622d1
000000a5
@000642d1
000000cd
@000662d1
000000f7
@000602d2
00000012
@000622d2
000000a5
@000642d2
000000cd
@000662d2
000000f7
@000602d3
00000012
@000622d3
000000a5
@000642d3
000000cd
@000662d3
000000f7
@000602d4
00000012
@000622d4
000000a5
@000642d4
000000cd
@000662d4
000000f7
@000602d5
00000012
@000622d5
000000a5
@000642d5
000000cd
@000662d5
000000f7
@000602d6
00000012
@000622d6
000000a5
@000642d6
000000cd
@000662d6
000000f7
@000602d7
00000012
@000622d7
000000a5
@000642d7
000000cd
@000662d7
000000f7
@000602d8
00000012
@000622d8
000000a5
@000642d8
000000cd
@000662d8
000000f7
@000602d9
00000012
@000622d9
000000a5
@000642d9
000000cd
@000662d9
000000f7
@000602da
00000012
@000622da
000000a5
@000642da
000000cd
@000662da
000000f7
@000602db
00000012
@000622db
000000a5
@000642db
000000cd
@000662db
000000f7
@000602dc
00000012
@000622dc
000000a5
@000642dc
000000cd
@000662dc
000000f7
@000602dd
00000012
@000622dd
000000a5
@000642dd
000000cd
@000662dd
000000f7
@000602de
00000012
@000622de
000000a5
@000642de
000000cd
@000662de
000000f7
@000602df
00000012
@000622df
000000a5
@000642df
000000cd
@000662df
000000f7
@000602e0
00000012
@000622e0
000000a5
@000642e0
000000cd
@000662e0
000000f7
@000602e1
00000012
@000622e1
000000a5
@000642e1
000000cd
@000662e1
000000f7
@000602e2
00000012
@000622e2
000000a5
@000642e2
000000cd
@000662e2
000000f7
@000602e3
00000012
@000622e3
000000a5
@000642e3
000000cd
@000662e3
000000f7
@000602e4
00000012
@000622e4
000000a5
@000642e4
000000cd
@000662e4
000000f7
@000602e5
00000012
@000622e5
000000a5
@000642e5
000000cd
@000662e5
000000f7
@000602e6
00000012
@000622e6
000000a5
@000642e6
000000cd
@000662e6
000000f7
@000602e7
00000012
@000622e7
000000a5
@000642e7
000000cd
@000662e7
000000f7
@000602e8
00000012
@000622e8
000000a5
@000642e8
000000cd
@000662e8
000000f7
@000602e9
00000012
@000622e9
000000a5
@000642e9
000000cd
@000662e9
000000f7
@000602ea
00000012
@000622ea
000000a5
@000642ea
000000cd
@000662ea
000000f7
@000602eb
00000012
@000622eb
000000a5
@000642eb
000000cd
@000662eb
000000f7
@000602ec
00000012
@000622ec
000000a5
@000642ec
000000cd
@000662ec
000000f7
@000602ed
00000012
@000622ed
000000a5
@000642ed
000000cd
@000662ed
000000f7
@000602ee
00000012
@000622ee
000000a5
@000642ee
000000cd
@000662ee
000000f7
@000602ef
00000012
@000622ef
000000a5
@000642ef
000000cd
@000662ef
000000f7
@000602f0
00000012
@000622f0
000000a5
@000642f0
000000cd
@000662f0
000000f7
@000602f1
00000012
@000622f1
000000a5
@000642f1
000000cd
@000662f1
000000f7
@000602f2
00000012
@000622f2
000000a5
@000642f2
000000cd
@000662f2
000000f7
@000602f3
00000012
@000622f3
000000a5
@000642f3
000000cd
@000662f3
000000f7
@000602f4
00000012
@000622f4
000000a5
@000642f4
000000cd
@000662f4
000000f7
@000602f5
00000012
@000622f5
000000a5
@000642f5
000000cd
@000662f5
000000f7
@000602f6
00000012
@000622f6
000000a5
@000642f6
000000cd
@000662f6
000000f7
@000602f7
00000012
@000622f7
000000a5
@000642f7
000000cd
@000662f7
000000f7
@000602f8
00000012
@000622f8
000000a5
@000642f8
000000cd
@000662f8
000000f7
@000602f9
00000012
@000622f9
000000a5
@000642f9
000000cd
@000662f9
000000f7
@000602fa
00000012
@000622fa
000000a5
@000642fa
000000cd
@000662fa
000000f7
@000602fb
00000012
@000622fb
000000a5
@000642fb
000000cd
@000662fb
000000f7
@000602fc
00000012
@000622fc
000000a5
@000642fc
000000cd
@000662fc
000000f7
@000602fd
00000012
@000622fd
000000a5
@000642fd
000000cd
@000662fd
000000f7
@000602fe
00000012
@000622fe
000000a5
@000642fe
000000cd
@000662fe
000000f7
@000602ff
00000012
@000622ff
000000a5
@000642ff
000000cd
@000662ff
000000f7
@00060300
00000012
@00062300
000000a5
@00064300
000000cd
@00066300
000000f7
@00060301
00000012
@00062301
000000a5
@00064301
000000cd
@00066301
000000f7
@00060302
00000012
@00062302
000000a5
@00064302
000000cd
@00066302
000000f7
@00060303
00000012
@00062303
000000a5
@00064303
000000cd
@00066303
000000f7
@00060304
00000012
@00062304
000000a5
@00064304
000000cd
@00066304
000000f7
@00060305
00000012
@00062305
000000a5
@00064305
000000cd
@00066305
000000f7
@00060306
00000012
@00062306
000000a5
@00064306
000000cd
@00066306
000000f7
@00060307
00000012
@00062307
000000a5
@00064307
000000cd
@00066307
000000f7
@00060308
00000012
@00062308
000000a5
@00064308
000000cd
@00066308
000000f7
@00060309
00000012
@00062309
000000a5
@00064309
000000cd
@00066309
000000f7
@0006030a
00000012
@0006230a
000000a5
@0006430a
000000cd
@0006630a
000000f7
@0006030b
00000012
@0006230b
000000a5
@0006430b
000000cd
@0006630b
000000f7
@0006030c
00000012
@0006230c
000000a5
@0006430c
000000cd
@0006630c
000000f7
@0006030d
00000012
@0006230d
000000a5
@0006430d
000000cd
@0006630d
000000f7
@0006030e
00000012
@0006230e
000000a5
@0006430e
000000cd
@0006630e
000000f7
@0006030f
00000012
@0006230f
000000a5
@0006430f
000000cd
@0006630f
000000f7
@00060310
00000012
@00062310
000000a5
@00064310
000000cd
@00066310
000000f7
@00060311
00000012
@00062311
000000a5
@00064311
000000cd
@00066311
000000f7
@00060312
00000012
@00062312
000000a5
@00064312
000000cd
@00066312
000000f7
@00060313
00000012
@00062313
000000a5
@00064313
000000cd
@00066313
000000f7
@00060314
00000012
@00062314
000000a5
@00064314
000000cd
@00066314
000000f7
@00060315
00000012
@00062315
000000a5
@00064315
000000cd
@00066315
000000f7
@00060316
00000012
@00062316
000000a5
@00064316
000000cd
@00066316
000000f7
@00060317
00000012
@00062317
000000a5
@00064317
000000cd
@00066317
000000f7
@00060318
00000012
@00062318
000000a5
@00064318
000000cd
@00066318
000000f7
@00060319
00000012
@00062319
000000a5
@00064319
000000cd
@00066319
000000f7
@0006031a
00000012
@0006231a
000000a5
@0006431a
000000cd
@0006631a
000000f7
@0006031b
00000012
@0006231b
000000a5
@0006431b
000000cd
@0006631b
000000f7
@0006031c
00000012
@0006231c
000000a5
@0006431c
000000cd
@0006631c
000000f7
@0006031d
00000012
@0006231d
000000a5
@0006431d
000000cd
@0006631d
000000f7
@0006031e
00000012
@0006231e
000000a5
@0006431e
000000cd
@0006631e
000000f7
@0006031f
00000012
@0006231f
000000a5
@0006431f
000000cd
@0006631f
000000f7
@00060320
00000012
@00062320
000000a5
@00064320
000000cd
@00066320
000000f7
@00060321
00000012
@00062321
000000a5
@00064321
000000cd
@00066321
000000f7
@00060322
00000012
@00062322
000000a5
@00064322
000000cd
@00066322
000000f7
@00060323
00000012
@00062323
000000a5
@00064323
000000cd
@00066323
000000f7
@00060324
00000012
@00062324
000000a5
@00064324
000000cd
@00066324
000000f7
@00060325
00000012
@00062325
000000a5
@00064325
000000cd
@00066325
000000f7
@00060326
00000012
@00062326
000000a5
@00064326
000000cd
@00066326
000000f7
@00060327
00000012
@00062327
000000a5
@00064327
000000cd
@00066327
000000f7
@00060328
00000012
@00062328
000000a5
@00064328
000000cd
@00066328
000000f7
@00060329
00000012
@00062329
000000a5
@00064329
000000cd
@00066329
000000f7
@0006032a
00000012
@0006232a
000000a5
@0006432a
000000cd
@0006632a
000000f7
@0006032b
00000012
@0006232b
000000a5
@0006432b
000000cd
@0006632b
000000f7
@0006032c
00000012
@0006232c
000000a5
@0006432c
000000cd
@0006632c
000000f7
@0006032d
00000012
@0006232d
000000a5
@0006432d
000000cd
@0006632d
000000f7
@0006032e
00000012
@0006232e
000000a5
@0006432e
000000cd
@0006632e
000000f7
@0006032f
00000012
@0006232f
000000a5
@0006432f
000000cd
@0006632f
000000f7
@00060330
00000012
@00062330
000000a5
@00064330
000000cd
@00066330
000000f7
@00060331
00000012
@00062331
000000a5
@00064331
000000cd
@00066331
000000f7
@00060332
00000012
@00062332
000000a5
@00064332
000000cd
@00066332
000000f7
@00060333
00000012
@00062333
000000a5
@00064333
000000cd
@00066333
000000f7
@00060334
00000012
@00062334
000000a5
@00064334
000000cd
@00066334
000000f7
@00060335
00000012
@00062335
000000a5
@00064335
000000cd
@00066335
000000f7
@00060336
00000012
@00062336
000000a5
@00064336
000000cd
@00066336
000000f7
@00060337
00000012
@00062337
000000a5
@00064337
000000cd
@00066337
000000f7
@00060338
00000012
@00062338
000000a5
@00064338
000000cd
@00066338
000000f7
@00060339
00000012
@00062339
000000a5
@00064339
000000cd
@00066339
000000f7
@0006033a
00000012
@0006233a
000000a5
@0006433a
000000cd
@0006633a
000000f7
@0006033b
00000012
@0006233b
000000a5
@0006433b
000000cd
@0006633b
000000f7
@0006033c
00000012
@0006233c
000000a5
@0006433c
000000cd
@0006633c
000000f7
@0006033d
00000012
@0006233d
000000a5
@0006433d
000000cd
@0006633d
000000f7
@0006033e
00000012
@0006233e
000000a5
@0006433e
000000cd
@0006633e
000000f7
@0006033f
00000012
@0006233f
000000a5
@0006433f
000000cd
@0006633f
000000f7
@00060340
00000012
@00062340
000000a5
@00064340
000000cd
@00066340
000000f7
@00060341
00000012
@00062341
000000a5
@00064341
000000cd
@00066341
000000f7
@00060342
00000012
@00062342
000000a5
@00064342
000000cd
@00066342
000000f7
@00060343
00000012
@00062343
000000a5
@00064343
000000cd
@00066343
000000f7
@00060344
00000012
@00062344
000000a5
@00064344
000000cd
@00066344
000000f7
@00060345
00000012
@00062345
000000a5
@00064345
000000cd
@00066345
000000f7
@00060346
00000012
@00062346
000000a5
@00064346
000000cd
@00066346
000000f7
@00060347
00000012
@00062347
000000a5
@00064347
000000cd
@00066347
000000f7
@00060348
00000012
@00062348
000000a5
@00064348
000000cd
@00066348
000000f7
@00060349
00000012
@00062349
000000a5
@00064349
000000cd
@00066349
000000f7
@0006034a
00000012
@0006234a
000000a5
@0006434a
000000cd
@0006634a
000000f7
@0006034b
00000012
@0006234b
000000a5
@0006434b
000000cd
@0006634b
000000f7
@0006034c
00000012
@0006234c
000000a5
@0006434c
000000cd
@0006634c
000000f7
@0006034d
00000012
@0006234d
000000a5
@0006434d
000000cd
@0006634d
000000f7
@0006034e
00000012
@0006234e
000000a5
@0006434e
000000cd
@0006634e
000000f7
@0006034f
00000012
@0006234f
000000a5
@0006434f
000000cd
@0006634f
000000f7
@00060350
00000012
@00062350
000000a5
@00064350
000000cd
@00066350
000000f7
@00060351
00000012
@00062351
000000a5
@00064351
000000cd
@00066351
000000f7
@00060352
00000012
@00062352
000000a5
@00064352
000000cd
@00066352
000000f7
@00060353
00000012
@00062353
000000a5
@00064353
000000cd
@00066353
000000f7
@00060354
00000012
@00062354
000000a5
@00064354
000000cd
@00066354
000000f7
@00060355
00000012
@00062355
000000a5
@00064355
000000cd
@00066355
000000f7
@00060356
00000012
@00062356
000000a5
@00064356
000000cd
@00066356
000000f7
@00060357
00000012
@00062357
000000a5
@00064357
000000cd
@00066357
000000f7
@00060358
00000012
@00062358
000000a5
@00064358
000000cd
@00066358
000000f7
@00060359
00000012
@00062359
000000a5
@00064359
000000cd
@00066359
000000f7
@0006035a
00000012
@0006235a
000000a5
@0006435a
000000cd
@0006635a
000000f7
@0006035b
00000012
@0006235b
000000a5
@0006435b
000000cd
@0006635b
000000f7
@0006035c
00000012
@0006235c
000000a5
@0006435c
000000cd
@0006635c
000000f7
@0006035d
00000012
@0006235d
000000a5
@0006435d
000000cd
@0006635d
000000f7
@0006035e
00000012
@0006235e
000000a5
@0006435e
000000cd
@0006635e
000000f7
@0006035f
00000012
@0006235f
000000a5
@0006435f
000000cd
@0006635f
000000f7
@00060360
00000012
@00062360
000000a5
@00064360
000000cd
@00066360
000000f7
@00060361
00000012
@00062361
000000a5
@00064361
000000cd
@00066361
000000f7
@00060362
00000012
@00062362
000000a5
@00064362
000000cd
@00066362
000000f7
@00060363
00000012
@00062363
000000a5
@00064363
000000cd
@00066363
000000f7
@00060364
00000012
@00062364
000000a5
@00064364
000000cd
@00066364
000000f7
@00060365
00000012
@00062365
000000a5
@00064365
000000cd
@00066365
000000f7
@00060366
00000012
@00062366
000000a5
@00064366
000000cd
@00066366
000000f7
@00060367
00000012
@00062367
000000a5
@00064367
000000cd
@00066367
000000f7
@00060368
00000012
@00062368
000000a5
@00064368
000000cd
@00066368
000000f7
@00060369
00000012
@00062369
000000a5
@00064369
000000cd
@00066369
000000f7
@0006036a
00000012
@0006236a
000000a5
@0006436a
000000cd
@0006636a
000000f7
@0006036b
00000012
@0006236b
000000a5
@0006436b
000000cd
@0006636b
000000f7
@0006036c
00000012
@0006236c
000000a5
@0006436c
000000cd
@0006636c
000000f7
@0006036d
00000012
@0006236d
000000a5
@0006436d
000000cd
@0006636d
000000f7
@0006036e
00000012
@0006236e
000000a5
@0006436e
000000cd
@0006636e
000000f7
@0006036f
00000012
@0006236f
000000a5
@0006436f
000000cd
@0006636f
000000f7
@00060370
00000012
@00062370
000000a5
@00064370
000000cd
@00066370
000000f7
@00060371
00000012
@00062371
000000a5
@00064371
000000cd
@00066371
000000f7
@00060372
00000012
@00062372
000000a5
@00064372
000000cd
@00066372
000000f7
@00060373
00000012
@00062373
000000a5
@00064373
000000cd
@00066373
000000f7
@00060374
00000012
@00062374
000000a5
@00064374
000000cd
@00066374
000000f7
@00060375
00000012
@00062375
000000a5
@00064375
000000cd
@00066375
000000f7
@00060376
00000012
@00062376
000000a5
@00064376
000000cd
@00066376
000000f7
@00060377
00000012
@00062377
000000a5
@00064377
000000cd
@00066377
000000f7
@00060378
00000012
@00062378
000000a5
@00064378
000000cd
@00066378
000000f7
@00060379
00000012
@00062379
000000a5
@00064379
000000cd
@00066379
000000f7
@0006037a
00000012
@0006237a
000000a5
@0006437a
000000cd
@0006637a
000000f7
@0006037b
00000012
@0006237b
000000a5
@0006437b
000000cd
@0006637b
000000f7
@0006037c
00000012
@0006237c
000000a5
@0006437c
000000cd
@0006637c
000000f7
@0006037d
00000012
@0006237d
000000a5
@0006437d
000000cd
@0006637d
000000f7
@0006037e
00000012
@0006237e
000000a5
@0006437e
000000cd
@0006637e
000000f7
@0006037f
00000012
@0006237f
000000a5
@0006437f
000000cd
@0006637f
000000f7
@00060380
00000012
@00062380
000000a5
@00064380
000000cd
@00066380
000000f7
@00060381
00000012
@00062381
000000a5
@00064381
000000cd
@00066381
000000f7
@00060382
00000012
@00062382
000000a5
@00064382
000000cd
@00066382
000000f7
@00060383
00000012
@00062383
000000a5
@00064383
000000cd
@00066383
000000f7
@00060384
00000012
@00062384
000000a5
@00064384
000000cd
@00066384
000000f7
@00060385
00000012
@00062385
000000a5
@00064385
000000cd
@00066385
000000f7
@00060386
00000012
@00062386
000000a5
@00064386
000000cd
@00066386
000000f7
@00060387
00000012
@00062387
000000a5
@00064387
000000cd
@00066387
000000f7
@00060388
00000012
@00062388
000000a5
@00064388
000000cd
@00066388
000000f7
@00060389
00000012
@00062389
000000a5
@00064389
000000cd
@00066389
000000f7
@0006038a
00000012
@0006238a
000000a5
@0006438a
000000cd
@0006638a
000000f7
@0006038b
00000012
@0006238b
000000a5
@0006438b
000000cd
@0006638b
000000f7
@0006038c
00000012
@0006238c
000000a5
@0006438c
000000cd
@0006638c
000000f7
@0006038d
00000012
@0006238d
000000a5
@0006438d
000000cd
@0006638d
000000f7
@0006038e
00000012
@0006238e
000000a5
@0006438e
000000cd
@0006638e
000000f7
@0006038f
00000012
@0006238f
000000a5
@0006438f
000000cd
@0006638f
000000f7
@00060390
00000012
@00062390
000000a5
@00064390
000000cd
@00066390
000000f7
@00060391
00000012
@00062391
000000a5
@00064391
000000cd
@00066391
000000f7
@00060392
00000012
@00062392
000000a5
@00064392
000000cd
@00066392
000000f7
@00060393
00000012
@00062393
000000a5
@00064393
000000cd
@00066393
000000f7
@00060394
00000012
@00062394
000000a5
@00064394
000000cd
@00066394
000000f7
@00060395
00000012
@00062395
000000a5
@00064395
000000cd
@00066395
000000f7
@00060396
00000012
@00062396
000000a5
@00064396
000000cd
@00066396
000000f7
@00060397
00000012
@00062397
000000a5
@00064397
000000cd
@00066397
000000f7
@00060398
00000012
@00062398
000000a5
@00064398
000000cd
@00066398
000000f7
@00060399
00000012
@00062399
000000a5
@00064399
000000cd
@00066399
000000f7
@0006039a
00000012
@0006239a
000000a5
@0006439a
000000cd
@0006639a
000000f7
@0006039b
00000012
@0006239b
000000a5
@0006439b
000000cd
@0006639b
000000f7
@0006039c
00000012
@0006239c
000000a5
@0006439c
000000cd
@0006639c
000000f7
@0006039d
00000012
@0006239d
000000a5
@0006439d
000000cd
@0006639d
000000f7
@0006039e
00000012
@0006239e
000000a5
@0006439e
000000cd
@0006639e
000000f7
@0006039f
00000012
@0006239f
000000a5
@0006439f
000000cd
@0006639f
000000f7
@000603a0
00000012
@000623a0
000000a5
@000643a0
000000cd
@000663a0
000000f7
@000603a1
00000012
@000623a1
000000a5
@000643a1
000000cd
@000663a1
000000f7
@000603a2
00000012
@000623a2
000000a5
@000643a2
000000cd
@000663a2
000000f7
@000603a3
00000012
@000623a3
000000a5
@000643a3
000000cd
@000663a3
000000f7
@000603a4
00000012
@000623a4
000000a5
@000643a4
000000cd
@000663a4
000000f7
@000603a5
00000012
@000623a5
000000a5
@000643a5
000000cd
@000663a5
000000f7
@000603a6
00000012
@000623a6
000000a5
@000643a6
000000cd
@000663a6
000000f7
@000603a7
00000012
@000623a7
000000a5
@000643a7
000000cd
@000663a7
000000f7
@000603a8
00000012
@000623a8
000000a5
@000643a8
000000cd
@000663a8
000000f7
@000603a9
00000012
@000623a9
000000a5
@000643a9
000000cd
@000663a9
000000f7
@000603aa
00000012
@000623aa
000000a5
@000643aa
000000cd
@000663aa
000000f7
@000603ab
00000012
@000623ab
000000a5
@000643ab
000000cd
@000663ab
000000f7
@000603ac
00000012
@000623ac
000000a5
@000643ac
000000cd
@000663ac
000000f7
@000603ad
00000012
@000623ad
000000a5
@000643ad
000000cd
@000663ad
000000f7
@000603ae
00000012
@000623ae
000000a5
@000643ae
000000cd
@000663ae
000000f7
@000603af
00000012
@000623af
000000a5
@000643af
000000cd
@000663af
000000f7
@000603b0
00000012
@000623b0
000000a5
@000643b0
000000cd
@000663b0
000000f7
@000603b1
00000012
@000623b1
000000a5
@000643b1
000000cd
@000663b1
000000f7
@000603b2
00000012
@000623b2
000000a5
@000643b2
000000cd
@000663b2
000000f7
@000603b3
00000012
@000623b3
000000a5
@000643b3
000000cd
@000663b3
000000f7
@000603b4
00000012
@000623b4
000000a5
@000643b4
000000cd
@000663b4
000000f7
@000603b5
00000012
@000623b5
000000a5
@000643b5
000000cd
@000663b5
000000f7
@000603b6
00000012
@000623b6
000000a5
@000643b6
000000cd
@000663b6
000000f7
@000603b7
00000012
@000623b7
000000a5
@000643b7
000000cd
@000663b7
000000f7
@000603b8
00000012
@000623b8
000000a5
@000643b8
000000cd
@000663b8
000000f7
@000603b9
00000012
@000623b9
000000a5
@000643b9
000000cd
@000663b9
000000f7
@000603ba
00000012
@000623ba
000000a5
@000643ba
000000cd
@000663ba
000000f7
@000603bb
00000012
@000623bb
000000a5
@000643bb
000000cd
@000663bb
000000f7
@000603bc
00000012
@000623bc
000000a5
@000643bc
000000cd
@000663bc
000000f7
@000603bd
00000012
@000623bd
000000a5
@000643bd
000000cd
@000663bd
000000f7
@000603be
00000012
@000623be
000000a5
@000643be
000000cd
@000663be
000000f7
@000603bf
00000012
@000623bf
000000a5
@000643bf
000000cd
@000663bf
000000f7
@000603c0
00000012
@000623c0
000000a5
@000643c0
000000cd
@000663c0
000000f7
@000603c1
00000012
@000623c1
000000a5
@000643c1
000000cd
@000663c1
000000f7
@000603c2
00000012
@000623c2
000000a5
@000643c2
000000cd
@000663c2
000000f7
@000603c3
00000012
@000623c3
000000a5
@000643c3
000000cd
@000663c3
000000f7
@000603c4
00000012
@000623c4
000000a5
@000643c4
000000cd
@000663c4
000000f7
@000603c5
00000012
@000623c5
000000a5
@000643c5
000000cd
@000663c5
000000f7
@000603c6
00000012
@000623c6
000000a5
@000643c6
000000cd
@000663c6
000000f7
@000603c7
00000012
@000623c7
000000a5
@000643c7
000000cd
@000663c7
000000f7
@000603c8
00000012
@000623c8
000000a5
@000643c8
000000cd
@000663c8
000000f7
@000603c9
00000012
@000623c9
000000a5
@000643c9
000000cd
@000663c9
000000f7
@000603ca
00000012
@000623ca
000000a5
@000643ca
000000cd
@000663ca
000000f7
@000603cb
00000012
@000623cb
000000a5
@000643cb
000000cd
@000663cb
000000f7
@000603cc
00000012
@000623cc
000000a5
@000643cc
000000cd
@000663cc
000000f7
@000603cd
00000012
@000623cd
000000a5
@000643cd
000000cd
@000663cd
000000f7
@000603ce
00000012
@000623ce
000000a5
@000643ce
000000cd
@000663ce
000000f7
@000603cf
00000012
@000623cf
000000a5
@000643cf
000000cd
@000663cf
000000f7
@000603d0
00000012
@000623d0
000000a5
@000643d0
000000cd
@000663d0
000000f7
@000603d1
00000012
@000623d1
000000a5
@000643d1
000000cd
@000663d1
000000f7
@000603d2
00000012
@000623d2
000000a5
@000643d2
000000cd
@000663d2
000000f7
@000603d3
00000012
@000623d3
000000a5
@000643d3
000000cd
@000663d3
000000f7
@000603d4
00000012
@000623d4
000000a5
@000643d4
000000cd
@000663d4
000000f7
@000603d5
00000012
@000623d5
000000a5
@000643d5
000000cd
@000663d5
000000f7
@000603d6
00000012
@000623d6
000000a5
@000643d6
000000cd
@000663d6
000000f7
@000603d7
00000012
@000623d7
000000a5
@000643d7
000000cd
@000663d7
000000f7
@000603d8
00000012
@000623d8
000000a5
@000643d8
000000cd
@000663d8
000000f7
@000603d9
00000012
@000623d9
000000a5
@000643d9
000000cd
@000663d9
000000f7
@000603da
00000012
@000623da
000000a5
@000643da
000000cd
@000663da
000000f7
@000603db
00000012
@000623db
000000a5
@000643db
000000cd
@000663db
000000f7
@000603dc
00000012
@000623dc
000000a5
@000643dc
000000cd
@000663dc
000000f7
@000603dd
00000012
@000623dd
000000a5
@000643dd
000000cd
@000663dd
000000f7
@000603de
00000012
@000623de
000000a5
@000643de
000000cd
@000663de
000000f7
@000603df
00000012
@000623df
000000a5
@000643df
000000cd
@000663df
000000f7
@000603e0
00000012
@000623e0
000000a5
@000643e0
000000cd
@000663e0
000000f7
@000603e1
00000012
@000623e1
000000a5
@000643e1
000000cd
@000663e1
000000f7
@000603e2
00000012
@000623e2
000000a5
@000643e2
000000cd
@000663e2
000000f7
@000603e3
00000012
@000623e3
000000a5
@000643e3
000000cd
@000663e3
000000f7
@000603e4
00000012
@000623e4
000000a5
@000643e4
000000cd
@000663e4
000000f7
@000603e5
00000012
@000623e5
000000a5
@000643e5
000000cd
@000663e5
000000f7
@000603e6
00000012
@000623e6
000000a5
@000643e6
000000cd
@000663e6
000000f7
@000603e7
00000012
@000623e7
000000a5
@000643e7
000000cd
@000663e7
000000f7
@000603e8
00000012
@000623e8
000000a5
@000643e8
000000cd
@000663e8
000000f7
@000603e9
00000012
@000623e9
000000a5
@000643e9
000000cd
@000663e9
000000f7
@000603ea
00000012
@000623ea
000000a5
@000643ea
000000cd
@000663ea
000000f7
@000603eb
00000012
@000623eb
000000a5
@000643eb
000000cd
@000663eb
000000f7
@000603ec
00000012
@000623ec
000000a5
@000643ec
000000cd
@000663ec
000000f7
@000603ed
00000012
@000623ed
000000a5
@000643ed
000000cd
@000663ed
000000f7
@000603ee
00000012
@000623ee
000000a5
@000643ee
000000cd
@000663ee
000000f7
@000603ef
00000012
@000623ef
000000a5
@000643ef
000000cd
@000663ef
000000f7
@000603f0
00000012
@000623f0
000000a5
@000643f0
000000cd
@000663f0
000000f7
@000603f1
00000012
@000623f1
000000a5
@000643f1
000000cd
@000663f1
000000f7
@000603f2
00000012
@000623f2
000000a5
@000643f2
000000cd
@000663f2
000000f7
@000603f3
00000012
@000623f3
000000a5
@000643f3
000000cd
@000663f3
000000f7
@000603f4
00000012
@000623f4
000000a5
@000643f4
000000cd
@000663f4
000000f7
@000603f5
00000012
@000623f5
000000a5
@000643f5
000000cd
@000663f5
000000f7
@000603f6
00000012
@000623f6
000000a5
@000643f6
000000cd
@000663f6
000000f7
@000603f7
00000012
@000623f7
000000a5
@000643f7
000000cd
@000663f7
000000f7
@000603f8
00000012
@000623f8
000000a5
@000643f8
000000cd
@000663f8
000000f7
@000603f9
00000012
@000623f9
000000a5
@000643f9
000000cd
@000663f9
000000f7
@000603fa
00000012
@000623fa
000000a5
@000643fa
000000cd
@000663fa
000000f7
@000603fb
00000012
@000623fb
000000a5
@000643fb
000000cd
@000663fb
000000f7
@000603fc
00000012
@000623fc
000000a5
@000643fc
000000cd
@000663fc
000000f7
@000603fd
00000012
@000623fd
000000a5
@000643fd
000000cd
@000663fd
000000f7
@000603fe
00000012
@000623fe
000000a5
@000643fe
000000cd
@000663fe
000000f7
@000603ff
00000012
@000623ff
000000a5
@000643ff
000000cd
@000663ff
000000f7
@00060400
00000012
@00062400
000000a5
@00064400
000000cd
@00066400
000000f7
@00060401
00000012
@00062401
000000a5
@00064401
000000cd
@00066401
000000f7
@00060402
00000012
@00062402
000000a5
@00064402
000000cd
@00066402
000000f7
@00060403
00000012
@00062403
000000a5
@00064403
000000cd
@00066403
000000f7
@00060404
00000012
@00062404
000000a5
@00064404
000000cd
@00066404
000000f7
@00060405
00000012
@00062405
000000a5
@00064405
000000cd
@00066405
000000f7
@00060406
00000012
@00062406
000000a5
@00064406
000000cd
@00066406
000000f7
@00060407
00000012
@00062407
000000a5
@00064407
000000cd
@00066407
000000f7
@00060408
00000012
@00062408
000000a5
@00064408
000000cd
@00066408
000000f7
@00060409
00000012
@00062409
000000a5
@00064409
000000cd
@00066409
000000f7
@0006040a
00000012
@0006240a
000000a5
@0006440a
000000cd
@0006640a
000000f7
@0006040b
00000012
@0006240b
000000a5
@0006440b
000000cd
@0006640b
000000f7
@0006040c
00000012
@0006240c
000000a5
@0006440c
000000cd
@0006640c
000000f7
@0006040d
00000012
@0006240d
000000a5
@0006440d
000000cd
@0006640d
000000f7
@0006040e
00000012
@0006240e
000000a5
@0006440e
000000cd
@0006640e
000000f7
@0006040f
00000012
@0006240f
000000a5
@0006440f
000000cd
@0006640f
000000f7
@00060410
00000012
@00062410
000000a5
@00064410
000000cd
@00066410
000000f7
@00060411
00000012
@00062411
000000a5
@00064411
000000cd
@00066411
000000f7
@00060412
00000012
@00062412
000000a5
@00064412
000000cd
@00066412
000000f7
@00060413
00000012
@00062413
000000a5
@00064413
000000cd
@00066413
000000f7
@00060414
00000012
@00062414
000000a5
@00064414
000000cd
@00066414
000000f7
@00060415
00000012
@00062415
000000a5
@00064415
000000cd
@00066415
000000f7
@00060416
00000012
@00062416
000000a5
@00064416
000000cd
@00066416
000000f7
@00060417
00000012
@00062417
000000a5
@00064417
000000cd
@00066417
000000f7
@00060418
00000012
@00062418
000000a5
@00064418
000000cd
@00066418
000000f7
@00060419
00000012
@00062419
000000a5
@00064419
000000cd
@00066419
000000f7
@0006041a
00000012
@0006241a
000000a5
@0006441a
000000cd
@0006641a
000000f7
@0006041b
00000012
@0006241b
000000a5
@0006441b
000000cd
@0006641b
000000f7
@0006041c
00000012
@0006241c
000000a5
@0006441c
000000cd
@0006641c
000000f7
@0006041d
00000012
@0006241d
000000a5
@0006441d
000000cd
@0006641d
000000f7
@0006041e
00000012
@0006241e
000000a5
@0006441e
000000cd
@0006641e
000000f7
@0006041f
00000012
@0006241f
000000a5
@0006441f
000000cd
@0006641f
000000f7
@00060420
00000012
@00062420
000000a5
@00064420
000000cd
@00066420
000000f7
@00060421
00000012
@00062421
000000a5
@00064421
000000cd
@00066421
000000f7
@00060422
00000012
@00062422
000000a5
@00064422
000000cd
@00066422
000000f7
@00060423
00000012
@00062423
000000a5
@00064423
000000cd
@00066423
000000f7
@00060424
00000012
@00062424
000000a5
@00064424
000000cd
@00066424
000000f7
@00060425
00000012
@00062425
000000a5
@00064425
000000cd
@00066425
000000f7
@00060426
00000012
@00062426
000000a5
@00064426
000000cd
@00066426
000000f7
@00060427
00000012
@00062427
000000a5
@00064427
000000cd
@00066427
000000f7
@00060428
00000012
@00062428
000000a5
@00064428
000000cd
@00066428
000000f7
@00060429
00000012
@00062429
000000a5
@00064429
000000cd
@00066429
000000f7
@0006042a
00000012
@0006242a
000000a5
@0006442a
000000cd
@0006642a
000000f7
@0006042b
00000012
@0006242b
000000a5
@0006442b
000000cd
@0006642b
000000f7
@0006042c
00000012
@0006242c
000000a5
@0006442c
000000cd
@0006642c
000000f7
@0006042d
00000012
@0006242d
000000a5
@0006442d
000000cd
@0006642d
000000f7
@0006042e
00000012
@0006242e
000000a5
@0006442e
000000cd
@0006642e
000000f7
@0006042f
00000012
@0006242f
000000a5
@0006442f
000000cd
@0006642f
000000f7
@00060430
00000012
@00062430
000000a5
@00064430
000000cd
@00066430
000000f7
@00060431
00000012
@00062431
000000a5
@00064431
000000cd
@00066431
000000f7
@00060432
00000012
@00062432
000000a5
@00064432
000000cd
@00066432
000000f7
@00060433
00000012
@00062433
000000a5
@00064433
000000cd
@00066433
000000f7
@00060434
00000012
@00062434
000000a5
@00064434
000000cd
@00066434
000000f7
@00060435
00000012
@00062435
000000a5
@00064435
000000cd
@00066435
000000f7
@00060436
00000012
@00062436
000000a5
@00064436
000000cd
@00066436
000000f7
@00060437
00000012
@00062437
000000a5
@00064437
000000cd
@00066437
000000f7
@00060438
00000012
@00062438
000000a5
@00064438
000000cd
@00066438
000000f7
@00060439
00000012
@00062439
000000a5
@00064439
000000cd
@00066439
000000f7
@0006043a
00000012
@0006243a
000000a5
@0006443a
000000cd
@0006643a
000000f7
@0006043b
00000012
@0006243b
000000a5
@0006443b
000000cd
@0006643b
000000f7
@0006043c
00000012
@0006243c
000000a5
@0006443c
000000cd
@0006643c
000000f7
@0006043d
00000012
@0006243d
000000a5
@0006443d
000000cd
@0006643d
000000f7
@0006043e
00000012
@0006243e
000000a5
@0006443e
000000cd
@0006643e
000000f7
@0006043f
00000012
@0006243f
000000a5
@0006443f
000000cd
@0006643f
000000f7
@00060440
00000012
@00062440
000000a5
@00064440
000000cd
@00066440
000000f7
@00060441
00000012
@00062441
000000a5
@00064441
000000cd
@00066441
000000f7
@00060442
00000012
@00062442
000000a5
@00064442
000000cd
@00066442
000000f7
@00060443
00000012
@00062443
000000a5
@00064443
000000cd
@00066443
000000f7
@00060444
00000012
@00062444
000000a5
@00064444
000000cd
@00066444
000000f7
@00060445
00000012
@00062445
000000a5
@00064445
000000cd
@00066445
000000f7
@00060446
00000012
@00062446
000000a5
@00064446
000000cd
@00066446
000000f7
@00060447
00000012
@00062447
000000a5
@00064447
000000cd
@00066447
000000f7
@00060448
00000012
@00062448
000000a5
@00064448
000000cd
@00066448
000000f7
@00060449
00000012
@00062449
000000a5
@00064449
000000cd
@00066449
000000f7
@0006044a
00000012
@0006244a
000000a5
@0006444a
000000cd
@0006644a
000000f7
@0006044b
00000012
@0006244b
000000a5
@0006444b
000000cd
@0006644b
000000f7
@0006044c
00000012
@0006244c
000000a5
@0006444c
000000cd
@0006644c
000000f7
@0006044d
00000012
@0006244d
000000a5
@0006444d
000000cd
@0006644d
000000f7
@0006044e
00000012
@0006244e
000000a5
@0006444e
000000cd
@0006644e
000000f7
@0006044f
00000012
@0006244f
000000a5
@0006444f
000000cd
@0006644f
000000f7
@00060450
00000012
@00062450
000000a5
@00064450
000000cd
@00066450
000000f7
@00060451
00000012
@00062451
000000a5
@00064451
000000cd
@00066451
000000f7
@00060452
00000012
@00062452
000000a5
@00064452
000000cd
@00066452
000000f7
@00060453
00000012
@00062453
000000a5
@00064453
000000cd
@00066453
000000f7
@00060454
00000012
@00062454
000000a5
@00064454
000000cd
@00066454
000000f7
@00060455
00000012
@00062455
000000a5
@00064455
000000cd
@00066455
000000f7
@00060456
00000012
@00062456
000000a5
@00064456
000000cd
@00066456
000000f7
@00060457
00000012
@00062457
000000a5
@00064457
000000cd
@00066457
000000f7
@00060458
00000012
@00062458
000000a5
@00064458
000000cd
@00066458
000000f7
@00060459
00000012
@00062459
000000a5
@00064459
000000cd
@00066459
000000f7
@0006045a
00000012
@0006245a
000000a5
@0006445a
000000cd
@0006645a
000000f7
@0006045b
00000012
@0006245b
000000a5
@0006445b
000000cd
@0006645b
000000f7
@0006045c
00000012
@0006245c
000000a5
@0006445c
000000cd
@0006645c
000000f7
@0006045d
00000012
@0006245d
000000a5
@0006445d
000000cd
@0006645d
000000f7
@0006045e
00000012
@0006245e
000000a5
@0006445e
000000cd
@0006645e
000000f7
@0006045f
00000012
@0006245f
000000a5
@0006445f
000000cd
@0006645f
000000f7
@00060460
00000012
@00062460
000000a5
@00064460
000000cd
@00066460
000000f7
@00060461
00000012
@00062461
000000a5
@00064461
000000cd
@00066461
000000f7
@00060462
00000012
@00062462
000000a5
@00064462
000000cd
@00066462
000000f7
@00060463
00000012
@00062463
000000a5
@00064463
000000cd
@00066463
000000f7
@00060464
00000012
@00062464
000000a5
@00064464
000000cd
@00066464
000000f7
@00060465
00000012
@00062465
000000a5
@00064465
000000cd
@00066465
000000f7
@00060466
00000012
@00062466
000000a5
@00064466
000000cd
@00066466
000000f7
@00060467
00000012
@00062467
000000a5
@00064467
000000cd
@00066467
000000f7
@00060468
00000012
@00062468
000000a5
@00064468
000000cd
@00066468
000000f7
@00060469
00000012
@00062469
000000a5
@00064469
000000cd
@00066469
000000f7
@0006046a
00000012
@0006246a
000000a5
@0006446a
000000cd
@0006646a
000000f7
@0006046b
00000012
@0006246b
000000a5
@0006446b
000000cd
@0006646b
000000f7
@0006046c
00000012
@0006246c
000000a5
@0006446c
000000cd
@0006646c
000000f7
@0006046d
00000012
@0006246d
000000a5
@0006446d
000000cd
@0006646d
000000f7
@0006046e
00000012
@0006246e
000000a5
@0006446e
000000cd
@0006646e
000000f7
@0006046f
00000012
@0006246f
000000a5
@0006446f
000000cd
@0006646f
000000f7
@00060470
00000012
@00062470
000000a5
@00064470
000000cd
@00066470
000000f7
@00060471
00000012
@00062471
000000a5
@00064471
000000cd
@00066471
000000f7
@00060472
00000012
@00062472
000000a5
@00064472
000000cd
@00066472
000000f7
@00060473
00000012
@00062473
000000a5
@00064473
000000cd
@00066473
000000f7
@00060474
00000012
@00062474
000000a5
@00064474
000000cd
@00066474
000000f7
@00060475
00000012
@00062475
000000a5
@00064475
000000cd
@00066475
000000f7
@00060476
00000012
@00062476
000000a5
@00064476
000000cd
@00066476
000000f7
@00060477
00000012
@00062477
000000a5
@00064477
000000cd
@00066477
000000f7
@00060478
00000012
@00062478
000000a5
@00064478
000000cd
@00066478
000000f7
@00060479
00000012
@00062479
000000a5
@00064479
000000cd
@00066479
000000f7
@0006047a
00000012
@0006247a
000000a5
@0006447a
000000cd
@0006647a
000000f7
@0006047b
00000012
@0006247b
000000a5
@0006447b
000000cd
@0006647b
000000f7
@0006047c
00000012
@0006247c
000000a5
@0006447c
000000cd
@0006647c
000000f7
@0006047d
00000012
@0006247d
000000a5
@0006447d
000000cd
@0006647d
000000f7
@0006047e
00000012
@0006247e
000000a5
@0006447e
000000cd
@0006647e
000000f7
@0006047f
00000012
@0006247f
000000a5
@0006447f
000000cd
@0006647f
000000f7
@00060480
00000012
@00062480
000000a5
@00064480
000000cd
@00066480
000000f7
@00060481
00000012
@00062481
000000a5
@00064481
000000cd
@00066481
000000f7
@00060482
00000012
@00062482
000000a5
@00064482
000000cd
@00066482
000000f7
@00060483
00000012
@00062483
000000a5
@00064483
000000cd
@00066483
000000f7
@00060484
00000012
@00062484
000000a5
@00064484
000000cd
@00066484
000000f7
@00060485
00000012
@00062485
000000a5
@00064485
000000cd
@00066485
000000f7
@00060486
00000012
@00062486
000000a5
@00064486
000000cd
@00066486
000000f7
@00060487
00000012
@00062487
000000a5
@00064487
000000cd
@00066487
000000f7
@00060488
00000012
@00062488
000000a5
@00064488
000000cd
@00066488
000000f7
@00060489
00000012
@00062489
000000a5
@00064489
000000cd
@00066489
000000f7
@0006048a
00000012
@0006248a
000000a5
@0006448a
000000cd
@0006648a
000000f7
@0006048b
00000012
@0006248b
000000a5
@0006448b
000000cd
@0006648b
000000f7
@0006048c
00000012
@0006248c
000000a5
@0006448c
000000cd
@0006648c
000000f7
@0006048d
00000012
@0006248d
000000a5
@0006448d
000000cd
@0006648d
000000f7
@0006048e
00000012
@0006248e
000000a5
@0006448e
000000cd
@0006648e
000000f7
@0006048f
00000012
@0006248f
000000a5
@0006448f
000000cd
@0006648f
000000f7
@00060490
00000012
@00062490
000000a5
@00064490
000000cd
@00066490
000000f7
@00060491
00000012
@00062491
000000a5
@00064491
000000cd
@00066491
000000f7
@00060492
00000012
@00062492
000000a5
@00064492
000000cd
@00066492
000000f7
@00060493
00000012
@00062493
000000a5
@00064493
000000cd
@00066493
000000f7
@00060494
00000012
@00062494
000000a5
@00064494
000000cd
@00066494
000000f7
@00060495
00000012
@00062495
000000a5
@00064495
000000cd
@00066495
000000f7
@00060496
00000012
@00062496
000000a5
@00064496
000000cd
@00066496
000000f7
@00060497
00000012
@00062497
000000a5
@00064497
000000cd
@00066497
000000f7
@00060498
00000012
@00062498
000000a5
@00064498
000000cd
@00066498
000000f7
@00060499
00000012
@00062499
000000a5
@00064499
000000cd
@00066499
000000f7
@0006049a
00000012
@0006249a
000000a5
@0006449a
000000cd
@0006649a
000000f7
@0006049b
00000012
@0006249b
000000a5
@0006449b
000000cd
@0006649b
000000f7
@0006049c
00000012
@0006249c
000000a5
@0006449c
000000cd
@0006649c
000000f7
@0006049d
00000012
@0006249d
000000a5
@0006449d
000000cd
@0006649d
000000f7
@0006049e
00000012
@0006249e
000000a5
@0006449e
000000cd
@0006649e
000000f7
@0006049f
00000012
@0006249f
000000a5
@0006449f
000000cd
@0006649f
000000f7
@000604a0
00000012
@000624a0
000000a5
@000644a0
000000cd
@000664a0
000000f7
@000604a1
00000012
@000624a1
000000a5
@000644a1
000000cd
@000664a1
000000f7
@000604a2
00000012
@000624a2
000000a5
@000644a2
000000cd
@000664a2
000000f7
@000604a3
00000012
@000624a3
000000a5
@000644a3
000000cd
@000664a3
000000f7
@000604a4
00000012
@000624a4
000000a5
@000644a4
000000cd
@000664a4
000000f7
@000604a5
00000012
@000624a5
000000a5
@000644a5
000000cd
@000664a5
000000f7
@000604a6
00000012
@000624a6
000000a5
@000644a6
000000cd
@000664a6
000000f7
@000604a7
00000012
@000624a7
000000a5
@000644a7
000000cd
@000664a7
000000f7
@000604a8
00000012
@000624a8
000000a5
@000644a8
000000cd
@000664a8
000000f7
@000604a9
00000012
@000624a9
000000a5
@000644a9
000000cd
@000664a9
000000f7
@000604aa
00000012
@000624aa
000000a5
@000644aa
000000cd
@000664aa
000000f7
@000604ab
00000012
@000624ab
000000a5
@000644ab
000000cd
@000664ab
000000f7
@000604ac
00000012
@000624ac
000000a5
@000644ac
000000cd
@000664ac
000000f7
@000604ad
00000012
@000624ad
000000a5
@000644ad
000000cd
@000664ad
000000f7
@000604ae
00000012
@000624ae
000000a5
@000644ae
000000cd
@000664ae
000000f7
@000604af
00000012
@000624af
000000a5
@000644af
000000cd
@000664af
000000f7
@000604b0
00000012
@000624b0
000000a5
@000644b0
000000cd
@000664b0
000000f7
@000604b1
00000012
@000624b1
000000a5
@000644b1
000000cd
@000664b1
000000f7
@000604b2
00000012
@000624b2
000000a5
@000644b2
000000cd
@000664b2
000000f7
@000604b3
00000012
@000624b3
000000a5
@000644b3
000000cd
@000664b3
000000f7
@000604b4
00000012
@000624b4
000000a5
@000644b4
000000cd
@000664b4
000000f7
@000604b5
00000012
@000624b5
000000a5
@000644b5
000000cd
@000664b5
000000f7
@000604b6
00000012
@000624b6
000000a5
@000644b6
000000cd
@000664b6
000000f7
@000604b7
00000012
@000624b7
000000a5
@000644b7
000000cd
@000664b7
000000f7
@000604b8
00000012
@000624b8
000000a5
@000644b8
000000cd
@000664b8
000000f7
@000604b9
00000012
@000624b9
000000a5
@000644b9
000000cd
@000664b9
000000f7
@000604ba
00000012
@000624ba
000000a5
@000644ba
000000cd
@000664ba
000000f7
@000604bb
00000012
@000624bb
000000a5
@000644bb
000000cd
@000664bb
000000f7
@000604bc
00000012
@000624bc
000000a5
@000644bc
000000cd
@000664bc
000000f7
@000604bd
00000012
@000624bd
000000a5
@000644bd
000000cd
@000664bd
000000f7
@000604be
00000012
@000624be
000000a5
@000644be
000000cd
@000664be
000000f7
@000604bf
00000012
@000624bf
000000a5
@000644bf
000000cd
@000664bf
000000f7
@000604c0
00000012
@000624c0
000000a5
@000644c0
000000cd
@000664c0
000000f7
@000604c1
00000012
@000624c1
000000a5
@000644c1
000000cd
@000664c1
000000f7
@000604c2
00000012
@000624c2
000000a5
@000644c2
000000cd
@000664c2
000000f7
@000604c3
00000012
@000624c3
000000a5
@000644c3
000000cd
@000664c3
000000f7
@000604c4
00000012
@000624c4
000000a5
@000644c4
000000cd
@000664c4
000000f7
@000604c5
00000012
@000624c5
000000a5
@000644c5
000000cd
@000664c5
000000f7
@000604c6
00000012
@000624c6
000000a5
@000644c6
000000cd
@000664c6
000000f7
@000604c7
00000012
@000624c7
000000a5
@000644c7
000000cd
@000664c7
000000f7
@000604c8
00000012
@000624c8
000000a5
@000644c8
000000cd
@000664c8
000000f7
@000604c9
00000012
@000624c9
000000a5
@000644c9
000000cd
@000664c9
000000f7
@000604ca
00000012
@000624ca
000000a5
@000644ca
000000cd
@000664ca
000000f7
@000604cb
00000012
@000624cb
000000a5
@000644cb
000000cd
@000664cb
000000f7
@000604cc
00000012
@000624cc
000000a5
@000644cc
000000cd
@000664cc
000000f7
@000604cd
00000012
@000624cd
000000a5
@000644cd
000000cd
@000664cd
000000f7
@000604ce
00000012
@000624ce
000000a5
@000644ce
000000cd
@000664ce
000000f7
@000604cf
00000012
@000624cf
000000a5
@000644cf
000000cd
@000664cf
000000f7
@000604d0
00000012
@000624d0
000000a5
@000644d0
000000cd
@000664d0
000000f7
@000604d1
00000012
@000624d1
000000a5
@000644d1
000000cd
@000664d1
000000f7
@000604d2
00000012
@000624d2
000000a5
@000644d2
000000cd
@000664d2
000000f7
@000604d3
00000012
@000624d3
000000a5
@000644d3
000000cd
@000664d3
000000f7
@000604d4
00000012
@000624d4
000000a5
@000644d4
000000cd
@000664d4
000000f7
@000604d5
00000012
@000624d5
000000a5
@000644d5
000000cd
@000664d5
000000f7
@000604d6
00000012
@000624d6
000000a5
@000644d6
000000cd
@000664d6
000000f7
@000604d7
00000012
@000624d7
000000a5
@000644d7
000000cd
@000664d7
000000f7
@000604d8
00000012
@000624d8
000000a5
@000644d8
000000cd
@000664d8
000000f7
@000604d9
00000012
@000624d9
000000a5
@000644d9
000000cd
@000664d9
000000f7
@000604da
00000012
@000624da
000000a5
@000644da
000000cd
@000664da
000000f7
@000604db
00000012
@000624db
000000a5
@000644db
000000cd
@000664db
000000f7
@000604dc
00000012
@000624dc
000000a5
@000644dc
000000cd
@000664dc
000000f7
@000604dd
00000012
@000624dd
000000a5
@000644dd
000000cd
@000664dd
000000f7
@000604de
00000012
@000624de
000000a5
@000644de
000000cd
@000664de
000000f7
@000604df
00000012
@000624df
000000a5
@000644df
000000cd
@000664df
000000f7
@000604e0
00000012
@000624e0
000000a5
@000644e0
000000cd
@000664e0
000000f7
@000604e1
00000012
@000624e1
000000a5
@000644e1
000000cd
@000664e1
000000f7
@000604e2
00000012
@000624e2
000000a5
@000644e2
000000cd
@000664e2
000000f7
@000604e3
00000012
@000624e3
000000a5
@000644e3
000000cd
@000664e3
000000f7
@000604e4
00000012
@000624e4
000000a5
@000644e4
000000cd
@000664e4
000000f7
@000604e5
00000012
@000624e5
000000a5
@000644e5
000000cd
@000664e5
000000f7
@000604e6
00000012
@000624e6
000000a5
@000644e6
000000cd
@000664e6
000000f7
@000604e7
00000012
@000624e7
000000a5
@000644e7
000000cd
@000664e7
000000f7
@000604e8
00000012
@000624e8
000000a5
@000644e8
000000cd
@000664e8
000000f7
@000604e9
00000012
@000624e9
000000a5
@000644e9
000000cd
@000664e9
000000f7
@000604ea
00000012
@000624ea
000000a5
@000644ea
000000cd
@000664ea
000000f7
@000604eb
00000012
@000624eb
000000a5
@000644eb
000000cd
@000664eb
000000f7
@000604ec
00000012
@000624ec
000000a5
@000644ec
000000cd
@000664ec
000000f7
@000604ed
00000012
@000624ed
000000a5
@000644ed
000000cd
@000664ed
000000f7
@000604ee
00000012
@000624ee
000000a5
@000644ee
000000cd
@000664ee
000000f7
@000604ef
00000012
@000624ef
000000a5
@000644ef
000000cd
@000664ef
000000f7
@000604f0
00000012
@000624f0
000000a5
@000644f0
000000cd
@000664f0
000000f7
@000604f1
00000012
@000624f1
000000a5
@000644f1
000000cd
@000664f1
000000f7
@000604f2
00000012
@000624f2
000000a5
@000644f2
000000cd
@000664f2
000000f7
@000604f3
00000012
@000624f3
000000a5
@000644f3
000000cd
@000664f3
000000f7
@000604f4
00000012
@000624f4
000000a5
@000644f4
000000cd
@000664f4
000000f7
@000604f5
00000012
@000624f5
000000a5
@000644f5
000000cd
@000664f5
000000f7
@000604f6
00000012
@000624f6
000000a5
@000644f6
000000cd
@000664f6
000000f7
@000604f7
00000012
@000624f7
000000a5
@000644f7
000000cd
@000664f7
000000f7
@000604f8
00000012
@000624f8
000000a5
@000644f8
000000cd
@000664f8
000000f7
@000604f9
00000012
@000624f9
000000a5
@000644f9
000000cd
@000664f9
000000f7
@000604fa
00000012
@000624fa
000000a5
@000644fa
000000cd
@000664fa
000000f7
@000604fb
00000012
@000624fb
000000a5
@000644fb
000000cd
@000664fb
000000f7
@000604fc
00000012
@000624fc
000000a5
@000644fc
000000cd
@000664fc
000000f7
@000604fd
00000012
@000624fd
000000a5
@000644fd
000000cd
@000664fd
000000f7
@000604fe
00000012
@000624fe
000000a5
@000644fe
000000cd
@000664fe
000000f7
@000604ff
00000012
@000624ff
000000a5
@000644ff
000000cd
@000664ff
000000f7
@00060500
00000012
@00062500
000000a5
@00064500
000000cd
@00066500
000000f7
@00060501
00000012
@00062501
000000a5
@00064501
000000cd
@00066501
000000f7
@00060502
00000012
@00062502
000000a5
@00064502
000000cd
@00066502
000000f7
@00060503
00000012
@00062503
000000a5
@00064503
000000cd
@00066503
000000f7
@00060504
00000012
@00062504
000000a5
@00064504
000000cd
@00066504
000000f7
@00060505
00000012
@00062505
000000a5
@00064505
000000cd
@00066505
000000f7
@00060506
00000012
@00062506
000000a5
@00064506
000000cd
@00066506
000000f7
@00060507
00000012
@00062507
000000a5
@00064507
000000cd
@00066507
000000f7
@00060508
00000012
@00062508
000000a5
@00064508
000000cd
@00066508
000000f7
@00060509
00000012
@00062509
000000a5
@00064509
000000cd
@00066509
000000f7
@0006050a
00000012
@0006250a
000000a5
@0006450a
000000cd
@0006650a
000000f7
@0006050b
00000012
@0006250b
000000a5
@0006450b
000000cd
@0006650b
000000f7
@0006050c
00000012
@0006250c
000000a5
@0006450c
000000cd
@0006650c
000000f7
@0006050d
00000012
@0006250d
000000a5
@0006450d
000000cd
@0006650d
000000f7
@0006050e
00000012
@0006250e
000000a5
@0006450e
000000cd
@0006650e
000000f7
@0006050f
00000012
@0006250f
000000a5
@0006450f
000000cd
@0006650f
000000f7
@00060510
00000012
@00062510
000000a5
@00064510
000000cd
@00066510
000000f7
@00060511
00000012
@00062511
000000a5
@00064511
000000cd
@00066511
000000f7
@00060512
00000012
@00062512
000000a5
@00064512
000000cd
@00066512
000000f7
@00060513
00000012
@00062513
000000a5
@00064513
000000cd
@00066513
000000f7
@00060514
00000012
@00062514
000000a5
@00064514
000000cd
@00066514
000000f7
@00060515
00000012
@00062515
000000a5
@00064515
000000cd
@00066515
000000f7
@00060516
00000012
@00062516
000000a5
@00064516
000000cd
@00066516
000000f7
@00060517
00000012
@00062517
000000a5
@00064517
000000cd
@00066517
000000f7
@00060518
00000012
@00062518
000000a5
@00064518
000000cd
@00066518
000000f7
@00060519
00000012
@00062519
000000a5
@00064519
000000cd
@00066519
000000f7
@0006051a
00000012
@0006251a
000000a5
@0006451a
000000cd
@0006651a
000000f7
@0006051b
00000012
@0006251b
000000a5
@0006451b
000000cd
@0006651b
000000f7
@0006051c
00000012
@0006251c
000000a5
@0006451c
000000cd
@0006651c
000000f7
@0006051d
00000012
@0006251d
000000a5
@0006451d
000000cd
@0006651d
000000f7
@0006051e
00000012
@0006251e
000000a5
@0006451e
000000cd
@0006651e
000000f7
@0006051f
00000012
@0006251f
000000a5
@0006451f
000000cd
@0006651f
000000f7
@00060520
00000012
@00062520
000000a5
@00064520
000000cd
@00066520
000000f7
@00060521
00000012
@00062521
000000a5
@00064521
000000cd
@00066521
000000f7
@00060522
00000012
@00062522
000000a5
@00064522
000000cd
@00066522
000000f7
@00060523
00000012
@00062523
000000a5
@00064523
000000cd
@00066523
000000f7
@00060524
00000012
@00062524
000000a5
@00064524
000000cd
@00066524
000000f7
@00060525
00000012
@00062525
000000a5
@00064525
000000cd
@00066525
000000f7
@00060526
00000012
@00062526
000000a5
@00064526
000000cd
@00066526
000000f7
@00060527
00000012
@00062527
000000a5
@00064527
000000cd
@00066527
000000f7
@00060528
00000012
@00062528
000000a5
@00064528
000000cd
@00066528
000000f7
@00060529
00000012
@00062529
000000a5
@00064529
000000cd
@00066529
000000f7
@0006052a
00000012
@0006252a
000000a5
@0006452a
000000cd
@0006652a
000000f7
@0006052b
00000012
@0006252b
000000a5
@0006452b
000000cd
@0006652b
000000f7
@0006052c
00000012
@0006252c
000000a5
@0006452c
000000cd
@0006652c
000000f7
@0006052d
00000012
@0006252d
000000a5
@0006452d
000000cd
@0006652d
000000f7
@0006052e
00000012
@0006252e
000000a5
@0006452e
000000cd
@0006652e
000000f7
@0006052f
00000012
@0006252f
000000a5
@0006452f
000000cd
@0006652f
000000f7
@00060530
00000012
@00062530
000000a5
@00064530
000000cd
@00066530
000000f7
@00060531
00000012
@00062531
000000a5
@00064531
000000cd
@00066531
000000f7
@00060532
00000012
@00062532
000000a5
@00064532
000000cd
@00066532
000000f7
@00060533
00000012
@00062533
000000a5
@00064533
000000cd
@00066533
000000f7
@00060534
00000012
@00062534
000000a5
@00064534
000000cd
@00066534
000000f7
@00060535
00000012
@00062535
000000a5
@00064535
000000cd
@00066535
000000f7
@00060536
00000012
@00062536
000000a5
@00064536
000000cd
@00066536
000000f7
@00060537
00000012
@00062537
000000a5
@00064537
000000cd
@00066537
000000f7
@00060538
00000012
@00062538
000000a5
@00064538
000000cd
@00066538
000000f7
@00060539
00000012
@00062539
000000a5
@00064539
000000cd
@00066539
000000f7
@0006053a
00000012
@0006253a
000000a5
@0006453a
000000cd
@0006653a
000000f7
@0006053b
00000012
@0006253b
000000a5
@0006453b
000000cd
@0006653b
000000f7
@0006053c
00000012
@0006253c
000000a5
@0006453c
000000cd
@0006653c
000000f7
@0006053d
00000012
@0006253d
000000a5
@0006453d
000000cd
@0006653d
000000f7
@0006053e
00000012
@0006253e
000000a5
@0006453e
000000cd
@0006653e
000000f7
@0006053f
00000012
@0006253f
000000a5
@0006453f
000000cd
@0006653f
000000f7
@00060540
00000012
@00062540
000000a5
@00064540
000000cd
@00066540
000000f7
@00060541
00000012
@00062541
000000a5
@00064541
000000cd
@00066541
000000f7
@00060542
00000012
@00062542
000000a5
@00064542
000000cd
@00066542
000000f7
@00060543
00000012
@00062543
000000a5
@00064543
000000cd
@00066543
000000f7
@00060544
00000012
@00062544
000000a5
@00064544
000000cd
@00066544
000000f7
@00060545
00000012
@00062545
000000a5
@00064545
000000cd
@00066545
000000f7
@00060546
00000012
@00062546
000000a5
@00064546
000000cd
@00066546
000000f7
@00060547
00000012
@00062547
000000a5
@00064547
000000cd
@00066547
000000f7
@00060548
00000012
@00062548
000000a5
@00064548
000000cd
@00066548
000000f7
@00060549
00000012
@00062549
000000a5
@00064549
000000cd
@00066549
000000f7
@0006054a
00000012
@0006254a
000000a5
@0006454a
000000cd
@0006654a
000000f7
@0006054b
00000012
@0006254b
000000a5
@0006454b
000000cd
@0006654b
000000f7
@0006054c
00000012
@0006254c
000000a5
@0006454c
000000cd
@0006654c
000000f7
@0006054d
00000012
@0006254d
000000a5
@0006454d
000000cd
@0006654d
000000f7
@0006054e
00000012
@0006254e
000000a5
@0006454e
000000cd
@0006654e
000000f7
@0006054f
00000012
@0006254f
000000a5
@0006454f
000000cd
@0006654f
000000f7
@00060550
00000012
@00062550
000000a5
@00064550
000000cd
@00066550
000000f7
@00060551
00000012
@00062551
000000a5
@00064551
000000cd
@00066551
000000f7
@00060552
00000012
@00062552
000000a5
@00064552
000000cd
@00066552
000000f7
@00060553
00000012
@00062553
000000a5
@00064553
000000cd
@00066553
000000f7
@00060554
00000012
@00062554
000000a5
@00064554
000000cd
@00066554
000000f7
@00060555
00000012
@00062555
000000a5
@00064555
000000cd
@00066555
000000f7
@00060556
00000012
@00062556
000000a5
@00064556
000000cd
@00066556
000000f7
@00060557
00000012
@00062557
000000a5
@00064557
000000cd
@00066557
000000f7
@00060558
00000012
@00062558
000000a5
@00064558
000000cd
@00066558
000000f7
@00060559
00000012
@00062559
000000a5
@00064559
000000cd
@00066559
000000f7
@0006055a
00000012
@0006255a
000000a5
@0006455a
000000cd
@0006655a
000000f7
@0006055b
00000012
@0006255b
000000a5
@0006455b
000000cd
@0006655b
000000f7
@0006055c
00000012
@0006255c
000000a5
@0006455c
000000cd
@0006655c
000000f7
@0006055d
00000012
@0006255d
000000a5
@0006455d
000000cd
@0006655d
000000f7
@0006055e
00000012
@0006255e
000000a5
@0006455e
000000cd
@0006655e
000000f7
@0006055f
00000012
@0006255f
000000a5
@0006455f
000000cd
@0006655f
000000f7
@00060560
00000012
@00062560
000000a5
@00064560
000000cd
@00066560
000000f7
@00060561
00000012
@00062561
000000a5
@00064561
000000cd
@00066561
000000f7
@00060562
00000012
@00062562
000000a5
@00064562
000000cd
@00066562
000000f7
@00060563
00000012
@00062563
000000a5
@00064563
000000cd
@00066563
000000f7
@00060564
00000012
@00062564
000000a5
@00064564
000000cd
@00066564
000000f7
@00060565
00000012
@00062565
000000a5
@00064565
000000cd
@00066565
000000f7
@00060566
00000012
@00062566
000000a5
@00064566
000000cd
@00066566
000000f7
@00060567
00000012
@00062567
000000a5
@00064567
000000cd
@00066567
000000f7
@00060568
00000012
@00062568
000000a5
@00064568
000000cd
@00066568
000000f7
@00060569
00000012
@00062569
000000a5
@00064569
000000cd
@00066569
000000f7
@0006056a
00000012
@0006256a
000000a5
@0006456a
000000cd
@0006656a
000000f7
@0006056b
00000012
@0006256b
000000a5
@0006456b
000000cd
@0006656b
000000f7
@0006056c
00000012
@0006256c
000000a5
@0006456c
000000cd
@0006656c
000000f7
@0006056d
00000012
@0006256d
000000a5
@0006456d
000000cd
@0006656d
000000f7
@0006056e
00000012
@0006256e
000000a5
@0006456e
000000cd
@0006656e
000000f7
@0006056f
00000012
@0006256f
000000a5
@0006456f
000000cd
@0006656f
000000f7
@00060570
00000012
@00062570
000000a5
@00064570
000000cd
@00066570
000000f7
@00060571
00000012
@00062571
000000a5
@00064571
000000cd
@00066571
000000f7
@00060572
00000012
@00062572
000000a5
@00064572
000000cd
@00066572
000000f7
@00060573
00000012
@00062573
000000a5
@00064573
000000cd
@00066573
000000f7
@00060574
00000012
@00062574
000000a5
@00064574
000000cd
@00066574
000000f7
@00060575
00000012
@00062575
000000a5
@00064575
000000cd
@00066575
000000f7
@00060576
00000012
@00062576
000000a5
@00064576
000000cd
@00066576
000000f7
@00060577
00000012
@00062577
000000a5
@00064577
000000cd
@00066577
000000f7
@00060578
00000012
@00062578
000000a5
@00064578
000000cd
@00066578
000000f7
@00060579
00000012
@00062579
000000a5
@00064579
000000cd
@00066579
000000f7
@0006057a
00000012
@0006257a
000000a5
@0006457a
000000cd
@0006657a
000000f7
@0006057b
00000012
@0006257b
000000a5
@0006457b
000000cd
@0006657b
000000f7
@0006057c
00000012
@0006257c
000000a5
@0006457c
000000cd
@0006657c
000000f7
@0006057d
00000012
@0006257d
000000a5
@0006457d
000000cd
@0006657d
000000f7
@0006057e
00000012
@0006257e
000000a5
@0006457e
000000cd
@0006657e
000000f7
@0006057f
00000012
@0006257f
000000a5
@0006457f
000000cd
@0006657f
000000f7
@00060580
00000012
@00062580
000000a5
@00064580
000000cd
@00066580
000000f7
@00060581
00000012
@00062581
000000a5
@00064581
000000cd
@00066581
000000f7
@00060582
00000012
@00062582
000000a5
@00064582
000000cd
@00066582
000000f7
@00060583
00000012
@00062583
000000a5
@00064583
000000cd
@00066583
000000f7
@00060584
00000012
@00062584
000000a5
@00064584
000000cd
@00066584
000000f7
@00060585
00000012
@00062585
000000a5
@00064585
000000cd
@00066585
000000f7
@00060586
00000012
@00062586
000000a5
@00064586
000000cd
@00066586
000000f7
@00060587
00000012
@00062587
000000a5
@00064587
000000cd
@00066587
000000f7
@00060588
00000012
@00062588
000000a5
@00064588
000000cd
@00066588
000000f7
@00060589
00000012
@00062589
000000a5
@00064589
000000cd
@00066589
000000f7
@0006058a
00000012
@0006258a
000000a5
@0006458a
000000cd
@0006658a
000000f7
@0006058b
00000012
@0006258b
000000a5
@0006458b
000000cd
@0006658b
000000f7
@0006058c
00000012
@0006258c
000000a5
@0006458c
000000cd
@0006658c
000000f7
@0006058d
00000012
@0006258d
000000a5
@0006458d
000000cd
@0006658d
000000f7
@0006058e
00000012
@0006258e
000000a5
@0006458e
000000cd
@0006658e
000000f7
@0006058f
00000012
@0006258f
000000a5
@0006458f
000000cd
@0006658f
000000f7
@00060590
00000012
@00062590
000000a5
@00064590
000000cd
@00066590
000000f7
@00060591
00000012
@00062591
000000a5
@00064591
000000cd
@00066591
000000f7
@00060592
00000012
@00062592
000000a5
@00064592
000000cd
@00066592
000000f7
@00060593
00000012
@00062593
000000a5
@00064593
000000cd
@00066593
000000f7
@00060594
00000012
@00062594
000000a5
@00064594
000000cd
@00066594
000000f7
@00060595
00000012
@00062595
000000a5
@00064595
000000cd
@00066595
000000f7
@00060596
00000012
@00062596
000000a5
@00064596
000000cd
@00066596
000000f7
@00060597
00000012
@00062597
000000a5
@00064597
000000cd
@00066597
000000f7
@00060598
00000012
@00062598
000000a5
@00064598
000000cd
@00066598
000000f7
@00060599
00000012
@00062599
000000a5
@00064599
000000cd
@00066599
000000f7
@0006059a
00000012
@0006259a
000000a5
@0006459a
000000cd
@0006659a
000000f7
@0006059b
00000012
@0006259b
000000a5
@0006459b
000000cd
@0006659b
000000f7
@0006059c
00000012
@0006259c
000000a5
@0006459c
000000cd
@0006659c
000000f7
@0006059d
00000012
@0006259d
000000a5
@0006459d
000000cd
@0006659d
000000f7
@0006059e
00000012
@0006259e
000000a5
@0006459e
000000cd
@0006659e
000000f7
@0006059f
00000012
@0006259f
000000a5
@0006459f
000000cd
@0006659f
000000f7
@000605a0
00000012
@000625a0
000000a5
@000645a0
000000cd
@000665a0
000000f7
@000605a1
00000012
@000625a1
000000a5
@000645a1
000000cd
@000665a1
000000f7
@000605a2
00000012
@000625a2
000000a5
@000645a2
000000cd
@000665a2
000000f7
@000605a3
00000012
@000625a3
000000a5
@000645a3
000000cd
@000665a3
000000f7
@000605a4
00000012
@000625a4
000000a5
@000645a4
000000cd
@000665a4
000000f7
@000605a5
00000012
@000625a5
000000a5
@000645a5
000000cd
@000665a5
000000f7
@000605a6
00000012
@000625a6
000000a5
@000645a6
000000cd
@000665a6
000000f7
@000605a7
00000012
@000625a7
000000a5
@000645a7
000000cd
@000665a7
000000f7
@000605a8
00000012
@000625a8
000000a5
@000645a8
000000cd
@000665a8
000000f7
@000605a9
00000012
@000625a9
000000a5
@000645a9
000000cd
@000665a9
000000f7
@000605aa
00000012
@000625aa
000000a5
@000645aa
000000cd
@000665aa
000000f7
@000605ab
00000012
@000625ab
000000a5
@000645ab
000000cd
@000665ab
000000f7
@000605ac
00000012
@000625ac
000000a5
@000645ac
000000cd
@000665ac
000000f7
@000605ad
00000012
@000625ad
000000a5
@000645ad
000000cd
@000665ad
000000f7
@000605ae
00000012
@000625ae
000000a5
@000645ae
000000cd
@000665ae
000000f7
@000605af
00000012
@000625af
000000a5
@000645af
000000cd
@000665af
000000f7
@000605b0
00000012
@000625b0
000000a5
@000645b0
000000cd
@000665b0
000000f7
@000605b1
00000012
@000625b1
000000a5
@000645b1
000000cd
@000665b1
000000f7
@000605b2
00000012
@000625b2
000000a5
@000645b2
000000cd
@000665b2
000000f7
@000605b3
00000012
@000625b3
000000a5
@000645b3
000000cd
@000665b3
000000f7
@000605b4
00000012
@000625b4
000000a5
@000645b4
000000cd
@000665b4
000000f7
@000605b5
00000012
@000625b5
000000a5
@000645b5
000000cd
@000665b5
000000f7
@000605b6
00000012
@000625b6
000000a5
@000645b6
000000cd
@000665b6
000000f7
@000605b7
00000012
@000625b7
000000a5
@000645b7
000000cd
@000665b7
000000f7
@000605b8
00000012
@000625b8
000000a5
@000645b8
000000cd
@000665b8
000000f7
@000605b9
00000012
@000625b9
000000a5
@000645b9
000000cd
@000665b9
000000f7
@000605ba
00000012
@000625ba
000000a5
@000645ba
000000cd
@000665ba
000000f7
@000605bb
00000012
@000625bb
000000a5
@000645bb
000000cd
@000665bb
000000f7
@000605bc
00000012
@000625bc
000000a5
@000645bc
000000cd
@000665bc
000000f7
@000605bd
00000012
@000625bd
000000a5
@000645bd
000000cd
@000665bd
000000f7
@000605be
00000012
@000625be
000000a5
@000645be
000000cd
@000665be
000000f7
@000605bf
00000012
@000625bf
000000a5
@000645bf
000000cd
@000665bf
000000f7
@000605c0
00000012
@000625c0
000000a5
@000645c0
000000cd
@000665c0
000000f7
@000605c1
00000012
@000625c1
000000a5
@000645c1
000000cd
@000665c1
000000f7
@000605c2
00000012
@000625c2
000000a5
@000645c2
000000cd
@000665c2
000000f7
@000605c3
00000012
@000625c3
000000a5
@000645c3
000000cd
@000665c3
000000f7
@000605c4
00000012
@000625c4
000000a5
@000645c4
000000cd
@000665c4
000000f7
@000605c5
00000012
@000625c5
000000a5
@000645c5
000000cd
@000665c5
000000f7
@000605c6
00000012
@000625c6
000000a5
@000645c6
000000cd
@000665c6
000000f7
@000605c7
00000012
@000625c7
000000a5
@000645c7
000000cd
@000665c7
000000f7
@000605c8
00000012
@000625c8
000000a5
@000645c8
000000cd
@000665c8
000000f7
@000605c9
00000012
@000625c9
000000a5
@000645c9
000000cd
@000665c9
000000f7
@000605ca
00000012
@000625ca
000000a5
@000645ca
000000cd
@000665ca
000000f7
@000605cb
00000012
@000625cb
000000a5
@000645cb
000000cd
@000665cb
000000f7
@000605cc
00000012
@000625cc
000000a5
@000645cc
000000cd
@000665cc
000000f7
@000605cd
00000012
@000625cd
000000a5
@000645cd
000000cd
@000665cd
000000f7
@000605ce
00000012
@000625ce
000000a5
@000645ce
000000cd
@000665ce
000000f7
@000605cf
00000012
@000625cf
000000a5
@000645cf
000000cd
@000665cf
000000f7
@000605d0
00000012
@000625d0
000000a5
@000645d0
000000cd
@000665d0
000000f7
@000605d1
00000012
@000625d1
000000a5
@000645d1
000000cd
@000665d1
000000f7
@000605d2
00000012
@000625d2
000000a5
@000645d2
000000cd
@000665d2
000000f7
@000605d3
00000012
@000625d3
000000a5
@000645d3
000000cd
@000665d3
000000f7
@000605d4
00000012
@000625d4
000000a5
@000645d4
000000cd
@000665d4
000000f7
@000605d5
00000012
@000625d5
000000a5
@000645d5
000000cd
@000665d5
000000f7
@000605d6
00000012
@000625d6
000000a5
@000645d6
000000cd
@000665d6
000000f7
@000605d7
00000012
@000625d7
000000a5
@000645d7
000000cd
@000665d7
000000f7
@000605d8
00000012
@000625d8
000000a5
@000645d8
000000cd
@000665d8
000000f7
@000605d9
00000012
@000625d9
000000a5
@000645d9
000000cd
@000665d9
000000f7
@000605da
00000012
@000625da
000000a5
@000645da
000000cd
@000665da
000000f7
@000605db
00000012
@000625db
000000a5
@000645db
000000cd
@000665db
000000f7
@000605dc
00000012
@000625dc
000000a5
@000645dc
000000cd
@000665dc
000000f7
@000605dd
00000012
@000625dd
000000a5
@000645dd
000000cd
@000665dd
000000f7
@000605de
00000012
@000625de
000000a5
@000645de
000000cd
@000665de
000000f7
@000605df
00000012
@000625df
000000a5
@000645df
000000cd
@000665df
000000f7
@000605e0
00000012
@000625e0
000000a5
@000645e0
000000cd
@000665e0
000000f7
@000605e1
00000012
@000625e1
000000a5
@000645e1
000000cd
@000665e1
000000f7
@000605e2
00000012
@000625e2
000000a5
@000645e2
000000cd
@000665e2
000000f7
@000605e3
00000012
@000625e3
000000a5
@000645e3
000000cd
@000665e3
000000f7
@000605e4
00000012
@000625e4
000000a5
@000645e4
000000cd
@000665e4
000000f7
@000605e5
00000012
@000625e5
000000a5
@000645e5
000000cd
@000665e5
000000f7
@000605e6
00000012
@000625e6
000000a5
@000645e6
000000cd
@000665e6
000000f7
@000605e7
00000012
@000625e7
000000a5
@000645e7
000000cd
@000665e7
000000f7
@000605e8
00000012
@000625e8
000000a5
@000645e8
000000cd
@000665e8
000000f7
@000605e9
00000012
@000625e9
000000a5
@000645e9
000000cd
@000665e9
000000f7
@000605ea
00000012
@000625ea
000000a5
@000645ea
000000cd
@000665ea
000000f7
@000605eb
00000012
@000625eb
000000a5
@000645eb
000000cd
@000665eb
000000f7
@000605ec
00000012
@000625ec
000000a5
@000645ec
000000cd
@000665ec
000000f7
@000605ed
00000012
@000625ed
000000a5
@000645ed
000000cd
@000665ed
000000f7
@000605ee
00000012
@000625ee
000000a5
@000645ee
000000cd
@000665ee
000000f7
@000605ef
00000012
@000625ef
000000a5
@000645ef
000000cd
@000665ef
000000f7
@000605f0
00000012
@000625f0
000000a5
@000645f0
000000cd
@000665f0
000000f7
@000605f1
00000012
@000625f1
000000a5
@000645f1
000000cd
@000665f1
000000f7
@000605f2
00000012
@000625f2
000000a5
@000645f2
000000cd
@000665f2
000000f7
@000605f3
00000012
@000625f3
000000a5
@000645f3
000000cd
@000665f3
000000f7
@000605f4
00000012
@000625f4
000000a5
@000645f4
000000cd
@000665f4
000000f7
@000605f5
00000012
@000625f5
000000a5
@000645f5
000000cd
@000665f5
000000f7
@000605f6
00000012
@000625f6
000000a5
@000645f6
000000cd
@000665f6
000000f7
@000605f7
00000012
@000625f7
000000a5
@000645f7
000000cd
@000665f7
000000f7
@000605f8
00000012
@000625f8
000000a5
@000645f8
000000cd
@000665f8
000000f7
@000605f9
00000012
@000625f9
000000a5
@000645f9
000000cd
@000665f9
000000f7
@000605fa
00000012
@000625fa
000000a5
@000645fa
000000cd
@000665fa
000000f7
@000605fb
00000012
@000625fb
000000a5
@000645fb
000000cd
@000665fb
000000f7
@000605fc
00000012
@000625fc
000000a5
@000645fc
000000cd
@000665fc
000000f7
@000605fd
00000012
@000625fd
000000a5
@000645fd
000000cd
@000665fd
000000f7
@000605fe
00000012
@000625fe
000000a5
@000645fe
000000cd
@000665fe
000000f7
@000605ff
00000012
@000625ff
000000a5
@000645ff
000000cd
@000665ff
000000f7
@00060600
00000012
@00062600
000000a5
@00064600
000000cd
@00066600
000000f7
@00060601
00000012
@00062601
000000a5
@00064601
000000cd
@00066601
000000f7
@00060602
00000012
@00062602
000000a5
@00064602
000000cd
@00066602
000000f7
@00060603
00000012
@00062603
000000a5
@00064603
000000cd
@00066603
000000f7
@00060604
00000012
@00062604
000000a5
@00064604
000000cd
@00066604
000000f7
@00060605
00000012
@00062605
000000a5
@00064605
000000cd
@00066605
000000f7
@00060606
00000012
@00062606
000000a5
@00064606
000000cd
@00066606
000000f7
@00060607
00000012
@00062607
000000a5
@00064607
000000cd
@00066607
000000f7
@00060608
00000012
@00062608
000000a5
@00064608
000000cd
@00066608
000000f7
@00060609
00000012
@00062609
000000a5
@00064609
000000cd
@00066609
000000f7
@0006060a
00000012
@0006260a
000000a5
@0006460a
000000cd
@0006660a
000000f7
@0006060b
00000012
@0006260b
000000a5
@0006460b
000000cd
@0006660b
000000f7
@0006060c
00000012
@0006260c
000000a5
@0006460c
000000cd
@0006660c
000000f7
@0006060d
00000012
@0006260d
000000a5
@0006460d
000000cd
@0006660d
000000f7
@0006060e
00000012
@0006260e
000000a5
@0006460e
000000cd
@0006660e
000000f7
@0006060f
00000012
@0006260f
000000a5
@0006460f
000000cd
@0006660f
000000f7
@00060610
00000012
@00062610
000000a5
@00064610
000000cd
@00066610
000000f7
@00060611
00000012
@00062611
000000a5
@00064611
000000cd
@00066611
000000f7
@00060612
00000012
@00062612
000000a5
@00064612
000000cd
@00066612
000000f7
@00060613
00000012
@00062613
000000a5
@00064613
000000cd
@00066613
000000f7
@00060614
00000012
@00062614
000000a5
@00064614
000000cd
@00066614
000000f7
@00060615
00000012
@00062615
000000a5
@00064615
000000cd
@00066615
000000f7
@00060616
00000012
@00062616
000000a5
@00064616
000000cd
@00066616
000000f7
@00060617
00000012
@00062617
000000a5
@00064617
000000cd
@00066617
000000f7
@00060618
00000012
@00062618
000000a5
@00064618
000000cd
@00066618
000000f7
@00060619
00000012
@00062619
000000a5
@00064619
000000cd
@00066619
000000f7
@0006061a
00000012
@0006261a
000000a5
@0006461a
000000cd
@0006661a
000000f7
@0006061b
00000012
@0006261b
000000a5
@0006461b
000000cd
@0006661b
000000f7
@0006061c
00000012
@0006261c
000000a5
@0006461c
000000cd
@0006661c
000000f7
@0006061d
00000012
@0006261d
000000a5
@0006461d
000000cd
@0006661d
000000f7
@0006061e
00000012
@0006261e
000000a5
@0006461e
000000cd
@0006661e
000000f7
@0006061f
00000012
@0006261f
000000a5
@0006461f
000000cd
@0006661f
000000f7
@00060620
00000012
@00062620
000000a5
@00064620
000000cd
@00066620
000000f7
@00060621
00000012
@00062621
000000a5
@00064621
000000cd
@00066621
000000f7
@00060622
00000012
@00062622
000000a5
@00064622
000000cd
@00066622
000000f7
@00060623
00000012
@00062623
000000a5
@00064623
000000cd
@00066623
000000f7
@00060624
00000012
@00062624
000000a5
@00064624
000000cd
@00066624
000000f7
@00060625
00000012
@00062625
000000a5
@00064625
000000cd
@00066625
000000f7
@00060626
00000012
@00062626
000000a5
@00064626
000000cd
@00066626
000000f7
@00060627
00000012
@00062627
000000a5
@00064627
000000cd
@00066627
000000f7
@00060628
00000012
@00062628
000000a5
@00064628
000000cd
@00066628
000000f7
@00060629
00000012
@00062629
000000a5
@00064629
000000cd
@00066629
000000f7
@0006062a
00000012
@0006262a
000000a5
@0006462a
000000cd
@0006662a
000000f7
@0006062b
00000012
@0006262b
000000a5
@0006462b
000000cd
@0006662b
000000f7
@0006062c
00000012
@0006262c
000000a5
@0006462c
000000cd
@0006662c
000000f7
@0006062d
00000012
@0006262d
000000a5
@0006462d
000000cd
@0006662d
000000f7
@0006062e
00000012
@0006262e
000000a5
@0006462e
000000cd
@0006662e
000000f7
@0006062f
00000012
@0006262f
000000a5
@0006462f
000000cd
@0006662f
000000f7
@00060630
00000012
@00062630
000000a5
@00064630
000000cd
@00066630
000000f7
@00060631
00000012
@00062631
000000a5
@00064631
000000cd
@00066631
000000f7
@00060632
00000012
@00062632
000000a5
@00064632
000000cd
@00066632
000000f7
@00060633
00000012
@00062633
000000a5
@00064633
000000cd
@00066633
000000f7
@00060634
00000012
@00062634
000000a5
@00064634
000000cd
@00066634
000000f7
@00060635
00000012
@00062635
000000a5
@00064635
000000cd
@00066635
000000f7
@00060636
00000012
@00062636
000000a5
@00064636
000000cd
@00066636
000000f7
@00060637
00000012
@00062637
000000a5
@00064637
000000cd
@00066637
000000f7
@00060638
00000012
@00062638
000000a5
@00064638
000000cd
@00066638
000000f7
@00060639
00000012
@00062639
000000a5
@00064639
000000cd
@00066639
000000f7
@0006063a
00000012
@0006263a
000000a5
@0006463a
000000cd
@0006663a
000000f7
@0006063b
00000012
@0006263b
000000a5
@0006463b
000000cd
@0006663b
000000f7
@0006063c
00000012
@0006263c
000000a5
@0006463c
000000cd
@0006663c
000000f7
@0006063d
00000012
@0006263d
000000a5
@0006463d
000000cd
@0006663d
000000f7
@0006063e
00000012
@0006263e
000000a5
@0006463e
000000cd
@0006663e
000000f7
@0006063f
00000012
@0006263f
000000a5
@0006463f
000000cd
@0006663f
000000f7
@00060640
00000012
@00062640
000000a5
@00064640
000000cd
@00066640
000000f7
@00060641
00000012
@00062641
000000a5
@00064641
000000cd
@00066641
000000f7
@00060642
00000012
@00062642
000000a5
@00064642
000000cd
@00066642
000000f7
@00060643
00000012
@00062643
000000a5
@00064643
000000cd
@00066643
000000f7
@00060644
00000012
@00062644
000000a5
@00064644
000000cd
@00066644
000000f7
@00060645
00000012
@00062645
000000a5
@00064645
000000cd
@00066645
000000f7
@00060646
00000012
@00062646
000000a5
@00064646
000000cd
@00066646
000000f7
@00060647
00000012
@00062647
000000a5
@00064647
000000cd
@00066647
000000f7
@00060648
00000012
@00062648
000000a5
@00064648
000000cd
@00066648
000000f7
@00060649
00000012
@00062649
000000a5
@00064649
000000cd
@00066649
000000f7
@0006064a
00000012
@0006264a
000000a5
@0006464a
000000cd
@0006664a
000000f7
@0006064b
00000012
@0006264b
000000a5
@0006464b
000000cd
@0006664b
000000f7
@0006064c
00000012
@0006264c
000000a5
@0006464c
000000cd
@0006664c
000000f7
@0006064d
00000012
@0006264d
000000a5
@0006464d
000000cd
@0006664d
000000f7
@0006064e
00000012
@0006264e
000000a5
@0006464e
000000cd
@0006664e
000000f7
@0006064f
00000012
@0006264f
000000a5
@0006464f
000000cd
@0006664f
000000f7
@00060650
00000012
@00062650
000000a5
@00064650
000000cd
@00066650
000000f7
@00060651
00000012
@00062651
000000a5
@00064651
000000cd
@00066651
000000f7
@00060652
00000012
@00062652
000000a5
@00064652
000000cd
@00066652
000000f7
@00060653
00000012
@00062653
000000a5
@00064653
000000cd
@00066653
000000f7
@00060654
00000012
@00062654
000000a5
@00064654
000000cd
@00066654
000000f7
@00060655
00000012
@00062655
000000a5
@00064655
000000cd
@00066655
000000f7
@00060656
00000012
@00062656
000000a5
@00064656
000000cd
@00066656
000000f7
@00060657
00000012
@00062657
000000a5
@00064657
000000cd
@00066657
000000f7
@00060658
00000012
@00062658
000000a5
@00064658
000000cd
@00066658
000000f7
@00060659
00000012
@00062659
000000a5
@00064659
000000cd
@00066659
000000f7
@0006065a
00000012
@0006265a
000000a5
@0006465a
000000cd
@0006665a
000000f7
@0006065b
00000012
@0006265b
000000a5
@0006465b
000000cd
@0006665b
000000f7
@0006065c
00000012
@0006265c
000000a5
@0006465c
000000cd
@0006665c
000000f7
@0006065d
00000012
@0006265d
000000a5
@0006465d
000000cd
@0006665d
000000f7
@0006065e
00000012
@0006265e
000000a5
@0006465e
000000cd
@0006665e
000000f7
@0006065f
00000012
@0006265f
000000a5
@0006465f
000000cd
@0006665f
000000f7
@00060660
00000012
@00062660
000000a5
@00064660
000000cd
@00066660
000000f7
@00060661
00000012
@00062661
000000a5
@00064661
000000cd
@00066661
000000f7
@00060662
00000012
@00062662
000000a5
@00064662
000000cd
@00066662
000000f7
@00060663
00000012
@00062663
000000a5
@00064663
000000cd
@00066663
000000f7
@00060664
00000012
@00062664
000000a5
@00064664
000000cd
@00066664
000000f7
@00060665
00000012
@00062665
000000a5
@00064665
000000cd
@00066665
000000f7
@00060666
00000012
@00062666
000000a5
@00064666
000000cd
@00066666
000000f7
@00060667
00000012
@00062667
000000a5
@00064667
000000cd
@00066667
000000f7
@00060668
00000012
@00062668
000000a5
@00064668
000000cd
@00066668
000000f7
@00060669
00000012
@00062669
000000a5
@00064669
000000cd
@00066669
000000f7
@0006066a
00000012
@0006266a
000000a5
@0006466a
000000cd
@0006666a
000000f7
@0006066b
00000012
@0006266b
000000a5
@0006466b
000000cd
@0006666b
000000f7
@0006066c
00000012
@0006266c
000000a5
@0006466c
000000cd
@0006666c
000000f7
@0006066d
00000012
@0006266d
000000a5
@0006466d
000000cd
@0006666d
000000f7
@0006066e
00000012
@0006266e
000000a5
@0006466e
000000cd
@0006666e
000000f7
@0006066f
00000012
@0006266f
000000a5
@0006466f
000000cd
@0006666f
000000f7
@00060670
00000012
@00062670
000000a5
@00064670
000000cd
@00066670
000000f7
@00060671
00000012
@00062671
000000a5
@00064671
000000cd
@00066671
000000f7
@00060672
00000012
@00062672
000000a5
@00064672
000000cd
@00066672
000000f7
@00060673
00000012
@00062673
000000a5
@00064673
000000cd
@00066673
000000f7
@00060674
00000012
@00062674
000000a5
@00064674
000000cd
@00066674
000000f7
@00060675
00000012
@00062675
000000a5
@00064675
000000cd
@00066675
000000f7
@00060676
00000012
@00062676
000000a5
@00064676
000000cd
@00066676
000000f7
@00060677
00000012
@00062677
000000a5
@00064677
000000cd
@00066677
000000f7
@00060678
00000012
@00062678
000000a5
@00064678
000000cd
@00066678
000000f7
@00060679
00000012
@00062679
000000a5
@00064679
000000cd
@00066679
000000f7
@0006067a
00000012
@0006267a
000000a5
@0006467a
000000cd
@0006667a
000000f7
@0006067b
00000012
@0006267b
000000a5
@0006467b
000000cd
@0006667b
000000f7
@0006067c
00000012
@0006267c
000000a5
@0006467c
000000cd
@0006667c
000000f7
@0006067d
00000012
@0006267d
000000a5
@0006467d
000000cd
@0006667d
000000f7
@0006067e
00000012
@0006267e
000000a5
@0006467e
000000cd
@0006667e
000000f7
@0006067f
00000012
@0006267f
000000a5
@0006467f
000000cd
@0006667f
000000f7
@00060680
00000012
@00062680
000000a5
@00064680
000000cd
@00066680
000000f7
@00060681
00000012
@00062681
000000a5
@00064681
000000cd
@00066681
000000f7
@00060682
00000012
@00062682
000000a5
@00064682
000000cd
@00066682
000000f7
@00060683
00000012
@00062683
000000a5
@00064683
000000cd
@00066683
000000f7
@00060684
00000012
@00062684
000000a5
@00064684
000000cd
@00066684
000000f7
@00060685
00000012
@00062685
000000a5
@00064685
000000cd
@00066685
000000f7
@00060686
00000012
@00062686
000000a5
@00064686
000000cd
@00066686
000000f7
@00060687
00000012
@00062687
000000a5
@00064687
000000cd
@00066687
000000f7
@00060688
00000012
@00062688
000000a5
@00064688
000000cd
@00066688
000000f7
@00060689
00000012
@00062689
000000a5
@00064689
000000cd
@00066689
000000f7
@0006068a
00000012
@0006268a
000000a5
@0006468a
000000cd
@0006668a
000000f7
@0006068b
00000012
@0006268b
000000a5
@0006468b
000000cd
@0006668b
000000f7
@0006068c
00000012
@0006268c
000000a5
@0006468c
000000cd
@0006668c
000000f7
@0006068d
00000012
@0006268d
000000a5
@0006468d
000000cd
@0006668d
000000f7
@0006068e
00000012
@0006268e
000000a5
@0006468e
000000cd
@0006668e
000000f7
@0006068f
00000012
@0006268f
000000a5
@0006468f
000000cd
@0006668f
000000f7
@00060690
00000012
@00062690
000000a5
@00064690
000000cd
@00066690
000000f7
@00060691
00000012
@00062691
000000a5
@00064691
000000cd
@00066691
000000f7
@00060692
00000012
@00062692
000000a5
@00064692
000000cd
@00066692
000000f7
@00060693
00000012
@00062693
000000a5
@00064693
000000cd
@00066693
000000f7
@00060694
00000012
@00062694
000000a5
@00064694
000000cd
@00066694
000000f7
@00060695
00000012
@00062695
000000a5
@00064695
000000cd
@00066695
000000f7
@00060696
00000012
@00062696
000000a5
@00064696
000000cd
@00066696
000000f7
@00060697
00000012
@00062697
000000a5
@00064697
000000cd
@00066697
000000f7
@00060698
00000012
@00062698
000000a5
@00064698
000000cd
@00066698
000000f7
@00060699
00000012
@00062699
000000a5
@00064699
000000cd
@00066699
000000f7
@0006069a
00000012
@0006269a
000000a5
@0006469a
000000cd
@0006669a
000000f7
@0006069b
00000012
@0006269b
000000a5
@0006469b
000000cd
@0006669b
000000f7
@0006069c
00000012
@0006269c
000000a5
@0006469c
000000cd
@0006669c
000000f7
@0006069d
00000012
@0006269d
000000a5
@0006469d
000000cd
@0006669d
000000f7
@0006069e
00000012
@0006269e
000000a5
@0006469e
000000cd
@0006669e
000000f7
@0006069f
00000012
@0006269f
000000a5
@0006469f
000000cd
@0006669f
000000f7
@000606a0
00000012
@000626a0
000000a5
@000646a0
000000cd
@000666a0
000000f7
@000606a1
00000012
@000626a1
000000a5
@000646a1
000000cd
@000666a1
000000f7
@000606a2
00000012
@000626a2
000000a5
@000646a2
000000cd
@000666a2
000000f7
@000606a3
00000012
@000626a3
000000a5
@000646a3
000000cd
@000666a3
000000f7
@000606a4
00000012
@000626a4
000000a5
@000646a4
000000cd
@000666a4
000000f7
@000606a5
00000012
@000626a5
000000a5
@000646a5
000000cd
@000666a5
000000f7
@000606a6
00000012
@000626a6
000000a5
@000646a6
000000cd
@000666a6
000000f7
@000606a7
00000012
@000626a7
000000a5
@000646a7
000000cd
@000666a7
000000f7
@000606a8
00000012
@000626a8
000000a5
@000646a8
000000cd
@000666a8
000000f7
@000606a9
00000012
@000626a9
000000a5
@000646a9
000000cd
@000666a9
000000f7
@000606aa
00000012
@000626aa
000000a5
@000646aa
000000cd
@000666aa
000000f7
@000606ab
00000012
@000626ab
000000a5
@000646ab
000000cd
@000666ab
000000f7
@000606ac
00000012
@000626ac
000000a5
@000646ac
000000cd
@000666ac
000000f7
@000606ad
00000012
@000626ad
000000a5
@000646ad
000000cd
@000666ad
000000f7
@000606ae
00000012
@000626ae
000000a5
@000646ae
000000cd
@000666ae
000000f7
@000606af
00000012
@000626af
000000a5
@000646af
000000cd
@000666af
000000f7
@000606b0
00000012
@000626b0
000000a5
@000646b0
000000cd
@000666b0
000000f7
@000606b1
00000012
@000626b1
000000a5
@000646b1
000000cd
@000666b1
000000f7
@000606b2
00000012
@000626b2
000000a5
@000646b2
000000cd
@000666b2
000000f7
@000606b3
00000012
@000626b3
000000a5
@000646b3
000000cd
@000666b3
000000f7
@000606b4
00000012
@000626b4
000000a5
@000646b4
000000cd
@000666b4
000000f7
@000606b5
00000012
@000626b5
000000a5
@000646b5
000000cd
@000666b5
000000f7
@000606b6
00000012
@000626b6
000000a5
@000646b6
000000cd
@000666b6
000000f7
@000606b7
00000012
@000626b7
000000a5
@000646b7
000000cd
@000666b7
000000f7
@000606b8
00000012
@000626b8
000000a5
@000646b8
000000cd
@000666b8
000000f7
@000606b9
00000012
@000626b9
000000a5
@000646b9
000000cd
@000666b9
000000f7
@000606ba
00000012
@000626ba
000000a5
@000646ba
000000cd
@000666ba
000000f7
@000606bb
00000012
@000626bb
000000a5
@000646bb
000000cd
@000666bb
000000f7
@000606bc
00000012
@000626bc
000000a5
@000646bc
000000cd
@000666bc
000000f7
@000606bd
00000012
@000626bd
000000a5
@000646bd
000000cd
@000666bd
000000f7
@000606be
00000012
@000626be
000000a5
@000646be
000000cd
@000666be
000000f7
@000606bf
00000012
@000626bf
000000a5
@000646bf
000000cd
@000666bf
000000f7
@000606c0
00000012
@000626c0
000000a5
@000646c0
000000cd
@000666c0
000000f7
@000606c1
00000012
@000626c1
000000a5
@000646c1
000000cd
@000666c1
000000f7
@000606c2
00000012
@000626c2
000000a5
@000646c2
000000cd
@000666c2
000000f7
@000606c3
00000012
@000626c3
000000a5
@000646c3
000000cd
@000666c3
000000f7
@000606c4
00000012
@000626c4
000000a5
@000646c4
000000cd
@000666c4
000000f7
@000606c5
00000012
@000626c5
000000a5
@000646c5
000000cd
@000666c5
000000f7
@000606c6
00000012
@000626c6
000000a5
@000646c6
000000cd
@000666c6
000000f7
@000606c7
00000012
@000626c7
000000a5
@000646c7
000000cd
@000666c7
000000f7
@000606c8
00000012
@000626c8
000000a5
@000646c8
000000cd
@000666c8
000000f7
@000606c9
00000012
@000626c9
000000a5
@000646c9
000000cd
@000666c9
000000f7
@000606ca
00000012
@000626ca
000000a5
@000646ca
000000cd
@000666ca
000000f7
@000606cb
00000012
@000626cb
000000a5
@000646cb
000000cd
@000666cb
000000f7
@000606cc
00000012
@000626cc
000000a5
@000646cc
000000cd
@000666cc
000000f7
@000606cd
00000012
@000626cd
000000a5
@000646cd
000000cd
@000666cd
000000f7
@000606ce
00000012
@000626ce
000000a5
@000646ce
000000cd
@000666ce
000000f7
@000606cf
00000012
@000626cf
000000a5
@000646cf
000000cd
@000666cf
000000f7
@000606d0
00000012
@000626d0
000000a5
@000646d0
000000cd
@000666d0
000000f7
@000606d1
00000012
@000626d1
000000a5
@000646d1
000000cd
@000666d1
000000f7
@000606d2
00000012
@000626d2
000000a5
@000646d2
000000cd
@000666d2
000000f7
@000606d3
00000012
@000626d3
000000a5
@000646d3
000000cd
@000666d3
000000f7
@000606d4
00000012
@000626d4
000000a5
@000646d4
000000cd
@000666d4
000000f7
@000606d5
00000012
@000626d5
000000a5
@000646d5
000000cd
@000666d5
000000f7
@000606d6
00000012
@000626d6
000000a5
@000646d6
000000cd
@000666d6
000000f7
@000606d7
00000012
@000626d7
000000a5
@000646d7
000000cd
@000666d7
000000f7
@000606d8
00000012
@000626d8
000000a5
@000646d8
000000cd
@000666d8
000000f7
@000606d9
00000012
@000626d9
000000a5
@000646d9
000000cd
@000666d9
000000f7
@000606da
00000012
@000626da
000000a5
@000646da
000000cd
@000666da
000000f7
@000606db
00000012
@000626db
000000a5
@000646db
000000cd
@000666db
000000f7
@000606dc
00000012
@000626dc
000000a5
@000646dc
000000cd
@000666dc
000000f7
@000606dd
00000012
@000626dd
000000a5
@000646dd
000000cd
@000666dd
000000f7
@000606de
00000012
@000626de
000000a5
@000646de
000000cd
@000666de
000000f7
@000606df
00000012
@000626df
000000a5
@000646df
000000cd
@000666df
000000f7
@000606e0
00000012
@000626e0
000000a5
@000646e0
000000cd
@000666e0
000000f7
@000606e1
00000012
@000626e1
000000a5
@000646e1
000000cd
@000666e1
000000f7
@000606e2
00000012
@000626e2
000000a5
@000646e2
000000cd
@000666e2
000000f7
@000606e3
00000012
@000626e3
000000a5
@000646e3
000000cd
@000666e3
000000f7
@000606e4
00000012
@000626e4
000000a5
@000646e4
000000cd
@000666e4
000000f7
@000606e5
00000012
@000626e5
000000a5
@000646e5
000000cd
@000666e5
000000f7
@000606e6
00000012
@000626e6
000000a5
@000646e6
000000cd
@000666e6
000000f7
@000606e7
00000012
@000626e7
000000a5
@000646e7
000000cd
@000666e7
000000f7
@000606e8
00000012
@000626e8
000000a5
@000646e8
000000cd
@000666e8
000000f7
@000606e9
00000012
@000626e9
000000a5
@000646e9
000000cd
@000666e9
000000f7
@000606ea
00000012
@000626ea
000000a5
@000646ea
000000cd
@000666ea
000000f7
@000606eb
00000012
@000626eb
000000a5
@000646eb
000000cd
@000666eb
000000f7
@000606ec
00000012
@000626ec
000000a5
@000646ec
000000cd
@000666ec
000000f7
@000606ed
00000012
@000626ed
000000a5
@000646ed
000000cd
@000666ed
000000f7
@000606ee
00000012
@000626ee
000000a5
@000646ee
000000cd
@000666ee
000000f7
@000606ef
00000012
@000626ef
000000a5
@000646ef
000000cd
@000666ef
000000f7
@000606f0
00000012
@000626f0
000000a5
@000646f0
000000cd
@000666f0
000000f7
@000606f1
00000012
@000626f1
000000a5
@000646f1
000000cd
@000666f1
000000f7
@000606f2
00000012
@000626f2
000000a5
@000646f2
000000cd
@000666f2
000000f7
@000606f3
00000012
@000626f3
000000a5
@000646f3
000000cd
@000666f3
000000f7
@000606f4
00000012
@000626f4
000000a5
@000646f4
000000cd
@000666f4
000000f7
@000606f5
00000012
@000626f5
000000a5
@000646f5
000000cd
@000666f5
000000f7
@000606f6
00000012
@000626f6
000000a5
@000646f6
000000cd
@000666f6
000000f7
@000606f7
00000012
@000626f7
000000a5
@000646f7
000000cd
@000666f7
000000f7
@000606f8
00000012
@000626f8
000000a5
@000646f8
000000cd
@000666f8
000000f7
@000606f9
00000012
@000626f9
000000a5
@000646f9
000000cd
@000666f9
000000f7
@000606fa
00000012
@000626fa
000000a5
@000646fa
000000cd
@000666fa
000000f7
@000606fb
00000012
@000626fb
000000a5
@000646fb
000000cd
@000666fb
000000f7
@000606fc
00000012
@000626fc
000000a5
@000646fc
000000cd
@000666fc
000000f7
@000606fd
00000012
@000626fd
000000a5
@000646fd
000000cd
@000666fd
000000f7
@000606fe
00000012
@000626fe
000000a5
@000646fe
000000cd
@000666fe
000000f7
@000606ff
00000012
@000626ff
000000a5
@000646ff
000000cd
@000666ff
000000f7
@00060700
00000012
@00062700
000000a5
@00064700
000000cd
@00066700
000000f7
@00060701
00000012
@00062701
000000a5
@00064701
000000cd
@00066701
000000f7
@00060702
00000012
@00062702
000000a5
@00064702
000000cd
@00066702
000000f7
@00060703
00000012
@00062703
000000a5
@00064703
000000cd
@00066703
000000f7
@00060704
00000012
@00062704
000000a5
@00064704
000000cd
@00066704
000000f7
@00060705
00000012
@00062705
000000a5
@00064705
000000cd
@00066705
000000f7
@00060706
00000012
@00062706
000000a5
@00064706
000000cd
@00066706
000000f7
@00060707
00000012
@00062707
000000a5
@00064707
000000cd
@00066707
000000f7
@00060708
00000012
@00062708
000000a5
@00064708
000000cd
@00066708
000000f7
@00060709
00000012
@00062709
000000a5
@00064709
000000cd
@00066709
000000f7
@0006070a
00000012
@0006270a
000000a5
@0006470a
000000cd
@0006670a
000000f7
@0006070b
00000012
@0006270b
000000a5
@0006470b
000000cd
@0006670b
000000f7
@0006070c
00000012
@0006270c
000000a5
@0006470c
000000cd
@0006670c
000000f7
@0006070d
00000012
@0006270d
000000a5
@0006470d
000000cd
@0006670d
000000f7
@0006070e
00000012
@0006270e
000000a5
@0006470e
000000cd
@0006670e
000000f7
@0006070f
00000012
@0006270f
000000a5
@0006470f
000000cd
@0006670f
000000f7
@00060710
00000012
@00062710
000000a5
@00064710
000000cd
@00066710
000000f7
@00060711
00000012
@00062711
000000a5
@00064711
000000cd
@00066711
000000f7
@00060712
00000012
@00062712
000000a5
@00064712
000000cd
@00066712
000000f7
@00060713
00000012
@00062713
000000a5
@00064713
000000cd
@00066713
000000f7
@00060714
00000012
@00062714
000000a5
@00064714
000000cd
@00066714
000000f7
@00060715
00000012
@00062715
000000a5
@00064715
000000cd
@00066715
000000f7
@00060716
00000012
@00062716
000000a5
@00064716
000000cd
@00066716
000000f7
@00060717
00000012
@00062717
000000a5
@00064717
000000cd
@00066717
000000f7
@00060718
00000012
@00062718
000000a5
@00064718
000000cd
@00066718
000000f7
@00060719
00000012
@00062719
000000a5
@00064719
000000cd
@00066719
000000f7
@0006071a
00000012
@0006271a
000000a5
@0006471a
000000cd
@0006671a
000000f7
@0006071b
00000012
@0006271b
000000a5
@0006471b
000000cd
@0006671b
000000f7
@0006071c
00000012
@0006271c
000000a5
@0006471c
000000cd
@0006671c
000000f7
@0006071d
00000012
@0006271d
000000a5
@0006471d
000000cd
@0006671d
000000f7
@0006071e
00000012
@0006271e
000000a5
@0006471e
000000cd
@0006671e
000000f7
@0006071f
00000012
@0006271f
000000a5
@0006471f
000000cd
@0006671f
000000f7
@00060720
00000012
@00062720
000000a5
@00064720
000000cd
@00066720
000000f7
@00060721
00000012
@00062721
000000a5
@00064721
000000cd
@00066721
000000f7
@00060722
00000012
@00062722
000000a5
@00064722
000000cd
@00066722
000000f7
@00060723
00000012
@00062723
000000a5
@00064723
000000cd
@00066723
000000f7
@00060724
00000012
@00062724
000000a5
@00064724
000000cd
@00066724
000000f7
@00060725
00000012
@00062725
000000a5
@00064725
000000cd
@00066725
000000f7
@00060726
00000012
@00062726
000000a5
@00064726
000000cd
@00066726
000000f7
@00060727
00000012
@00062727
000000a5
@00064727
000000cd
@00066727
000000f7
@00060728
00000012
@00062728
000000a5
@00064728
000000cd
@00066728
000000f7
@00060729
00000012
@00062729
000000a5
@00064729
000000cd
@00066729
000000f7
@0006072a
00000012
@0006272a
000000a5
@0006472a
000000cd
@0006672a
000000f7
@0006072b
00000012
@0006272b
000000a5
@0006472b
000000cd
@0006672b
000000f7
@0006072c
00000012
@0006272c
000000a5
@0006472c
000000cd
@0006672c
000000f7
@0006072d
00000012
@0006272d
000000a5
@0006472d
000000cd
@0006672d
000000f7
@0006072e
00000012
@0006272e
000000a5
@0006472e
000000cd
@0006672e
000000f7
@0006072f
00000012
@0006272f
000000a5
@0006472f
000000cd
@0006672f
000000f7
@00060730
00000012
@00062730
000000a5
@00064730
000000cd
@00066730
000000f7
@00060731
00000012
@00062731
000000a5
@00064731
000000cd
@00066731
000000f7
@00060732
00000012
@00062732
000000a5
@00064732
000000cd
@00066732
000000f7
@00060733
00000012
@00062733
000000a5
@00064733
000000cd
@00066733
000000f7
@00060734
00000012
@00062734
000000a5
@00064734
000000cd
@00066734
000000f7
@00060735
00000012
@00062735
000000a5
@00064735
000000cd
@00066735
000000f7
@00060736
00000012
@00062736
000000a5
@00064736
000000cd
@00066736
000000f7
@00060737
00000012
@00062737
000000a5
@00064737
000000cd
@00066737
000000f7
@00060738
00000012
@00062738
000000a5
@00064738
000000cd
@00066738
000000f7
@00060739
00000012
@00062739
000000a5
@00064739
000000cd
@00066739
000000f7
@0006073a
00000012
@0006273a
000000a5
@0006473a
000000cd
@0006673a
000000f7
@0006073b
00000012
@0006273b
000000a5
@0006473b
000000cd
@0006673b
000000f7
@0006073c
00000012
@0006273c
000000a5
@0006473c
000000cd
@0006673c
000000f7
@0006073d
00000012
@0006273d
000000a5
@0006473d
000000cd
@0006673d
000000f7
@0006073e
00000012
@0006273e
000000a5
@0006473e
000000cd
@0006673e
000000f7
@0006073f
00000012
@0006273f
000000a5
@0006473f
000000cd
@0006673f
000000f7
@00060740
00000012
@00062740
000000a5
@00064740
000000cd
@00066740
000000f7
@00060741
00000012
@00062741
000000a5
@00064741
000000cd
@00066741
000000f7
@00060742
00000012
@00062742
000000a5
@00064742
000000cd
@00066742
000000f7
@00060743
00000012
@00062743
000000a5
@00064743
000000cd
@00066743
000000f7
@00060744
00000012
@00062744
000000a5
@00064744
000000cd
@00066744
000000f7
@00060745
00000012
@00062745
000000a5
@00064745
000000cd
@00066745
000000f7
@00060746
00000012
@00062746
000000a5
@00064746
000000cd
@00066746
000000f7
@00060747
00000012
@00062747
000000a5
@00064747
000000cd
@00066747
000000f7
@00060748
00000012
@00062748
000000a5
@00064748
000000cd
@00066748
000000f7
@00060749
00000012
@00062749
000000a5
@00064749
000000cd
@00066749
000000f7
@0006074a
00000012
@0006274a
000000a5
@0006474a
000000cd
@0006674a
000000f7
@0006074b
00000012
@0006274b
000000a5
@0006474b
000000cd
@0006674b
000000f7
@0006074c
00000012
@0006274c
000000a5
@0006474c
000000cd
@0006674c
000000f7
@0006074d
00000012
@0006274d
000000a5
@0006474d
000000cd
@0006674d
000000f7
@0006074e
00000012
@0006274e
000000a5
@0006474e
000000cd
@0006674e
000000f7
@0006074f
00000012
@0006274f
000000a5
@0006474f
000000cd
@0006674f
000000f7
@00060750
00000012
@00062750
000000a5
@00064750
000000cd
@00066750
000000f7
@00060751
00000012
@00062751
000000a5
@00064751
000000cd
@00066751
000000f7
@00060752
00000012
@00062752
000000a5
@00064752
000000cd
@00066752
000000f7
@00060753
00000012
@00062753
000000a5
@00064753
000000cd
@00066753
000000f7
@00060754
00000012
@00062754
000000a5
@00064754
000000cd
@00066754
000000f7
@00060755
00000012
@00062755
000000a5
@00064755
000000cd
@00066755
000000f7
@00060756
00000012
@00062756
000000a5
@00064756
000000cd
@00066756
000000f7
@00060757
00000012
@00062757
000000a5
@00064757
000000cd
@00066757
000000f7
@00060758
00000012
@00062758
000000a5
@00064758
000000cd
@00066758
000000f7
@00060759
00000012
@00062759
000000a5
@00064759
000000cd
@00066759
000000f7
@0006075a
00000012
@0006275a
000000a5
@0006475a
000000cd
@0006675a
000000f7
@0006075b
00000012
@0006275b
000000a5
@0006475b
000000cd
@0006675b
000000f7
@0006075c
00000012
@0006275c
000000a5
@0006475c
000000cd
@0006675c
000000f7
@0006075d
00000012
@0006275d
000000a5
@0006475d
000000cd
@0006675d
000000f7
@0006075e
00000012
@0006275e
000000a5
@0006475e
000000cd
@0006675e
000000f7
@0006075f
00000012
@0006275f
000000a5
@0006475f
000000cd
@0006675f
000000f7
@00060760
00000012
@00062760
000000a5
@00064760
000000cd
@00066760
000000f7
@00060761
00000012
@00062761
000000a5
@00064761
000000cd
@00066761
000000f7
@00060762
00000012
@00062762
000000a5
@00064762
000000cd
@00066762
000000f7
@00060763
00000012
@00062763
000000a5
@00064763
000000cd
@00066763
000000f7
@00060764
00000012
@00062764
000000a5
@00064764
000000cd
@00066764
000000f7
@00060765
00000012
@00062765
000000a5
@00064765
000000cd
@00066765
000000f7
@00060766
00000012
@00062766
000000a5
@00064766
000000cd
@00066766
000000f7
@00060767
00000012
@00062767
000000a5
@00064767
000000cd
@00066767
000000f7
@00060768
00000012
@00062768
000000a5
@00064768
000000cd
@00066768
000000f7
@00060769
00000012
@00062769
000000a5
@00064769
000000cd
@00066769
000000f7
@0006076a
00000012
@0006276a
000000a5
@0006476a
000000cd
@0006676a
000000f7
@0006076b
00000012
@0006276b
000000a5
@0006476b
000000cd
@0006676b
000000f7
@0006076c
00000012
@0006276c
000000a5
@0006476c
000000cd
@0006676c
000000f7
@0006076d
00000012
@0006276d
000000a5
@0006476d
000000cd
@0006676d
000000f7
@0006076e
00000012
@0006276e
000000a5
@0006476e
000000cd
@0006676e
000000f7
@0006076f
00000012
@0006276f
000000a5
@0006476f
000000cd
@0006676f
000000f7
@00060770
00000012
@00062770
000000a5
@00064770
000000cd
@00066770
000000f7
@00060771
00000012
@00062771
000000a5
@00064771
000000cd
@00066771
000000f7
@00060772
00000012
@00062772
000000a5
@00064772
000000cd
@00066772
000000f7
@00060773
00000012
@00062773
000000a5
@00064773
000000cd
@00066773
000000f7
@00060774
00000012
@00062774
000000a5
@00064774
000000cd
@00066774
000000f7
@00060775
00000012
@00062775
000000a5
@00064775
000000cd
@00066775
000000f7
@00060776
00000012
@00062776
000000a5
@00064776
000000cd
@00066776
000000f7
@00060777
00000012
@00062777
000000a5
@00064777
000000cd
@00066777
000000f7
@00060778
00000012
@00062778
000000a5
@00064778
000000cd
@00066778
000000f7
@00060779
00000012
@00062779
000000a5
@00064779
000000cd
@00066779
000000f7
@0006077a
00000012
@0006277a
000000a5
@0006477a
000000cd
@0006677a
000000f7
@0006077b
00000012
@0006277b
000000a5
@0006477b
000000cd
@0006677b
000000f7
@0006077c
00000012
@0006277c
000000a5
@0006477c
000000cd
@0006677c
000000f7
@0006077d
00000012
@0006277d
000000a5
@0006477d
000000cd
@0006677d
000000f7
@0006077e
00000012
@0006277e
000000a5
@0006477e
000000cd
@0006677e
000000f7
@0006077f
00000012
@0006277f
000000a5
@0006477f
000000cd
@0006677f
000000f7
@00060780
00000012
@00062780
000000a5
@00064780
000000cd
@00066780
000000f7
@00060781
00000012
@00062781
000000a5
@00064781
000000cd
@00066781
000000f7
@00060782
00000012
@00062782
000000a5
@00064782
000000cd
@00066782
000000f7
@00060783
00000012
@00062783
000000a5
@00064783
000000cd
@00066783
000000f7
@00060784
00000012
@00062784
000000a5
@00064784
000000cd
@00066784
000000f7
@00060785
00000012
@00062785
000000a5
@00064785
000000cd
@00066785
000000f7
@00060786
00000012
@00062786
000000a5
@00064786
000000cd
@00066786
000000f7
@00060787
00000012
@00062787
000000a5
@00064787
000000cd
@00066787
000000f7
@00060788
00000012
@00062788
000000a5
@00064788
000000cd
@00066788
000000f7
@00060789
00000012
@00062789
000000a5
@00064789
000000cd
@00066789
000000f7
@0006078a
00000012
@0006278a
000000a5
@0006478a
000000cd
@0006678a
000000f7
@0006078b
00000012
@0006278b
000000a5
@0006478b
000000cd
@0006678b
000000f7
@0006078c
00000012
@0006278c
000000a5
@0006478c
000000cd
@0006678c
000000f7
@0006078d
00000012
@0006278d
000000a5
@0006478d
000000cd
@0006678d
000000f7
@0006078e
00000012
@0006278e
000000a5
@0006478e
000000cd
@0006678e
000000f7
@0006078f
00000012
@0006278f
000000a5
@0006478f
000000cd
@0006678f
000000f7
@00060790
00000012
@00062790
000000a5
@00064790
000000cd
@00066790
000000f7
@00060791
00000012
@00062791
000000a5
@00064791
000000cd
@00066791
000000f7
@00060792
00000012
@00062792
000000a5
@00064792
000000cd
@00066792
000000f7
@00060793
00000012
@00062793
000000a5
@00064793
000000cd
@00066793
000000f7
@00060794
00000012
@00062794
000000a5
@00064794
000000cd
@00066794
000000f7
@00060795
00000012
@00062795
000000a5
@00064795
000000cd
@00066795
000000f7
@00060796
00000012
@00062796
000000a5
@00064796
000000cd
@00066796
000000f7
@00060797
00000012
@00062797
000000a5
@00064797
000000cd
@00066797
000000f7
@00060798
00000012
@00062798
000000a5
@00064798
000000cd
@00066798
000000f7
@00060799
00000012
@00062799
000000a5
@00064799
000000cd
@00066799
000000f7
@0006079a
00000012
@0006279a
000000a5
@0006479a
000000cd
@0006679a
000000f7
@0006079b
00000012
@0006279b
000000a5
@0006479b
000000cd
@0006679b
000000f7
@0006079c
00000012
@0006279c
000000a5
@0006479c
000000cd
@0006679c
000000f7
@0006079d
00000012
@0006279d
000000a5
@0006479d
000000cd
@0006679d
000000f7
@0006079e
00000012
@0006279e
000000a5
@0006479e
000000cd
@0006679e
000000f7
@0006079f
00000012
@0006279f
000000a5
@0006479f
000000cd
@0006679f
000000f7
@000607a0
00000012
@000627a0
000000a5
@000647a0
000000cd
@000667a0
000000f7
@000607a1
00000012
@000627a1
000000a5
@000647a1
000000cd
@000667a1
000000f7
@000607a2
00000012
@000627a2
000000a5
@000647a2
000000cd
@000667a2
000000f7
@000607a3
00000012
@000627a3
000000a5
@000647a3
000000cd
@000667a3
000000f7
@000607a4
00000012
@000627a4
000000a5
@000647a4
000000cd
@000667a4
000000f7
@000607a5
00000012
@000627a5
000000a5
@000647a5
000000cd
@000667a5
000000f7
@000607a6
00000012
@000627a6
000000a5
@000647a6
000000cd
@000667a6
000000f7
@000607a7
00000012
@000627a7
000000a5
@000647a7
000000cd
@000667a7
000000f7
@000607a8
00000012
@000627a8
000000a5
@000647a8
000000cd
@000667a8
000000f7
@000607a9
00000012
@000627a9
000000a5
@000647a9
000000cd
@000667a9
000000f7
@000607aa
00000012
@000627aa
000000a5
@000647aa
000000cd
@000667aa
000000f7
@000607ab
00000012
@000627ab
000000a5
@000647ab
000000cd
@000667ab
000000f7
@000607ac
00000012
@000627ac
000000a5
@000647ac
000000cd
@000667ac
000000f7
@000607ad
00000012
@000627ad
000000a5
@000647ad
000000cd
@000667ad
000000f7
@000607ae
00000012
@000627ae
000000a5
@000647ae
000000cd
@000667ae
000000f7
@000607af
00000012
@000627af
000000a5
@000647af
000000cd
@000667af
000000f7
@000607b0
00000012
@000627b0
000000a5
@000647b0
000000cd
@000667b0
000000f7
@000607b1
00000012
@000627b1
000000a5
@000647b1
000000cd
@000667b1
000000f7
@000607b2
00000012
@000627b2
000000a5
@000647b2
000000cd
@000667b2
000000f7
@000607b3
00000012
@000627b3
000000a5
@000647b3
000000cd
@000667b3
000000f7
@000607b4
00000012
@000627b4
000000a5
@000647b4
000000cd
@000667b4
000000f7
@000607b5
00000012
@000627b5
000000a5
@000647b5
000000cd
@000667b5
000000f7
@000607b6
00000012
@000627b6
000000a5
@000647b6
000000cd
@000667b6
000000f7
@000607b7
00000012
@000627b7
000000a5
@000647b7
000000cd
@000667b7
000000f7
@000607b8
00000012
@000627b8
000000a5
@000647b8
000000cd
@000667b8
000000f7
@000607b9
00000012
@000627b9
000000a5
@000647b9
000000cd
@000667b9
000000f7
@000607ba
00000012
@000627ba
000000a5
@000647ba
000000cd
@000667ba
000000f7
@000607bb
00000012
@000627bb
000000a5
@000647bb
000000cd
@000667bb
000000f7
@000607bc
00000012
@000627bc
000000a5
@000647bc
000000cd
@000667bc
000000f7
@000607bd
00000012
@000627bd
000000a5
@000647bd
000000cd
@000667bd
000000f7
@000607be
00000012
@000627be
000000a5
@000647be
000000cd
@000667be
000000f7
@000607bf
00000012
@000627bf
000000a5
@000647bf
000000cd
@000667bf
000000f7
@000607c0
00000012
@000627c0
000000a5
@000647c0
000000cd
@000667c0
000000f7
@000607c1
00000012
@000627c1
000000a5
@000647c1
000000cd
@000667c1
000000f7
@000607c2
00000012
@000627c2
000000a5
@000647c2
000000cd
@000667c2
000000f7
@000607c3
00000012
@000627c3
000000a5
@000647c3
000000cd
@000667c3
000000f7
@000607c4
00000012
@000627c4
000000a5
@000647c4
000000cd
@000667c4
000000f7
@000607c5
00000012
@000627c5
000000a5
@000647c5
000000cd
@000667c5
000000f7
@000607c6
00000012
@000627c6
000000a5
@000647c6
000000cd
@000667c6
000000f7
@000607c7
00000012
@000627c7
000000a5
@000647c7
000000cd
@000667c7
000000f7
@000607c8
00000012
@000627c8
000000a5
@000647c8
000000cd
@000667c8
000000f7
@000607c9
00000012
@000627c9
000000a5
@000647c9
000000cd
@000667c9
000000f7
@000607ca
00000012
@000627ca
000000a5
@000647ca
000000cd
@000667ca
000000f7
@000607cb
00000012
@000627cb
000000a5
@000647cb
000000cd
@000667cb
000000f7
@000607cc
00000012
@000627cc
000000a5
@000647cc
000000cd
@000667cc
000000f7
@000607cd
00000012
@000627cd
000000a5
@000647cd
000000cd
@000667cd
000000f7
@000607ce
00000012
@000627ce
000000a5
@000647ce
000000cd
@000667ce
000000f7
@000607cf
00000012
@000627cf
000000a5
@000647cf
000000cd
@000667cf
000000f7
@000607d0
00000012
@000627d0
000000a5
@000647d0
000000cd
@000667d0
000000f7
@000607d1
00000012
@000627d1
000000a5
@000647d1
000000cd
@000667d1
000000f7
@000607d2
00000012
@000627d2
000000a5
@000647d2
000000cd
@000667d2
000000f7
@000607d3
00000012
@000627d3
000000a5
@000647d3
000000cd
@000667d3
000000f7
@000607d4
00000012
@000627d4
000000a5
@000647d4
000000cd
@000667d4
000000f7
@000607d5
00000012
@000627d5
000000a5
@000647d5
000000cd
@000667d5
000000f7
@000607d6
00000012
@000627d6
000000a5
@000647d6
000000cd
@000667d6
000000f7
@000607d7
00000012
@000627d7
000000a5
@000647d7
000000cd
@000667d7
000000f7
@000607d8
00000012
@000627d8
000000a5
@000647d8
000000cd
@000667d8
000000f7
@000607d9
00000012
@000627d9
000000a5
@000647d9
000000cd
@000667d9
000000f7
@000607da
00000012
@000627da
000000a5
@000647da
000000cd
@000667da
000000f7
@000607db
00000012
@000627db
000000a5
@000647db
000000cd
@000667db
000000f7
@000607dc
00000012
@000627dc
000000a5
@000647dc
000000cd
@000667dc
000000f7
@000607dd
00000012
@000627dd
000000a5
@000647dd
000000cd
@000667dd
000000f7
@000607de
00000012
@000627de
000000a5
@000647de
000000cd
@000667de
000000f7
@000607df
00000012
@000627df
000000a5
@000647df
000000cd
@000667df
000000f7
@000607e0
00000012
@000627e0
000000a5
@000647e0
000000cd
@000667e0
000000f7
@000607e1
00000012
@000627e1
000000a5
@000647e1
000000cd
@000667e1
000000f7
@000607e2
00000012
@000627e2
000000a5
@000647e2
000000cd
@000667e2
000000f7
@000607e3
00000012
@000627e3
000000a5
@000647e3
000000cd
@000667e3
000000f7
@000607e4
00000012
@000627e4
000000a5
@000647e4
000000cd
@000667e4
000000f7
@000607e5
00000012
@000627e5
000000a5
@000647e5
000000cd
@000667e5
000000f7
@000607e6
00000012
@000627e6
000000a5
@000647e6
000000cd
@000667e6
000000f7
@000607e7
00000012
@000627e7
000000a5
@000647e7
000000cd
@000667e7
000000f7
@000607e8
00000012
@000627e8
000000a5
@000647e8
000000cd
@000667e8
000000f7
@000607e9
00000012
@000627e9
000000a5
@000647e9
000000cd
@000667e9
000000f7
@000607ea
00000012
@000627ea
000000a5
@000647ea
000000cd
@000667ea
000000f7
@000607eb
00000012
@000627eb
000000a5
@000647eb
000000cd
@000667eb
000000f7
@000607ec
00000012
@000627ec
000000a5
@000647ec
000000cd
@000667ec
000000f7
@000607ed
00000012
@000627ed
000000a5
@000647ed
000000cd
@000667ed
000000f7
@000607ee
00000012
@000627ee
000000a5
@000647ee
000000cd
@000667ee
000000f7
@000607ef
00000012
@000627ef
000000a5
@000647ef
000000cd
@000667ef
000000f7
@000607f0
00000012
@000627f0
000000a5
@000647f0
000000cd
@000667f0
000000f7
@000607f1
00000012
@000627f1
000000a5
@000647f1
000000cd
@000667f1
000000f7
@000607f2
00000012
@000627f2
000000a5
@000647f2
000000cd
@000667f2
000000f7
@000607f3
00000012
@000627f3
000000a5
@000647f3
000000cd
@000667f3
000000f7
@000607f4
00000012
@000627f4
000000a5
@000647f4
000000cd
@000667f4
000000f7
@000607f5
00000012
@000627f5
000000a5
@000647f5
000000cd
@000667f5
000000f7
@000607f6
00000012
@000627f6
000000a5
@000647f6
000000cd
@000667f6
000000f7
@000607f7
00000012
@000627f7
000000a5
@000647f7
000000cd
@000667f7
000000f7
@000607f8
00000012
@000627f8
000000a5
@000647f8
000000cd
@000667f8
000000f7
@000607f9
00000012
@000627f9
000000a5
@000647f9
000000cd
@000667f9
000000f7
@000607fa
00000012
@000627fa
000000a5
@000647fa
000000cd
@000667fa
000000f7
@000607fb
00000012
@000627fb
000000a5
@000647fb
000000cd
@000667fb
000000f7
@000607fc
00000012
@000627fc
000000a5
@000647fc
000000cd
@000667fc
000000f7
@000607fd
00000012
@000627fd
000000a5
@000647fd
000000cd
@000667fd
000000f7
@000607fe
00000012
@000627fe
000000a5
@000647fe
000000cd
@000667fe
000000f7
@000607ff
00000012
@000627ff
000000a5
@000647ff
000000cd
@000667ff
000000f7
@00060800
00000012
@00062800
000000a5
@00064800
000000cd
@00066800
000000f7
@00060801
00000012
@00062801
000000a5
@00064801
000000cd
@00066801
000000f7
@00060802
00000012
@00062802
000000a5
@00064802
000000cd
@00066802
000000f7
@00060803
00000012
@00062803
000000a5
@00064803
000000cd
@00066803
000000f7
@00060804
00000012
@00062804
000000a5
@00064804
000000cd
@00066804
000000f7
@00060805
00000012
@00062805
000000a5
@00064805
000000cd
@00066805
000000f7
@00060806
00000012
@00062806
000000a5
@00064806
000000cd
@00066806
000000f7
@00060807
00000012
@00062807
000000a5
@00064807
000000cd
@00066807
000000f7
@00060808
00000012
@00062808
000000a5
@00064808
000000cd
@00066808
000000f7
@00060809
00000012
@00062809
000000a5
@00064809
000000cd
@00066809
000000f7
@0006080a
00000012
@0006280a
000000a5
@0006480a
000000cd
@0006680a
000000f7
@0006080b
00000012
@0006280b
000000a5
@0006480b
000000cd
@0006680b
000000f7
@0006080c
00000012
@0006280c
000000a5
@0006480c
000000cd
@0006680c
000000f7
@0006080d
00000012
@0006280d
000000a5
@0006480d
000000cd
@0006680d
000000f7
@0006080e
00000012
@0006280e
000000a5
@0006480e
000000cd
@0006680e
000000f7
@0006080f
00000012
@0006280f
000000a5
@0006480f
000000cd
@0006680f
000000f7
@00060810
00000012
@00062810
000000a5
@00064810
000000cd
@00066810
000000f7
@00060811
00000012
@00062811
000000a5
@00064811
000000cd
@00066811
000000f7
@00060812
00000012
@00062812
000000a5
@00064812
000000cd
@00066812
000000f7
@00060813
00000012
@00062813
000000a5
@00064813
000000cd
@00066813
000000f7
@00060814
00000012
@00062814
000000a5
@00064814
000000cd
@00066814
000000f7
@00060815
00000012
@00062815
000000a5
@00064815
000000cd
@00066815
000000f7
@00060816
00000012
@00062816
000000a5
@00064816
000000cd
@00066816
000000f7
@00060817
00000012
@00062817
000000a5
@00064817
000000cd
@00066817
000000f7
@00060818
00000012
@00062818
000000a5
@00064818
000000cd
@00066818
000000f7
@00060819
00000012
@00062819
000000a5
@00064819
000000cd
@00066819
000000f7
@0006081a
00000012
@0006281a
000000a5
@0006481a
000000cd
@0006681a
000000f7
@0006081b
00000012
@0006281b
000000a5
@0006481b
000000cd
@0006681b
000000f7
@0006081c
00000012
@0006281c
000000a5
@0006481c
000000cd
@0006681c
000000f7
@0006081d
00000012
@0006281d
000000a5
@0006481d
000000cd
@0006681d
000000f7
@0006081e
00000012
@0006281e
000000a5
@0006481e
000000cd
@0006681e
000000f7
@0006081f
00000012
@0006281f
000000a5
@0006481f
000000cd
@0006681f
000000f7
@00060820
00000012
@00062820
000000a5
@00064820
000000cd
@00066820
000000f7
@00060821
00000012
@00062821
000000a5
@00064821
000000cd
@00066821
000000f7
@00060822
00000012
@00062822
000000a5
@00064822
000000cd
@00066822
000000f7
@00060823
00000012
@00062823
000000a5
@00064823
000000cd
@00066823
000000f7
@00060824
00000012
@00062824
000000a5
@00064824
000000cd
@00066824
000000f7
@00060825
00000012
@00062825
000000a5
@00064825
000000cd
@00066825
000000f7
@00060826
00000012
@00062826
000000a5
@00064826
000000cd
@00066826
000000f7
@00060827
00000012
@00062827
000000a5
@00064827
000000cd
@00066827
000000f7
@00060828
00000012
@00062828
000000a5
@00064828
000000cd
@00066828
000000f7
@00060829
00000012
@00062829
000000a5
@00064829
000000cd
@00066829
000000f7
@0006082a
00000012
@0006282a
000000a5
@0006482a
000000cd
@0006682a
000000f7
@0006082b
00000012
@0006282b
000000a5
@0006482b
000000cd
@0006682b
000000f7
@0006082c
00000012
@0006282c
000000a5
@0006482c
000000cd
@0006682c
000000f7
@0006082d
00000012
@0006282d
000000a5
@0006482d
000000cd
@0006682d
000000f7
@0006082e
00000012
@0006282e
000000a5
@0006482e
000000cd
@0006682e
000000f7
@0006082f
00000012
@0006282f
000000a5
@0006482f
000000cd
@0006682f
000000f7
@00060830
00000012
@00062830
000000a5
@00064830
000000cd
@00066830
000000f7
@00060831
00000012
@00062831
000000a5
@00064831
000000cd
@00066831
000000f7
@00060832
00000012
@00062832
000000a5
@00064832
000000cd
@00066832
000000f7
@00060833
00000012
@00062833
000000a5
@00064833
000000cd
@00066833
000000f7
@00060834
00000012
@00062834
000000a5
@00064834
000000cd
@00066834
000000f7
@00060835
00000012
@00062835
000000a5
@00064835
000000cd
@00066835
000000f7
@00060836
00000012
@00062836
000000a5
@00064836
000000cd
@00066836
000000f7
@00060837
00000012
@00062837
000000a5
@00064837
000000cd
@00066837
000000f7
@00060838
00000012
@00062838
000000a5
@00064838
000000cd
@00066838
000000f7
@00060839
00000012
@00062839
000000a5
@00064839
000000cd
@00066839
000000f7
@0006083a
00000012
@0006283a
000000a5
@0006483a
000000cd
@0006683a
000000f7
@0006083b
00000012
@0006283b
000000a5
@0006483b
000000cd
@0006683b
000000f7
@0006083c
00000012
@0006283c
000000a5
@0006483c
000000cd
@0006683c
000000f7
@0006083d
00000012
@0006283d
000000a5
@0006483d
000000cd
@0006683d
000000f7
@0006083e
00000012
@0006283e
000000a5
@0006483e
000000cd
@0006683e
000000f7
@0006083f
00000012
@0006283f
000000a5
@0006483f
000000cd
@0006683f
000000f7
@00060840
00000012
@00062840
000000a5
@00064840
000000cd
@00066840
000000f7
@00060841
00000012
@00062841
000000a5
@00064841
000000cd
@00066841
000000f7
@00060842
00000012
@00062842
000000a5
@00064842
000000cd
@00066842
000000f7
@00060843
00000012
@00062843
000000a5
@00064843
000000cd
@00066843
000000f7
@00060844
00000012
@00062844
000000a5
@00064844
000000cd
@00066844
000000f7
@00060845
00000012
@00062845
000000a5
@00064845
000000cd
@00066845
000000f7
@00060846
00000012
@00062846
000000a5
@00064846
000000cd
@00066846
000000f7
@00060847
00000012
@00062847
000000a5
@00064847
000000cd
@00066847
000000f7
@00060848
00000012
@00062848
000000a5
@00064848
000000cd
@00066848
000000f7
@00060849
00000012
@00062849
000000a5
@00064849
000000cd
@00066849
000000f7
@0006084a
00000012
@0006284a
000000a5
@0006484a
000000cd
@0006684a
000000f7
@0006084b
00000012
@0006284b
000000a5
@0006484b
000000cd
@0006684b
000000f7
@0006084c
00000012
@0006284c
000000a5
@0006484c
000000cd
@0006684c
000000f7
@0006084d
00000012
@0006284d
000000a5
@0006484d
000000cd
@0006684d
000000f7
@0006084e
00000012
@0006284e
000000a5
@0006484e
000000cd
@0006684e
000000f7
@0006084f
00000012
@0006284f
000000a5
@0006484f
000000cd
@0006684f
000000f7
@00060850
00000012
@00062850
000000a5
@00064850
000000cd
@00066850
000000f7
@00060851
00000012
@00062851
000000a5
@00064851
000000cd
@00066851
000000f7
@00060852
00000012
@00062852
000000a5
@00064852
000000cd
@00066852
000000f7
@00060853
00000012
@00062853
000000a5
@00064853
000000cd
@00066853
000000f7
@00060854
00000012
@00062854
000000a5
@00064854
000000cd
@00066854
000000f7
@00060855
00000012
@00062855
000000a5
@00064855
000000cd
@00066855
000000f7
@00060856
00000012
@00062856
000000a5
@00064856
000000cd
@00066856
000000f7
@00060857
00000012
@00062857
000000a5
@00064857
000000cd
@00066857
000000f7
@00060858
00000012
@00062858
000000a5
@00064858
000000cd
@00066858
000000f7
@00060859
00000012
@00062859
000000a5
@00064859
000000cd
@00066859
000000f7
@0006085a
00000012
@0006285a
000000a5
@0006485a
000000cd
@0006685a
000000f7
@0006085b
00000012
@0006285b
000000a5
@0006485b
000000cd
@0006685b
000000f7
@0006085c
00000012
@0006285c
000000a5
@0006485c
000000cd
@0006685c
000000f7
@0006085d
00000012
@0006285d
000000a5
@0006485d
000000cd
@0006685d
000000f7
@0006085e
00000012
@0006285e
000000a5
@0006485e
000000cd
@0006685e
000000f7
@0006085f
00000012
@0006285f
000000a5
@0006485f
000000cd
@0006685f
000000f7
@00060860
00000012
@00062860
000000a5
@00064860
000000cd
@00066860
000000f7
@00060861
00000012
@00062861
000000a5
@00064861
000000cd
@00066861
000000f7
@00060862
00000012
@00062862
000000a5
@00064862
000000cd
@00066862
000000f7
@00060863
00000012
@00062863
000000a5
@00064863
000000cd
@00066863
000000f7
@00060864
00000012
@00062864
000000a5
@00064864
000000cd
@00066864
000000f7
@00060865
00000012
@00062865
000000a5
@00064865
000000cd
@00066865
000000f7
@00060866
00000012
@00062866
000000a5
@00064866
000000cd
@00066866
000000f7
@00060867
00000012
@00062867
000000a5
@00064867
000000cd
@00066867
000000f7
@00060868
00000012
@00062868
000000a5
@00064868
000000cd
@00066868
000000f7
@00060869
00000012
@00062869
000000a5
@00064869
000000cd
@00066869
000000f7
@0006086a
00000012
@0006286a
000000a5
@0006486a
000000cd
@0006686a
000000f7
@0006086b
00000012
@0006286b
000000a5
@0006486b
000000cd
@0006686b
000000f7
@0006086c
00000012
@0006286c
000000a5
@0006486c
000000cd
@0006686c
000000f7
@0006086d
00000012
@0006286d
000000a5
@0006486d
000000cd
@0006686d
000000f7
@0006086e
00000012
@0006286e
000000a5
@0006486e
000000cd
@0006686e
000000f7
@0006086f
00000012
@0006286f
000000a5
@0006486f
000000cd
@0006686f
000000f7
@00060870
00000012
@00062870
000000a5
@00064870
000000cd
@00066870
000000f7
@00060871
00000012
@00062871
000000a5
@00064871
000000cd
@00066871
000000f7
@00060872
00000012
@00062872
000000a5
@00064872
000000cd
@00066872
000000f7
@00060873
00000012
@00062873
000000a5
@00064873
000000cd
@00066873
000000f7
@00060874
00000012
@00062874
000000a5
@00064874
000000cd
@00066874
000000f7
@00060875
00000012
@00062875
000000a5
@00064875
000000cd
@00066875
000000f7
@00060876
00000012
@00062876
000000a5
@00064876
000000cd
@00066876
000000f7
@00060877
00000012
@00062877
000000a5
@00064877
000000cd
@00066877
000000f7
@00060878
00000012
@00062878
000000a5
@00064878
000000cd
@00066878
000000f7
@00060879
00000012
@00062879
000000a5
@00064879
000000cd
@00066879
000000f7
@0006087a
00000012
@0006287a
000000a5
@0006487a
000000cd
@0006687a
000000f7
@0006087b
00000012
@0006287b
000000a5
@0006487b
000000cd
@0006687b
000000f7
@0006087c
00000012
@0006287c
000000a5
@0006487c
000000cd
@0006687c
000000f7
@0006087d
00000012
@0006287d
000000a5
@0006487d
000000cd
@0006687d
000000f7
@0006087e
00000012
@0006287e
000000a5
@0006487e
000000cd
@0006687e
000000f7
@0006087f
00000012
@0006287f
000000a5
@0006487f
000000cd
@0006687f
000000f7
@00060880
00000012
@00062880
000000a5
@00064880
000000cd
@00066880
000000f7
@00060881
00000012
@00062881
000000a5
@00064881
000000cd
@00066881
000000f7
@00060882
00000012
@00062882
000000a5
@00064882
000000cd
@00066882
000000f7
@00060883
00000012
@00062883
000000a5
@00064883
000000cd
@00066883
000000f7
@00060884
00000012
@00062884
000000a5
@00064884
000000cd
@00066884
000000f7
@00060885
00000012
@00062885
000000a5
@00064885
000000cd
@00066885
000000f7
@00060886
00000012
@00062886
000000a5
@00064886
000000cd
@00066886
000000f7
@00060887
00000012
@00062887
000000a5
@00064887
000000cd
@00066887
000000f7
@00060888
00000012
@00062888
000000a5
@00064888
000000cd
@00066888
000000f7
@00060889
00000012
@00062889
000000a5
@00064889
000000cd
@00066889
000000f7
@0006088a
00000012
@0006288a
000000a5
@0006488a
000000cd
@0006688a
000000f7
@0006088b
00000012
@0006288b
000000a5
@0006488b
000000cd
@0006688b
000000f7
@0006088c
00000012
@0006288c
000000a5
@0006488c
000000cd
@0006688c
000000f7
@0006088d
00000012
@0006288d
000000a5
@0006488d
000000cd
@0006688d
000000f7
@0006088e
00000012
@0006288e
000000a5
@0006488e
000000cd
@0006688e
000000f7
@0006088f
00000012
@0006288f
000000a5
@0006488f
000000cd
@0006688f
000000f7
@00060890
00000012
@00062890
000000a5
@00064890
000000cd
@00066890
000000f7
@00060891
00000012
@00062891
000000a5
@00064891
000000cd
@00066891
000000f7
@00060892
00000012
@00062892
000000a5
@00064892
000000cd
@00066892
000000f7
@00060893
00000012
@00062893
000000a5
@00064893
000000cd
@00066893
000000f7
@00060894
00000012
@00062894
000000a5
@00064894
000000cd
@00066894
000000f7
@00060895
00000012
@00062895
000000a5
@00064895
000000cd
@00066895
000000f7
@00060896
00000012
@00062896
000000a5
@00064896
000000cd
@00066896
000000f7
@00060897
00000012
@00062897
000000a5
@00064897
000000cd
@00066897
000000f7
@00060898
00000012
@00062898
000000a5
@00064898
000000cd
@00066898
000000f7
@00060899
00000012
@00062899
000000a5
@00064899
000000cd
@00066899
000000f7
@0006089a
00000012
@0006289a
000000a5
@0006489a
000000cd
@0006689a
000000f7
@0006089b
00000012
@0006289b
000000a5
@0006489b
000000cd
@0006689b
000000f7
@0006089c
00000012
@0006289c
000000a5
@0006489c
000000cd
@0006689c
000000f7
@0006089d
00000012
@0006289d
000000a5
@0006489d
000000cd
@0006689d
000000f7
@0006089e
00000012
@0006289e
000000a5
@0006489e
000000cd
@0006689e
000000f7
@0006089f
00000012
@0006289f
000000a5
@0006489f
000000cd
@0006689f
000000f7
@000608a0
00000012
@000628a0
000000a5
@000648a0
000000cd
@000668a0
000000f7
@000608a1
00000012
@000628a1
000000a5
@000648a1
000000cd
@000668a1
000000f7
@000608a2
00000012
@000628a2
000000a5
@000648a2
000000cd
@000668a2
000000f7
@000608a3
00000012
@000628a3
000000a5
@000648a3
000000cd
@000668a3
000000f7
@000608a4
00000012
@000628a4
000000a5
@000648a4
000000cd
@000668a4
000000f7
@000608a5
00000012
@000628a5
000000a5
@000648a5
000000cd
@000668a5
000000f7
@000608a6
00000012
@000628a6
000000a5
@000648a6
000000cd
@000668a6
000000f7
@000608a7
00000012
@000628a7
000000a5
@000648a7
000000cd
@000668a7
000000f7
@000608a8
00000012
@000628a8
000000a5
@000648a8
000000cd
@000668a8
000000f7
@000608a9
00000012
@000628a9
000000a5
@000648a9
000000cd
@000668a9
000000f7
@000608aa
00000012
@000628aa
000000a5
@000648aa
000000cd
@000668aa
000000f7
@000608ab
00000012
@000628ab
000000a5
@000648ab
000000cd
@000668ab
000000f7
@000608ac
00000012
@000628ac
000000a5
@000648ac
000000cd
@000668ac
000000f7
@000608ad
00000012
@000628ad
000000a5
@000648ad
000000cd
@000668ad
000000f7
@000608ae
00000012
@000628ae
000000a5
@000648ae
000000cd
@000668ae
000000f7
@000608af
00000012
@000628af
000000a5
@000648af
000000cd
@000668af
000000f7
@000608b0
00000012
@000628b0
000000a5
@000648b0
000000cd
@000668b0
000000f7
@000608b1
00000012
@000628b1
000000a5
@000648b1
000000cd
@000668b1
000000f7
@000608b2
00000012
@000628b2
000000a5
@000648b2
000000cd
@000668b2
000000f7
@000608b3
00000012
@000628b3
000000a5
@000648b3
000000cd
@000668b3
000000f7
@000608b4
00000012
@000628b4
000000a5
@000648b4
000000cd
@000668b4
000000f7
@000608b5
00000012
@000628b5
000000a5
@000648b5
000000cd
@000668b5
000000f7
@000608b6
00000012
@000628b6
000000a5
@000648b6
000000cd
@000668b6
000000f7
@000608b7
00000012
@000628b7
000000a5
@000648b7
000000cd
@000668b7
000000f7
@000608b8
00000012
@000628b8
000000a5
@000648b8
000000cd
@000668b8
000000f7
@000608b9
00000012
@000628b9
000000a5
@000648b9
000000cd
@000668b9
000000f7
@000608ba
00000012
@000628ba
000000a5
@000648ba
000000cd
@000668ba
000000f7
@000608bb
00000012
@000628bb
000000a5
@000648bb
000000cd
@000668bb
000000f7
@000608bc
00000012
@000628bc
000000a5
@000648bc
000000cd
@000668bc
000000f7
@000608bd
00000012
@000628bd
000000a5
@000648bd
000000cd
@000668bd
000000f7
@000608be
00000012
@000628be
000000a5
@000648be
000000cd
@000668be
000000f7
@000608bf
00000012
@000628bf
000000a5
@000648bf
000000cd
@000668bf
000000f7
@000608c0
00000012
@000628c0
000000a5
@000648c0
000000cd
@000668c0
000000f7
@000608c1
00000012
@000628c1
000000a5
@000648c1
000000cd
@000668c1
000000f7
@000608c2
00000012
@000628c2
000000a5
@000648c2
000000cd
@000668c2
000000f7
@000608c3
00000012
@000628c3
000000a5
@000648c3
000000cd
@000668c3
000000f7
@000608c4
00000012
@000628c4
000000a5
@000648c4
000000cd
@000668c4
000000f7
@000608c5
00000012
@000628c5
000000a5
@000648c5
000000cd
@000668c5
000000f7
@000608c6
00000012
@000628c6
000000a5
@000648c6
000000cd
@000668c6
000000f7
@000608c7
00000012
@000628c7
000000a5
@000648c7
000000cd
@000668c7
000000f7
@000608c8
00000012
@000628c8
000000a5
@000648c8
000000cd
@000668c8
000000f7
@000608c9
00000012
@000628c9
000000a5
@000648c9
000000cd
@000668c9
000000f7
@000608ca
00000012
@000628ca
000000a5
@000648ca
000000cd
@000668ca
000000f7
@000608cb
00000012
@000628cb
000000a5
@000648cb
000000cd
@000668cb
000000f7
@000608cc
00000012
@000628cc
000000a5
@000648cc
000000cd
@000668cc
000000f7
@000608cd
00000012
@000628cd
000000a5
@000648cd
000000cd
@000668cd
000000f7
@000608ce
00000012
@000628ce
000000a5
@000648ce
000000cd
@000668ce
000000f7
@000608cf
00000012
@000628cf
000000a5
@000648cf
000000cd
@000668cf
000000f7
@000608d0
00000012
@000628d0
000000a5
@000648d0
000000cd
@000668d0
000000f7
@000608d1
00000012
@000628d1
000000a5
@000648d1
000000cd
@000668d1
000000f7
@000608d2
00000012
@000628d2
000000a5
@000648d2
000000cd
@000668d2
000000f7
@000608d3
00000012
@000628d3
000000a5
@000648d3
000000cd
@000668d3
000000f7
@000608d4
00000012
@000628d4
000000a5
@000648d4
000000cd
@000668d4
000000f7
@000608d5
00000012
@000628d5
000000a5
@000648d5
000000cd
@000668d5
000000f7
@000608d6
00000012
@000628d6
000000a5
@000648d6
000000cd
@000668d6
000000f7
@000608d7
00000012
@000628d7
000000a5
@000648d7
000000cd
@000668d7
000000f7
@000608d8
00000012
@000628d8
000000a5
@000648d8
000000cd
@000668d8
000000f7
@000608d9
00000012
@000628d9
000000a5
@000648d9
000000cd
@000668d9
000000f7
@000608da
00000012
@000628da
000000a5
@000648da
000000cd
@000668da
000000f7
@000608db
00000012
@000628db
000000a5
@000648db
000000cd
@000668db
000000f7
@000608dc
00000012
@000628dc
000000a5
@000648dc
000000cd
@000668dc
000000f7
@000608dd
00000012
@000628dd
000000a5
@000648dd
000000cd
@000668dd
000000f7
@000608de
00000012
@000628de
000000a5
@000648de
000000cd
@000668de
000000f7
@000608df
00000012
@000628df
000000a5
@000648df
000000cd
@000668df
000000f7
@000608e0
00000012
@000628e0
000000a5
@000648e0
000000cd
@000668e0
000000f7
@000608e1
00000012
@000628e1
000000a5
@000648e1
000000cd
@000668e1
000000f7
@000608e2
00000012
@000628e2
000000a5
@000648e2
000000cd
@000668e2
000000f7
@000608e3
00000012
@000628e3
000000a5
@000648e3
000000cd
@000668e3
000000f7
@000608e4
00000012
@000628e4
000000a5
@000648e4
000000cd
@000668e4
000000f7
@000608e5
00000012
@000628e5
000000a5
@000648e5
000000cd
@000668e5
000000f7
@000608e6
00000012
@000628e6
000000a5
@000648e6
000000cd
@000668e6
000000f7
@000608e7
00000012
@000628e7
000000a5
@000648e7
000000cd
@000668e7
000000f7
@000608e8
00000012
@000628e8
000000a5
@000648e8
000000cd
@000668e8
000000f7
@000608e9
00000012
@000628e9
000000a5
@000648e9
000000cd
@000668e9
000000f7
@000608ea
00000012
@000628ea
000000a5
@000648ea
000000cd
@000668ea
000000f7
@000608eb
00000012
@000628eb
000000a5
@000648eb
000000cd
@000668eb
000000f7
@000608ec
00000012
@000628ec
000000a5
@000648ec
000000cd
@000668ec
000000f7
@000608ed
00000012
@000628ed
000000a5
@000648ed
000000cd
@000668ed
000000f7
@000608ee
00000012
@000628ee
000000a5
@000648ee
000000cd
@000668ee
000000f7
@000608ef
00000012
@000628ef
000000a5
@000648ef
000000cd
@000668ef
000000f7
@000608f0
00000012
@000628f0
000000a5
@000648f0
000000cd
@000668f0
000000f7
@000608f1
00000012
@000628f1
000000a5
@000648f1
000000cd
@000668f1
000000f7
@000608f2
00000012
@000628f2
000000a5
@000648f2
000000cd
@000668f2
000000f7
@000608f3
00000012
@000628f3
000000a5
@000648f3
000000cd
@000668f3
000000f7
@000608f4
00000012
@000628f4
000000a5
@000648f4
000000cd
@000668f4
000000f7
@000608f5
00000012
@000628f5
000000a5
@000648f5
000000cd
@000668f5
000000f7
@000608f6
00000012
@000628f6
000000a5
@000648f6
000000cd
@000668f6
000000f7
@000608f7
00000012
@000628f7
000000a5
@000648f7
000000cd
@000668f7
000000f7
@000608f8
00000012
@000628f8
000000a5
@000648f8
000000cd
@000668f8
000000f7
@000608f9
00000012
@000628f9
000000a5
@000648f9
000000cd
@000668f9
000000f7
@000608fa
00000012
@000628fa
000000a5
@000648fa
000000cd
@000668fa
000000f7
@000608fb
00000012
@000628fb
000000a5
@000648fb
000000cd
@000668fb
000000f7
@000608fc
00000012
@000628fc
000000a5
@000648fc
000000cd
@000668fc
000000f7
@000608fd
00000012
@000628fd
000000a5
@000648fd
000000cd
@000668fd
000000f7
@000608fe
00000012
@000628fe
000000a5
@000648fe
000000cd
@000668fe
000000f7
@000608ff
00000012
@000628ff
000000a5
@000648ff
000000cd
@000668ff
000000f7
@00060900
00000012
@00062900
000000a5
@00064900
000000cd
@00066900
000000f7
@00060901
00000012
@00062901
000000a5
@00064901
000000cd
@00066901
000000f7
@00060902
00000012
@00062902
000000a5
@00064902
000000cd
@00066902
000000f7
@00060903
00000012
@00062903
000000a5
@00064903
000000cd
@00066903
000000f7
@00060904
00000012
@00062904
000000a5
@00064904
000000cd
@00066904
000000f7
@00060905
00000012
@00062905
000000a5
@00064905
000000cd
@00066905
000000f7
@00060906
00000012
@00062906
000000a5
@00064906
000000cd
@00066906
000000f7
@00060907
00000012
@00062907
000000a5
@00064907
000000cd
@00066907
000000f7
@00060908
00000012
@00062908
000000a5
@00064908
000000cd
@00066908
000000f7
@00060909
00000012
@00062909
000000a5
@00064909
000000cd
@00066909
000000f7
@0006090a
00000012
@0006290a
000000a5
@0006490a
000000cd
@0006690a
000000f7
@0006090b
00000012
@0006290b
000000a5
@0006490b
000000cd
@0006690b
000000f7
@0006090c
00000012
@0006290c
000000a5
@0006490c
000000cd
@0006690c
000000f7
@0006090d
00000012
@0006290d
000000a5
@0006490d
000000cd
@0006690d
000000f7
@0006090e
00000012
@0006290e
000000a5
@0006490e
000000cd
@0006690e
000000f7
@0006090f
00000012
@0006290f
000000a5
@0006490f
000000cd
@0006690f
000000f7
@00060910
00000012
@00062910
000000a5
@00064910
000000cd
@00066910
000000f7
@00060911
00000012
@00062911
000000a5
@00064911
000000cd
@00066911
000000f7
@00060912
00000012
@00062912
000000a5
@00064912
000000cd
@00066912
000000f7
@00060913
00000012
@00062913
000000a5
@00064913
000000cd
@00066913
000000f7
@00060914
00000012
@00062914
000000a5
@00064914
000000cd
@00066914
000000f7
@00060915
00000012
@00062915
000000a5
@00064915
000000cd
@00066915
000000f7
@00060916
00000012
@00062916
000000a5
@00064916
000000cd
@00066916
000000f7
@00060917
00000012
@00062917
000000a5
@00064917
000000cd
@00066917
000000f7
@00060918
00000012
@00062918
000000a5
@00064918
000000cd
@00066918
000000f7
@00060919
00000012
@00062919
000000a5
@00064919
000000cd
@00066919
000000f7
@0006091a
00000012
@0006291a
000000a5
@0006491a
000000cd
@0006691a
000000f7
@0006091b
00000012
@0006291b
000000a5
@0006491b
000000cd
@0006691b
000000f7
@0006091c
00000012
@0006291c
000000a5
@0006491c
000000cd
@0006691c
000000f7
@0006091d
00000012
@0006291d
000000a5
@0006491d
000000cd
@0006691d
000000f7
@0006091e
00000012
@0006291e
000000a5
@0006491e
000000cd
@0006691e
000000f7
@0006091f
00000012
@0006291f
000000a5
@0006491f
000000cd
@0006691f
000000f7
@00060920
00000012
@00062920
000000a5
@00064920
000000cd
@00066920
000000f7
@00060921
00000012
@00062921
000000a5
@00064921
000000cd
@00066921
000000f7
@00060922
00000012
@00062922
000000a5
@00064922
000000cd
@00066922
000000f7
@00060923
00000012
@00062923
000000a5
@00064923
000000cd
@00066923
000000f7
@00060924
00000012
@00062924
000000a5
@00064924
000000cd
@00066924
000000f7
@00060925
00000012
@00062925
000000a5
@00064925
000000cd
@00066925
000000f7
@00060926
00000012
@00062926
000000a5
@00064926
000000cd
@00066926
000000f7
@00060927
00000012
@00062927
000000a5
@00064927
000000cd
@00066927
000000f7
@00060928
00000012
@00062928
000000a5
@00064928
000000cd
@00066928
000000f7
@00060929
00000012
@00062929
000000a5
@00064929
000000cd
@00066929
000000f7
@0006092a
00000012
@0006292a
000000a5
@0006492a
000000cd
@0006692a
000000f7
@0006092b
00000012
@0006292b
000000a5
@0006492b
000000cd
@0006692b
000000f7
@0006092c
00000012
@0006292c
000000a5
@0006492c
000000cd
@0006692c
000000f7
@0006092d
00000012
@0006292d
000000a5
@0006492d
000000cd
@0006692d
000000f7
@0006092e
00000012
@0006292e
000000a5
@0006492e
000000cd
@0006692e
000000f7
@0006092f
00000012
@0006292f
000000a5
@0006492f
000000cd
@0006692f
000000f7
@00060930
00000012
@00062930
000000a5
@00064930
000000cd
@00066930
000000f7
@00060931
00000012
@00062931
000000a5
@00064931
000000cd
@00066931
000000f7
@00060932
00000012
@00062932
000000a5
@00064932
000000cd
@00066932
000000f7
@00060933
00000012
@00062933
000000a5
@00064933
000000cd
@00066933
000000f7
@00060934
00000012
@00062934
000000a5
@00064934
000000cd
@00066934
000000f7
@00060935
00000012
@00062935
000000a5
@00064935
000000cd
@00066935
000000f7
@00060936
00000012
@00062936
000000a5
@00064936
000000cd
@00066936
000000f7
@00060937
00000012
@00062937
000000a5
@00064937
000000cd
@00066937
000000f7
@00060938
00000012
@00062938
000000a5
@00064938
000000cd
@00066938
000000f7
@00060939
00000012
@00062939
000000a5
@00064939
000000cd
@00066939
000000f7
@0006093a
00000012
@0006293a
000000a5
@0006493a
000000cd
@0006693a
000000f7
@0006093b
00000012
@0006293b
000000a5
@0006493b
000000cd
@0006693b
000000f7
@0006093c
00000012
@0006293c
000000a5
@0006493c
000000cd
@0006693c
000000f7
@0006093d
00000012
@0006293d
000000a5
@0006493d
000000cd
@0006693d
000000f7
@0006093e
00000012
@0006293e
000000a5
@0006493e
000000cd
@0006693e
000000f7
@0006093f
00000012
@0006293f
000000a5
@0006493f
000000cd
@0006693f
000000f7
@00060940
00000012
@00062940
000000a5
@00064940
000000cd
@00066940
000000f7
@00060941
00000012
@00062941
000000a5
@00064941
000000cd
@00066941
000000f7
@00060942
00000012
@00062942
000000a5
@00064942
000000cd
@00066942
000000f7
@00060943
00000012
@00062943
000000a5
@00064943
000000cd
@00066943
000000f7
@00060944
00000012
@00062944
000000a5
@00064944
000000cd
@00066944
000000f7
@00060945
00000012
@00062945
000000a5
@00064945
000000cd
@00066945
000000f7
@00060946
00000012
@00062946
000000a5
@00064946
000000cd
@00066946
000000f7
@00060947
00000012
@00062947
000000a5
@00064947
000000cd
@00066947
000000f7
@00060948
00000012
@00062948
000000a5
@00064948
000000cd
@00066948
000000f7
@00060949
00000012
@00062949
000000a5
@00064949
000000cd
@00066949
000000f7
@0006094a
00000012
@0006294a
000000a5
@0006494a
000000cd
@0006694a
000000f7
@0006094b
00000012
@0006294b
000000a5
@0006494b
000000cd
@0006694b
000000f7
@0006094c
00000012
@0006294c
000000a5
@0006494c
000000cd
@0006694c
000000f7
@0006094d
00000012
@0006294d
000000a5
@0006494d
000000cd
@0006694d
000000f7
@0006094e
00000012
@0006294e
000000a5
@0006494e
000000cd
@0006694e
000000f7
@0006094f
00000012
@0006294f
000000a5
@0006494f
000000cd
@0006694f
000000f7
@00060950
00000012
@00062950
000000a5
@00064950
000000cd
@00066950
000000f7
@00060951
00000012
@00062951
000000a5
@00064951
000000cd
@00066951
000000f7
@00060952
00000012
@00062952
000000a5
@00064952
000000cd
@00066952
000000f7
@00060953
00000012
@00062953
000000a5
@00064953
000000cd
@00066953
000000f7
@00060954
00000012
@00062954
000000a5
@00064954
000000cd
@00066954
000000f7
@00060955
00000012
@00062955
000000a5
@00064955
000000cd
@00066955
000000f7
@00060956
00000012
@00062956
000000a5
@00064956
000000cd
@00066956
000000f7
@00060957
00000012
@00062957
000000a5
@00064957
000000cd
@00066957
000000f7
@00060958
00000012
@00062958
000000a5
@00064958
000000cd
@00066958
000000f7
@00060959
00000012
@00062959
000000a5
@00064959
000000cd
@00066959
000000f7
@0006095a
00000012
@0006295a
000000a5
@0006495a
000000cd
@0006695a
000000f7
@0006095b
00000012
@0006295b
000000a5
@0006495b
000000cd
@0006695b
000000f7
@0006095c
00000012
@0006295c
000000a5
@0006495c
000000cd
@0006695c
000000f7
@0006095d
00000012
@0006295d
000000a5
@0006495d
000000cd
@0006695d
000000f7
@0006095e
00000012
@0006295e
000000a5
@0006495e
000000cd
@0006695e
000000f7
@0006095f
00000012
@0006295f
000000a5
@0006495f
000000cd
@0006695f
000000f7
@00060960
00000012
@00062960
000000a5
@00064960
000000cd
@00066960
000000f7
@00060961
00000012
@00062961
000000a5
@00064961
000000cd
@00066961
000000f7
@00060962
00000012
@00062962
000000a5
@00064962
000000cd
@00066962
000000f7
@00060963
00000012
@00062963
000000a5
@00064963
000000cd
@00066963
000000f7
@00060964
00000012
@00062964
000000a5
@00064964
000000cd
@00066964
000000f7
@00060965
00000012
@00062965
000000a5
@00064965
000000cd
@00066965
000000f7
@00060966
00000012
@00062966
000000a5
@00064966
000000cd
@00066966
000000f7
@00060967
00000012
@00062967
000000a5
@00064967
000000cd
@00066967
000000f7
@00060968
00000012
@00062968
000000a5
@00064968
000000cd
@00066968
000000f7
@00060969
00000012
@00062969
000000a5
@00064969
000000cd
@00066969
000000f7
@0006096a
00000012
@0006296a
000000a5
@0006496a
000000cd
@0006696a
000000f7
@0006096b
00000012
@0006296b
000000a5
@0006496b
000000cd
@0006696b
000000f7
@0006096c
00000012
@0006296c
000000a5
@0006496c
000000cd
@0006696c
000000f7
@0006096d
00000012
@0006296d
000000a5
@0006496d
000000cd
@0006696d
000000f7
@0006096e
00000012
@0006296e
000000a5
@0006496e
000000cd
@0006696e
000000f7
@0006096f
00000012
@0006296f
000000a5
@0006496f
000000cd
@0006696f
000000f7
@00060970
00000012
@00062970
000000a5
@00064970
000000cd
@00066970
000000f7
@00060971
00000012
@00062971
000000a5
@00064971
000000cd
@00066971
000000f7
@00060972
00000012
@00062972
000000a5
@00064972
000000cd
@00066972
000000f7
@00060973
00000012
@00062973
000000a5
@00064973
000000cd
@00066973
000000f7
@00060974
00000012
@00062974
000000a5
@00064974
000000cd
@00066974
000000f7
@00060975
00000012
@00062975
000000a5
@00064975
000000cd
@00066975
000000f7
@00060976
00000012
@00062976
000000a5
@00064976
000000cd
@00066976
000000f7
@00060977
00000012
@00062977
000000a5
@00064977
000000cd
@00066977
000000f7
@00060978
00000012
@00062978
000000a5
@00064978
000000cd
@00066978
000000f7
@00060979
00000012
@00062979
000000a5
@00064979
000000cd
@00066979
000000f7
@0006097a
00000012
@0006297a
000000a5
@0006497a
000000cd
@0006697a
000000f7
@0006097b
00000012
@0006297b
000000a5
@0006497b
000000cd
@0006697b
000000f7
@0006097c
00000012
@0006297c
000000a5
@0006497c
000000cd
@0006697c
000000f7
@0006097d
00000012
@0006297d
000000a5
@0006497d
000000cd
@0006697d
000000f7
@0006097e
00000012
@0006297e
000000a5
@0006497e
000000cd
@0006697e
000000f7
@0006097f
00000012
@0006297f
000000a5
@0006497f
000000cd
@0006697f
000000f7
@00060980
00000012
@00062980
000000a5
@00064980
000000cd
@00066980
000000f7
@00060981
00000012
@00062981
000000a5
@00064981
000000cd
@00066981
000000f7
@00060982
00000012
@00062982
000000a5
@00064982
000000cd
@00066982
000000f7
@00060983
00000012
@00062983
000000a5
@00064983
000000cd
@00066983
000000f7
@00060984
00000012
@00062984
000000a5
@00064984
000000cd
@00066984
000000f7
@00060985
00000012
@00062985
000000a5
@00064985
000000cd
@00066985
000000f7
@00060986
00000012
@00062986
000000a5
@00064986
000000cd
@00066986
000000f7
@00060987
00000012
@00062987
000000a5
@00064987
000000cd
@00066987
000000f7
@00060988
00000012
@00062988
000000a5
@00064988
000000cd
@00066988
000000f7
@00060989
00000012
@00062989
000000a5
@00064989
000000cd
@00066989
000000f7
@0006098a
00000012
@0006298a
000000a5
@0006498a
000000cd
@0006698a
000000f7
@0006098b
00000012
@0006298b
000000a5
@0006498b
000000cd
@0006698b
000000f7
@0006098c
00000012
@0006298c
000000a5
@0006498c
000000cd
@0006698c
000000f7
@0006098d
00000012
@0006298d
000000a5
@0006498d
000000cd
@0006698d
000000f7
@0006098e
00000012
@0006298e
000000a5
@0006498e
000000cd
@0006698e
000000f7
@0006098f
00000012
@0006298f
000000a5
@0006498f
000000cd
@0006698f
000000f7
@00060990
00000012
@00062990
000000a5
@00064990
000000cd
@00066990
000000f7
@00060991
00000012
@00062991
000000a5
@00064991
000000cd
@00066991
000000f7
@00060992
00000012
@00062992
000000a5
@00064992
000000cd
@00066992
000000f7
@00060993
00000012
@00062993
000000a5
@00064993
000000cd
@00066993
000000f7
@00060994
00000012
@00062994
000000a5
@00064994
000000cd
@00066994
000000f7
@00060995
00000012
@00062995
000000a5
@00064995
000000cd
@00066995
000000f7
@00060996
00000012
@00062996
000000a5
@00064996
000000cd
@00066996
000000f7
@00060997
00000012
@00062997
000000a5
@00064997
000000cd
@00066997
000000f7
@00060998
00000012
@00062998
000000a5
@00064998
000000cd
@00066998
000000f7
@00060999
00000012
@00062999
000000a5
@00064999
000000cd
@00066999
000000f7
@0006099a
00000012
@0006299a
000000a5
@0006499a
000000cd
@0006699a
000000f7
@0006099b
00000012
@0006299b
000000a5
@0006499b
000000cd
@0006699b
000000f7
@0006099c
00000012
@0006299c
000000a5
@0006499c
000000cd
@0006699c
000000f7
@0006099d
00000012
@0006299d
000000a5
@0006499d
000000cd
@0006699d
000000f7
@0006099e
00000012
@0006299e
000000a5
@0006499e
000000cd
@0006699e
000000f7
@0006099f
00000012
@0006299f
000000a5
@0006499f
000000cd
@0006699f
000000f7
@000609a0
00000012
@000629a0
000000a5
@000649a0
000000cd
@000669a0
000000f7
@000609a1
00000012
@000629a1
000000a5
@000649a1
000000cd
@000669a1
000000f7
@000609a2
00000012
@000629a2
000000a5
@000649a2
000000cd
@000669a2
000000f7
@000609a3
00000012
@000629a3
000000a5
@000649a3
000000cd
@000669a3
000000f7
@000609a4
00000012
@000629a4
000000a5
@000649a4
000000cd
@000669a4
000000f7
@000609a5
00000012
@000629a5
000000a5
@000649a5
000000cd
@000669a5
000000f7
@000609a6
00000012
@000629a6
000000a5
@000649a6
000000cd
@000669a6
000000f7
@000609a7
00000012
@000629a7
000000a5
@000649a7
000000cd
@000669a7
000000f7
@000609a8
00000012
@000629a8
000000a5
@000649a8
000000cd
@000669a8
000000f7
@000609a9
00000012
@000629a9
000000a5
@000649a9
000000cd
@000669a9
000000f7
@000609aa
00000012
@000629aa
000000a5
@000649aa
000000cd
@000669aa
000000f7
@000609ab
00000012
@000629ab
000000a5
@000649ab
000000cd
@000669ab
000000f7
@000609ac
00000012
@000629ac
000000a5
@000649ac
000000cd
@000669ac
000000f7
@000609ad
00000012
@000629ad
000000a5
@000649ad
000000cd
@000669ad
000000f7
@000609ae
00000012
@000629ae
000000a5
@000649ae
000000cd
@000669ae
000000f7
@000609af
00000012
@000629af
000000a5
@000649af
000000cd
@000669af
000000f7
@000609b0
00000012
@000629b0
000000a5
@000649b0
000000cd
@000669b0
000000f7
@000609b1
00000012
@000629b1
000000a5
@000649b1
000000cd
@000669b1
000000f7
@000609b2
00000012
@000629b2
000000a5
@000649b2
000000cd
@000669b2
000000f7
@000609b3
00000012
@000629b3
000000a5
@000649b3
000000cd
@000669b3
000000f7
@000609b4
00000012
@000629b4
000000a5
@000649b4
000000cd
@000669b4
000000f7
@000609b5
00000012
@000629b5
000000a5
@000649b5
000000cd
@000669b5
000000f7
@000609b6
00000012
@000629b6
000000a5
@000649b6
000000cd
@000669b6
000000f7
@000609b7
00000012
@000629b7
000000a5
@000649b7
000000cd
@000669b7
000000f7
@000609b8
00000012
@000629b8
000000a5
@000649b8
000000cd
@000669b8
000000f7
@000609b9
00000012
@000629b9
000000a5
@000649b9
000000cd
@000669b9
000000f7
@000609ba
00000012
@000629ba
000000a5
@000649ba
000000cd
@000669ba
000000f7
@000609bb
00000012
@000629bb
000000a5
@000649bb
000000cd
@000669bb
000000f7
@000609bc
00000012
@000629bc
000000a5
@000649bc
000000cd
@000669bc
000000f7
@000609bd
00000012
@000629bd
000000a5
@000649bd
000000cd
@000669bd
000000f7
@000609be
00000012
@000629be
000000a5
@000649be
000000cd
@000669be
000000f7
@000609bf
00000012
@000629bf
000000a5
@000649bf
000000cd
@000669bf
000000f7
@000609c0
00000012
@000629c0
000000a5
@000649c0
000000cd
@000669c0
000000f7
@000609c1
00000012
@000629c1
000000a5
@000649c1
000000cd
@000669c1
000000f7
@000609c2
00000012
@000629c2
000000a5
@000649c2
000000cd
@000669c2
000000f7
@000609c3
00000012
@000629c3
000000a5
@000649c3
000000cd
@000669c3
000000f7
@000609c4
00000012
@000629c4
000000a5
@000649c4
000000cd
@000669c4
000000f7
@000609c5
00000012
@000629c5
000000a5
@000649c5
000000cd
@000669c5
000000f7
@000609c6
00000012
@000629c6
000000a5
@000649c6
000000cd
@000669c6
000000f7
@000609c7
00000012
@000629c7
000000a5
@000649c7
000000cd
@000669c7
000000f7
@000609c8
00000012
@000629c8
000000a5
@000649c8
000000cd
@000669c8
000000f7
@000609c9
00000012
@000629c9
000000a5
@000649c9
000000cd
@000669c9
000000f7
@000609ca
00000012
@000629ca
000000a5
@000649ca
000000cd
@000669ca
000000f7
@000609cb
00000012
@000629cb
000000a5
@000649cb
000000cd
@000669cb
000000f7
@000609cc
00000012
@000629cc
000000a5
@000649cc
000000cd
@000669cc
000000f7
@000609cd
00000012
@000629cd
000000a5
@000649cd
000000cd
@000669cd
000000f7
@000609ce
00000012
@000629ce
000000a5
@000649ce
000000cd
@000669ce
000000f7
@000609cf
00000012
@000629cf
000000a5
@000649cf
000000cd
@000669cf
000000f7
@000609d0
00000012
@000629d0
000000a5
@000649d0
000000cd
@000669d0
000000f7
@000609d1
00000012
@000629d1
000000a5
@000649d1
000000cd
@000669d1
000000f7
@000609d2
00000012
@000629d2
000000a5
@000649d2
000000cd
@000669d2
000000f7
@000609d3
00000012
@000629d3
000000a5
@000649d3
000000cd
@000669d3
000000f7
@000609d4
00000012
@000629d4
000000a5
@000649d4
000000cd
@000669d4
000000f7
@000609d5
00000012
@000629d5
000000a5
@000649d5
000000cd
@000669d5
000000f7
@000609d6
00000012
@000629d6
000000a5
@000649d6
000000cd
@000669d6
000000f7
@000609d7
00000012
@000629d7
000000a5
@000649d7
000000cd
@000669d7
000000f7
@000609d8
00000012
@000629d8
000000a5
@000649d8
000000cd
@000669d8
000000f7
@000609d9
00000012
@000629d9
000000a5
@000649d9
000000cd
@000669d9
000000f7
@000609da
00000012
@000629da
000000a5
@000649da
000000cd
@000669da
000000f7
@000609db
00000012
@000629db
000000a5
@000649db
000000cd
@000669db
000000f7
@000609dc
00000012
@000629dc
000000a5
@000649dc
000000cd
@000669dc
000000f7
@000609dd
00000012
@000629dd
000000a5
@000649dd
000000cd
@000669dd
000000f7
@000609de
00000012
@000629de
000000a5
@000649de
000000cd
@000669de
000000f7
@000609df
00000012
@000629df
000000a5
@000649df
000000cd
@000669df
000000f7
@000609e0
00000012
@000629e0
000000a5
@000649e0
000000cd
@000669e0
000000f7
@000609e1
00000012
@000629e1
000000a5
@000649e1
000000cd
@000669e1
000000f7
@000609e2
00000012
@000629e2
000000a5
@000649e2
000000cd
@000669e2
000000f7
@000609e3
00000012
@000629e3
000000a5
@000649e3
000000cd
@000669e3
000000f7
@000609e4
00000012
@000629e4
000000a5
@000649e4
000000cd
@000669e4
000000f7
@000609e5
00000012
@000629e5
000000a5
@000649e5
000000cd
@000669e5
000000f7
@000609e6
00000012
@000629e6
000000a5
@000649e6
000000cd
@000669e6
000000f7
@000609e7
00000012
@000629e7
000000a5
@000649e7
000000cd
@000669e7
000000f7
@000609e8
00000012
@000629e8
000000a5
@000649e8
000000cd
@000669e8
000000f7
@000609e9
00000012
@000629e9
000000a5
@000649e9
000000cd
@000669e9
000000f7
@000609ea
00000012
@000629ea
000000a5
@000649ea
000000cd
@000669ea
000000f7
@000609eb
00000012
@000629eb
000000a5
@000649eb
000000cd
@000669eb
000000f7
@000609ec
00000012
@000629ec
000000a5
@000649ec
000000cd
@000669ec
000000f7
@000609ed
00000012
@000629ed
000000a5
@000649ed
000000cd
@000669ed
000000f7
@000609ee
00000012
@000629ee
000000a5
@000649ee
000000cd
@000669ee
000000f7
@000609ef
00000012
@000629ef
000000a5
@000649ef
000000cd
@000669ef
000000f7
@000609f0
00000012
@000629f0
000000a5
@000649f0
000000cd
@000669f0
000000f7
@000609f1
00000012
@000629f1
000000a5
@000649f1
000000cd
@000669f1
000000f7
@000609f2
00000012
@000629f2
000000a5
@000649f2
000000cd
@000669f2
000000f7
@000609f3
00000012
@000629f3
000000a5
@000649f3
000000cd
@000669f3
000000f7
@000609f4
00000012
@000629f4
000000a5
@000649f4
000000cd
@000669f4
000000f7
@000609f5
00000012
@000629f5
000000a5
@000649f5
000000cd
@000669f5
000000f7
@000609f6
00000012
@000629f6
000000a5
@000649f6
000000cd
@000669f6
000000f7
@000609f7
00000012
@000629f7
000000a5
@000649f7
000000cd
@000669f7
000000f7
@000609f8
00000012
@000629f8
000000a5
@000649f8
000000cd
@000669f8
000000f7
@000609f9
00000012
@000629f9
000000a5
@000649f9
000000cd
@000669f9
000000f7
@000609fa
00000012
@000629fa
000000a5
@000649fa
000000cd
@000669fa
000000f7
@000609fb
00000012
@000629fb
000000a5
@000649fb
000000cd
@000669fb
000000f7
@000609fc
00000012
@000629fc
000000a5
@000649fc
000000cd
@000669fc
000000f7
@000609fd
00000012
@000629fd
000000a5
@000649fd
000000cd
@000669fd
000000f7
@000609fe
00000012
@000629fe
000000a5
@000649fe
000000cd
@000669fe
000000f7
@000609ff
00000012
@000629ff
000000a5
@000649ff
000000cd
@000669ff
000000f7
@00060a00
00000012
@00062a00
000000a5
@00064a00
000000cd
@00066a00
000000f7
@00060a01
00000012
@00062a01
000000a5
@00064a01
000000cd
@00066a01
000000f7
@00060a02
00000012
@00062a02
000000a5
@00064a02
000000cd
@00066a02
000000f7
@00060a03
00000012
@00062a03
000000a5
@00064a03
000000cd
@00066a03
000000f7
@00060a04
00000012
@00062a04
000000a5
@00064a04
000000cd
@00066a04
000000f7
@00060a05
00000012
@00062a05
000000a5
@00064a05
000000cd
@00066a05
000000f7
@00060a06
00000012
@00062a06
000000a5
@00064a06
000000cd
@00066a06
000000f7
@00060a07
00000012
@00062a07
000000a5
@00064a07
000000cd
@00066a07
000000f7
@00060a08
00000012
@00062a08
000000a5
@00064a08
000000cd
@00066a08
000000f7
@00060a09
00000012
@00062a09
000000a5
@00064a09
000000cd
@00066a09
000000f7
@00060a0a
00000012
@00062a0a
000000a5
@00064a0a
000000cd
@00066a0a
000000f7
@00060a0b
00000012
@00062a0b
000000a5
@00064a0b
000000cd
@00066a0b
000000f7
@00060a0c
00000012
@00062a0c
000000a5
@00064a0c
000000cd
@00066a0c
000000f7
@00060a0d
00000012
@00062a0d
000000a5
@00064a0d
000000cd
@00066a0d
000000f7
@00060a0e
00000012
@00062a0e
000000a5
@00064a0e
000000cd
@00066a0e
000000f7
@00060a0f
00000012
@00062a0f
000000a5
@00064a0f
000000cd
@00066a0f
000000f7
@00060a10
00000012
@00062a10
000000a5
@00064a10
000000cd
@00066a10
000000f7
@00060a11
00000012
@00062a11
000000a5
@00064a11
000000cd
@00066a11
000000f7
@00060a12
00000012
@00062a12
000000a5
@00064a12
000000cd
@00066a12
000000f7
@00060a13
00000012
@00062a13
000000a5
@00064a13
000000cd
@00066a13
000000f7
@00060a14
00000012
@00062a14
000000a5
@00064a14
000000cd
@00066a14
000000f7
@00060a15
00000012
@00062a15
000000a5
@00064a15
000000cd
@00066a15
000000f7
@00060a16
00000012
@00062a16
000000a5
@00064a16
000000cd
@00066a16
000000f7
@00060a17
00000012
@00062a17
000000a5
@00064a17
000000cd
@00066a17
000000f7
@00060a18
00000012
@00062a18
000000a5
@00064a18
000000cd
@00066a18
000000f7
@00060a19
00000012
@00062a19
000000a5
@00064a19
000000cd
@00066a19
000000f7
@00060a1a
00000012
@00062a1a
000000a5
@00064a1a
000000cd
@00066a1a
000000f7
@00060a1b
00000012
@00062a1b
000000a5
@00064a1b
000000cd
@00066a1b
000000f7
@00060a1c
00000012
@00062a1c
000000a5
@00064a1c
000000cd
@00066a1c
000000f7
@00060a1d
00000012
@00062a1d
000000a5
@00064a1d
000000cd
@00066a1d
000000f7
@00060a1e
00000012
@00062a1e
000000a5
@00064a1e
000000cd
@00066a1e
000000f7
@00060a1f
00000012
@00062a1f
000000a5
@00064a1f
000000cd
@00066a1f
000000f7
@00060a20
00000012
@00062a20
000000a5
@00064a20
000000cd
@00066a20
000000f7
@00060a21
00000012
@00062a21
000000a5
@00064a21
000000cd
@00066a21
000000f7
@00060a22
00000012
@00062a22
000000a5
@00064a22
000000cd
@00066a22
000000f7
@00060a23
00000012
@00062a23
000000a5
@00064a23
000000cd
@00066a23
000000f7
@00060a24
00000012
@00062a24
000000a5
@00064a24
000000cd
@00066a24
000000f7
@00060a25
00000012
@00062a25
000000a5
@00064a25
000000cd
@00066a25
000000f7
@00060a26
00000012
@00062a26
000000a5
@00064a26
000000cd
@00066a26
000000f7
@00060a27
00000012
@00062a27
000000a5
@00064a27
000000cd
@00066a27
000000f7
@00060a28
00000012
@00062a28
000000a5
@00064a28
000000cd
@00066a28
000000f7
@00060a29
00000012
@00062a29
000000a5
@00064a29
000000cd
@00066a29
000000f7
@00060a2a
00000012
@00062a2a
000000a5
@00064a2a
000000cd
@00066a2a
000000f7
@00060a2b
00000012
@00062a2b
000000a5
@00064a2b
000000cd
@00066a2b
000000f7
@00060a2c
00000012
@00062a2c
000000a5
@00064a2c
000000cd
@00066a2c
000000f7
@00060a2d
00000012
@00062a2d
000000a5
@00064a2d
000000cd
@00066a2d
000000f7
@00060a2e
00000012
@00062a2e
000000a5
@00064a2e
000000cd
@00066a2e
000000f7
@00060a2f
00000012
@00062a2f
000000a5
@00064a2f
000000cd
@00066a2f
000000f7
@00060a30
00000012
@00062a30
000000a5
@00064a30
000000cd
@00066a30
000000f7
@00060a31
00000012
@00062a31
000000a5
@00064a31
000000cd
@00066a31
000000f7
@00060a32
00000012
@00062a32
000000a5
@00064a32
000000cd
@00066a32
000000f7
@00060a33
00000012
@00062a33
000000a5
@00064a33
000000cd
@00066a33
000000f7
@00060a34
00000012
@00062a34
000000a5
@00064a34
000000cd
@00066a34
000000f7
@00060a35
00000012
@00062a35
000000a5
@00064a35
000000cd
@00066a35
000000f7
@00060a36
00000012
@00062a36
000000a5
@00064a36
000000cd
@00066a36
000000f7
@00060a37
00000012
@00062a37
000000a5
@00064a37
000000cd
@00066a37
000000f7
@00060a38
00000012
@00062a38
000000a5
@00064a38
000000cd
@00066a38
000000f7
@00060a39
00000012
@00062a39
000000a5
@00064a39
000000cd
@00066a39
000000f7
@00060a3a
00000012
@00062a3a
000000a5
@00064a3a
000000cd
@00066a3a
000000f7
@00060a3b
00000012
@00062a3b
000000a5
@00064a3b
000000cd
@00066a3b
000000f7
@00060a3c
00000012
@00062a3c
000000a5
@00064a3c
000000cd
@00066a3c
000000f7
@00060a3d
00000012
@00062a3d
000000a5
@00064a3d
000000cd
@00066a3d
000000f7
@00060a3e
00000012
@00062a3e
000000a5
@00064a3e
000000cd
@00066a3e
000000f7
@00060a3f
00000012
@00062a3f
000000a5
@00064a3f
000000cd
@00066a3f
000000f7
@00060a40
00000012
@00062a40
000000a5
@00064a40
000000cd
@00066a40
000000f7
@00060a41
00000012
@00062a41
000000a5
@00064a41
000000cd
@00066a41
000000f7
@00060a42
00000012
@00062a42
000000a5
@00064a42
000000cd
@00066a42
000000f7
@00060a43
00000012
@00062a43
000000a5
@00064a43
000000cd
@00066a43
000000f7
@00060a44
00000012
@00062a44
000000a5
@00064a44
000000cd
@00066a44
000000f7
@00060a45
00000012
@00062a45
000000a5
@00064a45
000000cd
@00066a45
000000f7
@00060a46
00000012
@00062a46
000000a5
@00064a46
000000cd
@00066a46
000000f7
@00060a47
00000012
@00062a47
000000a5
@00064a47
000000cd
@00066a47
000000f7
@00060a48
00000012
@00062a48
000000a5
@00064a48
000000cd
@00066a48
000000f7
@00060a49
00000012
@00062a49
000000a5
@00064a49
000000cd
@00066a49
000000f7
@00060a4a
00000012
@00062a4a
000000a5
@00064a4a
000000cd
@00066a4a
000000f7
@00060a4b
00000012
@00062a4b
000000a5
@00064a4b
000000cd
@00066a4b
000000f7
@00060a4c
00000012
@00062a4c
000000a5
@00064a4c
000000cd
@00066a4c
000000f7
@00060a4d
00000012
@00062a4d
000000a5
@00064a4d
000000cd
@00066a4d
000000f7
@00060a4e
00000012
@00062a4e
000000a5
@00064a4e
000000cd
@00066a4e
000000f7
@00060a4f
00000012
@00062a4f
000000a5
@00064a4f
000000cd
@00066a4f
000000f7
@00060a50
00000012
@00062a50
000000a5
@00064a50
000000cd
@00066a50
000000f7
@00060a51
00000012
@00062a51
000000a5
@00064a51
000000cd
@00066a51
000000f7
@00060a52
00000012
@00062a52
000000a5
@00064a52
000000cd
@00066a52
000000f7
@00060a53
00000012
@00062a53
000000a5
@00064a53
000000cd
@00066a53
000000f7
@00060a54
00000012
@00062a54
000000a5
@00064a54
000000cd
@00066a54
000000f7
@00060a55
00000012
@00062a55
000000a5
@00064a55
000000cd
@00066a55
000000f7
@00060a56
00000012
@00062a56
000000a5
@00064a56
000000cd
@00066a56
000000f7
@00060a57
00000012
@00062a57
000000a5
@00064a57
000000cd
@00066a57
000000f7
@00060a58
00000012
@00062a58
000000a5
@00064a58
000000cd
@00066a58
000000f7
@00060a59
00000012
@00062a59
000000a5
@00064a59
000000cd
@00066a59
000000f7
@00060a5a
00000012
@00062a5a
000000a5
@00064a5a
000000cd
@00066a5a
000000f7
@00060a5b
00000012
@00062a5b
000000a5
@00064a5b
000000cd
@00066a5b
000000f7
@00060a5c
00000012
@00062a5c
000000a5
@00064a5c
000000cd
@00066a5c
000000f7
@00060a5d
00000012
@00062a5d
000000a5
@00064a5d
000000cd
@00066a5d
000000f7
@00060a5e
00000012
@00062a5e
000000a5
@00064a5e
000000cd
@00066a5e
000000f7
@00060a5f
00000012
@00062a5f
000000a5
@00064a5f
000000cd
@00066a5f
000000f7
@00060a60
00000012
@00062a60
000000a5
@00064a60
000000cd
@00066a60
000000f7
@00060a61
00000012
@00062a61
000000a5
@00064a61
000000cd
@00066a61
000000f7
@00060a62
00000012
@00062a62
000000a5
@00064a62
000000cd
@00066a62
000000f7
@00060a63
00000012
@00062a63
000000a5
@00064a63
000000cd
@00066a63
000000f7
@00060a64
00000012
@00062a64
000000a5
@00064a64
000000cd
@00066a64
000000f7
@00060a65
00000012
@00062a65
000000a5
@00064a65
000000cd
@00066a65
000000f7
@00060a66
00000012
@00062a66
000000a5
@00064a66
000000cd
@00066a66
000000f7
@00060a67
00000012
@00062a67
000000a5
@00064a67
000000cd
@00066a67
000000f7
@00060a68
00000012
@00062a68
000000a5
@00064a68
000000cd
@00066a68
000000f7
@00060a69
00000012
@00062a69
000000a5
@00064a69
000000cd
@00066a69
000000f7
@00060a6a
00000012
@00062a6a
000000a5
@00064a6a
000000cd
@00066a6a
000000f7
@00060a6b
00000012
@00062a6b
000000a5
@00064a6b
000000cd
@00066a6b
000000f7
@00060a6c
00000012
@00062a6c
000000a5
@00064a6c
000000cd
@00066a6c
000000f7
@00060a6d
00000012
@00062a6d
000000a5
@00064a6d
000000cd
@00066a6d
000000f7
@00060a6e
00000012
@00062a6e
000000a5
@00064a6e
000000cd
@00066a6e
000000f7
@00060a6f
00000012
@00062a6f
000000a5
@00064a6f
000000cd
@00066a6f
000000f7
@00060a70
00000012
@00062a70
000000a5
@00064a70
000000cd
@00066a70
000000f7
@00060a71
00000012
@00062a71
000000a5
@00064a71
000000cd
@00066a71
000000f7
@00060a72
00000012
@00062a72
000000a5
@00064a72
000000cd
@00066a72
000000f7
@00060a73
00000012
@00062a73
000000a5
@00064a73
000000cd
@00066a73
000000f7
@00060a74
00000012
@00062a74
000000a5
@00064a74
000000cd
@00066a74
000000f7
@00060a75
00000012
@00062a75
000000a5
@00064a75
000000cd
@00066a75
000000f7
@00060a76
00000012
@00062a76
000000a5
@00064a76
000000cd
@00066a76
000000f7
@00060a77
00000012
@00062a77
000000a5
@00064a77
000000cd
@00066a77
000000f7
@00060a78
00000012
@00062a78
000000a5
@00064a78
000000cd
@00066a78
000000f7
@00060a79
00000012
@00062a79
000000a5
@00064a79
000000cd
@00066a79
000000f7
@00060a7a
00000012
@00062a7a
000000a5
@00064a7a
000000cd
@00066a7a
000000f7
@00060a7b
00000012
@00062a7b
000000a5
@00064a7b
000000cd
@00066a7b
000000f7
@00060a7c
00000012
@00062a7c
000000a5
@00064a7c
000000cd
@00066a7c
000000f7
@00060a7d
00000012
@00062a7d
000000a5
@00064a7d
000000cd
@00066a7d
000000f7
@00060a7e
00000012
@00062a7e
000000a5
@00064a7e
000000cd
@00066a7e
000000f7
@00060a7f
00000012
@00062a7f
000000a5
@00064a7f
000000cd
@00066a7f
000000f7
@00060a80
00000012
@00062a80
000000a5
@00064a80
000000cd
@00066a80
000000f7
@00060a81
00000012
@00062a81
000000a5
@00064a81
000000cd
@00066a81
000000f7
@00060a82
00000012
@00062a82
000000a5
@00064a82
000000cd
@00066a82
000000f7
@00060a83
00000012
@00062a83
000000a5
@00064a83
000000cd
@00066a83
000000f7
@00060a84
00000012
@00062a84
000000a5
@00064a84
000000cd
@00066a84
000000f7
@00060a85
00000012
@00062a85
000000a5
@00064a85
000000cd
@00066a85
000000f7
@00060a86
00000012
@00062a86
000000a5
@00064a86
000000cd
@00066a86
000000f7
@00060a87
00000012
@00062a87
000000a5
@00064a87
000000cd
@00066a87
000000f7
@00060a88
00000012
@00062a88
000000a5
@00064a88
000000cd
@00066a88
000000f7
@00060a89
00000012
@00062a89
000000a5
@00064a89
000000cd
@00066a89
000000f7
@00060a8a
00000012
@00062a8a
000000a5
@00064a8a
000000cd
@00066a8a
000000f7
@00060a8b
00000012
@00062a8b
000000a5
@00064a8b
000000cd
@00066a8b
000000f7
@00060a8c
00000012
@00062a8c
000000a5
@00064a8c
000000cd
@00066a8c
000000f7
@00060a8d
00000012
@00062a8d
000000a5
@00064a8d
000000cd
@00066a8d
000000f7
@00060a8e
00000012
@00062a8e
000000a5
@00064a8e
000000cd
@00066a8e
000000f7
@00060a8f
00000012
@00062a8f
000000a5
@00064a8f
000000cd
@00066a8f
000000f7
@00060a90
00000012
@00062a90
000000a5
@00064a90
000000cd
@00066a90
000000f7
@00060a91
00000012
@00062a91
000000a5
@00064a91
000000cd
@00066a91
000000f7
@00060a92
00000012
@00062a92
000000a5
@00064a92
000000cd
@00066a92
000000f7
@00060a93
00000012
@00062a93
000000a5
@00064a93
000000cd
@00066a93
000000f7
@00060a94
00000012
@00062a94
000000a5
@00064a94
000000cd
@00066a94
000000f7
@00060a95
00000012
@00062a95
000000a5
@00064a95
000000cd
@00066a95
000000f7
@00060a96
00000012
@00062a96
000000a5
@00064a96
000000cd
@00066a96
000000f7
@00060a97
00000012
@00062a97
000000a5
@00064a97
000000cd
@00066a97
000000f7
@00060a98
00000012
@00062a98
000000a5
@00064a98
000000cd
@00066a98
000000f7
@00060a99
00000012
@00062a99
000000a5
@00064a99
000000cd
@00066a99
000000f7
@00060a9a
00000012
@00062a9a
000000a5
@00064a9a
000000cd
@00066a9a
000000f7
@00060a9b
00000012
@00062a9b
000000a5
@00064a9b
000000cd
@00066a9b
000000f7
@00060a9c
00000012
@00062a9c
000000a5
@00064a9c
000000cd
@00066a9c
000000f7
@00060a9d
00000012
@00062a9d
000000a5
@00064a9d
000000cd
@00066a9d
000000f7
@00060a9e
00000012
@00062a9e
000000a5
@00064a9e
000000cd
@00066a9e
000000f7
@00060a9f
00000012
@00062a9f
000000a5
@00064a9f
000000cd
@00066a9f
000000f7
@00060aa0
00000012
@00062aa0
000000a5
@00064aa0
000000cd
@00066aa0
000000f7
@00060aa1
00000012
@00062aa1
000000a5
@00064aa1
000000cd
@00066aa1
000000f7
@00060aa2
00000012
@00062aa2
000000a5
@00064aa2
000000cd
@00066aa2
000000f7
@00060aa3
00000012
@00062aa3
000000a5
@00064aa3
000000cd
@00066aa3
000000f7
@00060aa4
00000012
@00062aa4
000000a5
@00064aa4
000000cd
@00066aa4
000000f7
@00060aa5
00000012
@00062aa5
000000a5
@00064aa5
000000cd
@00066aa5
000000f7
@00060aa6
00000012
@00062aa6
000000a5
@00064aa6
000000cd
@00066aa6
000000f7
@00060aa7
00000012
@00062aa7
000000a5
@00064aa7
000000cd
@00066aa7
000000f7
@00060aa8
00000012
@00062aa8
000000a5
@00064aa8
000000cd
@00066aa8
000000f7
@00060aa9
00000012
@00062aa9
000000a5
@00064aa9
000000cd
@00066aa9
000000f7
@00060aaa
00000012
@00062aaa
000000a5
@00064aaa
000000cd
@00066aaa
000000f7
@00060aab
00000012
@00062aab
000000a5
@00064aab
000000cd
@00066aab
000000f7
@00060aac
00000012
@00062aac
000000a5
@00064aac
000000cd
@00066aac
000000f7
@00060aad
00000012
@00062aad
000000a5
@00064aad
000000cd
@00066aad
000000f7
@00060aae
00000012
@00062aae
000000a5
@00064aae
000000cd
@00066aae
000000f7
@00060aaf
00000012
@00062aaf
000000a5
@00064aaf
000000cd
@00066aaf
000000f7
@00060ab0
00000012
@00062ab0
000000a5
@00064ab0
000000cd
@00066ab0
000000f7
@00060ab1
00000012
@00062ab1
000000a5
@00064ab1
000000cd
@00066ab1
000000f7
@00060ab2
00000012
@00062ab2
000000a5
@00064ab2
000000cd
@00066ab2
000000f7
@00060ab3
00000012
@00062ab3
000000a5
@00064ab3
000000cd
@00066ab3
000000f7
@00060ab4
00000012
@00062ab4
000000a5
@00064ab4
000000cd
@00066ab4
000000f7
@00060ab5
00000012
@00062ab5
000000a5
@00064ab5
000000cd
@00066ab5
000000f7
@00060ab6
00000012
@00062ab6
000000a5
@00064ab6
000000cd
@00066ab6
000000f7
@00060ab7
00000012
@00062ab7
000000a5
@00064ab7
000000cd
@00066ab7
000000f7
@00060ab8
00000012
@00062ab8
000000a5
@00064ab8
000000cd
@00066ab8
000000f7
@00060ab9
00000012
@00062ab9
000000a5
@00064ab9
000000cd
@00066ab9
000000f7
@00060aba
00000012
@00062aba
000000a5
@00064aba
000000cd
@00066aba
000000f7
@00060abb
00000012
@00062abb
000000a5
@00064abb
000000cd
@00066abb
000000f7
@00060abc
00000012
@00062abc
000000a5
@00064abc
000000cd
@00066abc
000000f7
@00060abd
00000012
@00062abd
000000a5
@00064abd
000000cd
@00066abd
000000f7
@00060abe
00000012
@00062abe
000000a5
@00064abe
000000cd
@00066abe
000000f7
@00060abf
00000012
@00062abf
000000a5
@00064abf
000000cd
@00066abf
000000f7
@00060ac0
00000012
@00062ac0
000000a5
@00064ac0
000000cd
@00066ac0
000000f7
@00060ac1
00000012
@00062ac1
000000a5
@00064ac1
000000cd
@00066ac1
000000f7
@00060ac2
00000012
@00062ac2
000000a5
@00064ac2
000000cd
@00066ac2
000000f7
@00060ac3
00000012
@00062ac3
000000a5
@00064ac3
000000cd
@00066ac3
000000f7
@00060ac4
00000012
@00062ac4
000000a5
@00064ac4
000000cd
@00066ac4
000000f7
@00060ac5
00000012
@00062ac5
000000a5
@00064ac5
000000cd
@00066ac5
000000f7
@00060ac6
00000012
@00062ac6
000000a5
@00064ac6
000000cd
@00066ac6
000000f7
@00060ac7
00000012
@00062ac7
000000a5
@00064ac7
000000cd
@00066ac7
000000f7
@00060ac8
00000012
@00062ac8
000000a5
@00064ac8
000000cd
@00066ac8
000000f7
@00060ac9
00000012
@00062ac9
000000a5
@00064ac9
000000cd
@00066ac9
000000f7
@00060aca
00000012
@00062aca
000000a5
@00064aca
000000cd
@00066aca
000000f7
@00060acb
00000012
@00062acb
000000a5
@00064acb
000000cd
@00066acb
000000f7
@00060acc
00000012
@00062acc
000000a5
@00064acc
000000cd
@00066acc
000000f7
@00060acd
00000012
@00062acd
000000a5
@00064acd
000000cd
@00066acd
000000f7
@00060ace
00000012
@00062ace
000000a5
@00064ace
000000cd
@00066ace
000000f7
@00060acf
00000012
@00062acf
000000a5
@00064acf
000000cd
@00066acf
000000f7
@00060ad0
00000012
@00062ad0
000000a5
@00064ad0
000000cd
@00066ad0
000000f7
@00060ad1
00000012
@00062ad1
000000a5
@00064ad1
000000cd
@00066ad1
000000f7
@00060ad2
00000012
@00062ad2
000000a5
@00064ad2
000000cd
@00066ad2
000000f7
@00060ad3
00000012
@00062ad3
000000a5
@00064ad3
000000cd
@00066ad3
000000f7
@00060ad4
00000012
@00062ad4
000000a5
@00064ad4
000000cd
@00066ad4
000000f7
@00060ad5
00000012
@00062ad5
000000a5
@00064ad5
000000cd
@00066ad5
000000f7
@00060ad6
00000012
@00062ad6
000000a5
@00064ad6
000000cd
@00066ad6
000000f7
@00060ad7
00000012
@00062ad7
000000a5
@00064ad7
000000cd
@00066ad7
000000f7
@00060ad8
00000012
@00062ad8
000000a5
@00064ad8
000000cd
@00066ad8
000000f7
@00060ad9
00000012
@00062ad9
000000a5
@00064ad9
000000cd
@00066ad9
000000f7
@00060ada
00000012
@00062ada
000000a5
@00064ada
000000cd
@00066ada
000000f7
@00060adb
00000012
@00062adb
000000a5
@00064adb
000000cd
@00066adb
000000f7
@00060adc
00000012
@00062adc
000000a5
@00064adc
000000cd
@00066adc
000000f7
@00060add
00000012
@00062add
000000a5
@00064add
000000cd
@00066add
000000f7
@00060ade
00000012
@00062ade
000000a5
@00064ade
000000cd
@00066ade
000000f7
@00060adf
00000012
@00062adf
000000a5
@00064adf
000000cd
@00066adf
000000f7
@00060ae0
00000012
@00062ae0
000000a5
@00064ae0
000000cd
@00066ae0
000000f7
@00060ae1
00000012
@00062ae1
000000a5
@00064ae1
000000cd
@00066ae1
000000f7
@00060ae2
00000012
@00062ae2
000000a5
@00064ae2
000000cd
@00066ae2
000000f7
@00060ae3
00000012
@00062ae3
000000a5
@00064ae3
000000cd
@00066ae3
000000f7
@00060ae4
00000012
@00062ae4
000000a5
@00064ae4
000000cd
@00066ae4
000000f7
@00060ae5
00000012
@00062ae5
000000a5
@00064ae5
000000cd
@00066ae5
000000f7
@00060ae6
00000012
@00062ae6
000000a5
@00064ae6
000000cd
@00066ae6
000000f7
@00060ae7
00000012
@00062ae7
000000a5
@00064ae7
000000cd
@00066ae7
000000f7
@00060ae8
00000012
@00062ae8
000000a5
@00064ae8
000000cd
@00066ae8
000000f7
@00060ae9
00000012
@00062ae9
000000a5
@00064ae9
000000cd
@00066ae9
000000f7
@00060aea
00000012
@00062aea
000000a5
@00064aea
000000cd
@00066aea
000000f7
@00060aeb
00000012
@00062aeb
000000a5
@00064aeb
000000cd
@00066aeb
000000f7
@00060aec
00000012
@00062aec
000000a5
@00064aec
000000cd
@00066aec
000000f7
@00060aed
00000012
@00062aed
000000a5
@00064aed
000000cd
@00066aed
000000f7
@00060aee
00000012
@00062aee
000000a5
@00064aee
000000cd
@00066aee
000000f7
@00060aef
00000012
@00062aef
000000a5
@00064aef
000000cd
@00066aef
000000f7
@00060af0
00000012
@00062af0
000000a5
@00064af0
000000cd
@00066af0
000000f7
@00060af1
00000012
@00062af1
000000a5
@00064af1
000000cd
@00066af1
000000f7
@00060af2
00000012
@00062af2
000000a5
@00064af2
000000cd
@00066af2
000000f7
@00060af3
00000012
@00062af3
000000a5
@00064af3
000000cd
@00066af3
000000f7
@00060af4
00000012
@00062af4
000000a5
@00064af4
000000cd
@00066af4
000000f7
@00060af5
00000012
@00062af5
000000a5
@00064af5
000000cd
@00066af5
000000f7
@00060af6
00000012
@00062af6
000000a5
@00064af6
000000cd
@00066af6
000000f7
@00060af7
00000012
@00062af7
000000a5
@00064af7
000000cd
@00066af7
000000f7
@00060af8
00000012
@00062af8
000000a5
@00064af8
000000cd
@00066af8
000000f7
@00060af9
00000012
@00062af9
000000a5
@00064af9
000000cd
@00066af9
000000f7
@00060afa
00000012
@00062afa
000000a5
@00064afa
000000cd
@00066afa
000000f7
@00060afb
00000012
@00062afb
000000a5
@00064afb
000000cd
@00066afb
000000f7
@00060afc
00000012
@00062afc
000000a5
@00064afc
000000cd
@00066afc
000000f7
@00060afd
00000012
@00062afd
000000a5
@00064afd
000000cd
@00066afd
000000f7
@00060afe
00000012
@00062afe
000000a5
@00064afe
000000cd
@00066afe
000000f7
@00060aff
00000012
@00062aff
000000a5
@00064aff
000000cd
@00066aff
000000f7
@00060b00
00000012
@00062b00
000000a5
@00064b00
000000cd
@00066b00
000000f7
@00060b01
00000012
@00062b01
000000a5
@00064b01
000000cd
@00066b01
000000f7
@00060b02
00000012
@00062b02
000000a5
@00064b02
000000cd
@00066b02
000000f7
@00060b03
00000012
@00062b03
000000a5
@00064b03
000000cd
@00066b03
000000f7
@00060b04
00000012
@00062b04
000000a5
@00064b04
000000cd
@00066b04
000000f7
@00060b05
00000012
@00062b05
000000a5
@00064b05
000000cd
@00066b05
000000f7
@00060b06
00000012
@00062b06
000000a5
@00064b06
000000cd
@00066b06
000000f7
@00060b07
00000012
@00062b07
000000a5
@00064b07
000000cd
@00066b07
000000f7
@00060b08
00000012
@00062b08
000000a5
@00064b08
000000cd
@00066b08
000000f7
@00060b09
00000012
@00062b09
000000a5
@00064b09
000000cd
@00066b09
000000f7
@00060b0a
00000012
@00062b0a
000000a5
@00064b0a
000000cd
@00066b0a
000000f7
@00060b0b
00000012
@00062b0b
000000a5
@00064b0b
000000cd
@00066b0b
000000f7
@00060b0c
00000012
@00062b0c
000000a5
@00064b0c
000000cd
@00066b0c
000000f7
@00060b0d
00000012
@00062b0d
000000a5
@00064b0d
000000cd
@00066b0d
000000f7
@00060b0e
00000012
@00062b0e
000000a5
@00064b0e
000000cd
@00066b0e
000000f7
@00060b0f
00000012
@00062b0f
000000a5
@00064b0f
000000cd
@00066b0f
000000f7
@00060b10
00000012
@00062b10
000000a5
@00064b10
000000cd
@00066b10
000000f7
@00060b11
00000012
@00062b11
000000a5
@00064b11
000000cd
@00066b11
000000f7
@00060b12
00000012
@00062b12
000000a5
@00064b12
000000cd
@00066b12
000000f7
@00060b13
00000012
@00062b13
000000a5
@00064b13
000000cd
@00066b13
000000f7
@00060b14
00000012
@00062b14
000000a5
@00064b14
000000cd
@00066b14
000000f7
@00060b15
00000012
@00062b15
000000a5
@00064b15
000000cd
@00066b15
000000f7
@00060b16
00000012
@00062b16
000000a5
@00064b16
000000cd
@00066b16
000000f7
@00060b17
00000012
@00062b17
000000a5
@00064b17
000000cd
@00066b17
000000f7
@00060b18
00000012
@00062b18
000000a5
@00064b18
000000cd
@00066b18
000000f7
@00060b19
00000012
@00062b19
000000a5
@00064b19
000000cd
@00066b19
000000f7
@00060b1a
00000012
@00062b1a
000000a5
@00064b1a
000000cd
@00066b1a
000000f7
@00060b1b
00000012
@00062b1b
000000a5
@00064b1b
000000cd
@00066b1b
000000f7
@00060b1c
00000012
@00062b1c
000000a5
@00064b1c
000000cd
@00066b1c
000000f7
@00060b1d
00000012
@00062b1d
000000a5
@00064b1d
000000cd
@00066b1d
000000f7
@00060b1e
00000012
@00062b1e
000000a5
@00064b1e
000000cd
@00066b1e
000000f7
@00060b1f
00000012
@00062b1f
000000a5
@00064b1f
000000cd
@00066b1f
000000f7
@00060b20
00000012
@00062b20
000000a5
@00064b20
000000cd
@00066b20
000000f7
@00060b21
00000012
@00062b21
000000a5
@00064b21
000000cd
@00066b21
000000f7
@00060b22
00000012
@00062b22
000000a5
@00064b22
000000cd
@00066b22
000000f7
@00060b23
00000012
@00062b23
000000a5
@00064b23
000000cd
@00066b23
000000f7
@00060b24
00000012
@00062b24
000000a5
@00064b24
000000cd
@00066b24
000000f7
@00060b25
00000012
@00062b25
000000a5
@00064b25
000000cd
@00066b25
000000f7
@00060b26
00000012
@00062b26
000000a5
@00064b26
000000cd
@00066b26
000000f7
@00060b27
00000012
@00062b27
000000a5
@00064b27
000000cd
@00066b27
000000f7
@00060b28
00000012
@00062b28
000000a5
@00064b28
000000cd
@00066b28
000000f7
@00060b29
00000012
@00062b29
000000a5
@00064b29
000000cd
@00066b29
000000f7
@00060b2a
00000012
@00062b2a
000000a5
@00064b2a
000000cd
@00066b2a
000000f7
@00060b2b
00000012
@00062b2b
000000a5
@00064b2b
000000cd
@00066b2b
000000f7
@00060b2c
00000012
@00062b2c
000000a5
@00064b2c
000000cd
@00066b2c
000000f7
@00060b2d
00000012
@00062b2d
000000a5
@00064b2d
000000cd
@00066b2d
000000f7
@00060b2e
00000012
@00062b2e
000000a5
@00064b2e
000000cd
@00066b2e
000000f7
@00060b2f
00000012
@00062b2f
000000a5
@00064b2f
000000cd
@00066b2f
000000f7
@00060b30
00000012
@00062b30
000000a5
@00064b30
000000cd
@00066b30
000000f7
@00060b31
00000012
@00062b31
000000a5
@00064b31
000000cd
@00066b31
000000f7
@00060b32
00000012
@00062b32
000000a5
@00064b32
000000cd
@00066b32
000000f7
@00060b33
00000012
@00062b33
000000a5
@00064b33
000000cd
@00066b33
000000f7
@00060b34
00000012
@00062b34
000000a5
@00064b34
000000cd
@00066b34
000000f7
@00060b35
00000012
@00062b35
000000a5
@00064b35
000000cd
@00066b35
000000f7
@00060b36
00000012
@00062b36
000000a5
@00064b36
000000cd
@00066b36
000000f7
@00060b37
00000012
@00062b37
000000a5
@00064b37
000000cd
@00066b37
000000f7
@00060b38
00000012
@00062b38
000000a5
@00064b38
000000cd
@00066b38
000000f7
@00060b39
00000012
@00062b39
000000a5
@00064b39
000000cd
@00066b39
000000f7
@00060b3a
00000012
@00062b3a
000000a5
@00064b3a
000000cd
@00066b3a
000000f7
@00060b3b
00000012
@00062b3b
000000a5
@00064b3b
000000cd
@00066b3b
000000f7
@00060b3c
00000012
@00062b3c
000000a5
@00064b3c
000000cd
@00066b3c
000000f7
@00060b3d
00000012
@00062b3d
000000a5
@00064b3d
000000cd
@00066b3d
000000f7
@00060b3e
00000012
@00062b3e
000000a5
@00064b3e
000000cd
@00066b3e
000000f7
@00060b3f
00000012
@00062b3f
000000a5
@00064b3f
000000cd
@00066b3f
000000f7
@00060b40
00000012
@00062b40
000000a5
@00064b40
000000cd
@00066b40
000000f7
@00060b41
00000012
@00062b41
000000a5
@00064b41
000000cd
@00066b41
000000f7
@00060b42
00000012
@00062b42
000000a5
@00064b42
000000cd
@00066b42
000000f7
@00060b43
00000012
@00062b43
000000a5
@00064b43
000000cd
@00066b43
000000f7
@00060b44
00000012
@00062b44
000000a5
@00064b44
000000cd
@00066b44
000000f7
@00060b45
00000012
@00062b45
000000a5
@00064b45
000000cd
@00066b45
000000f7
@00060b46
00000012
@00062b46
000000a5
@00064b46
000000cd
@00066b46
000000f7
@00060b47
00000012
@00062b47
000000a5
@00064b47
000000cd
@00066b47
000000f7
@00060b48
00000012
@00062b48
000000a5
@00064b48
000000cd
@00066b48
000000f7
@00060b49
00000012
@00062b49
000000a5
@00064b49
000000cd
@00066b49
000000f7
@00060b4a
00000012
@00062b4a
000000a5
@00064b4a
000000cd
@00066b4a
000000f7
@00060b4b
00000012
@00062b4b
000000a5
@00064b4b
000000cd
@00066b4b
000000f7
@00060b4c
00000012
@00062b4c
000000a5
@00064b4c
000000cd
@00066b4c
000000f7
@00060b4d
00000012
@00062b4d
000000a5
@00064b4d
000000cd
@00066b4d
000000f7
@00060b4e
00000012
@00062b4e
000000a5
@00064b4e
000000cd
@00066b4e
000000f7
@00060b4f
00000012
@00062b4f
000000a5
@00064b4f
000000cd
@00066b4f
000000f7
@00060b50
00000012
@00062b50
000000a5
@00064b50
000000cd
@00066b50
000000f7
@00060b51
00000012
@00062b51
000000a5
@00064b51
000000cd
@00066b51
000000f7
@00060b52
00000012
@00062b52
000000a5
@00064b52
000000cd
@00066b52
000000f7
@00060b53
00000012
@00062b53
000000a5
@00064b53
000000cd
@00066b53
000000f7
@00060b54
00000012
@00062b54
000000a5
@00064b54
000000cd
@00066b54
000000f7
@00060b55
00000012
@00062b55
000000a5
@00064b55
000000cd
@00066b55
000000f7
@00060b56
00000012
@00062b56
000000a5
@00064b56
000000cd
@00066b56
000000f7
@00060b57
00000012
@00062b57
000000a5
@00064b57
000000cd
@00066b57
000000f7
@00060b58
00000012
@00062b58
000000a5
@00064b58
000000cd
@00066b58
000000f7
@00060b59
00000012
@00062b59
000000a5
@00064b59
000000cd
@00066b59
000000f7
@00060b5a
00000012
@00062b5a
000000a5
@00064b5a
000000cd
@00066b5a
000000f7
@00060b5b
00000012
@00062b5b
000000a5
@00064b5b
000000cd
@00066b5b
000000f7
@00060b5c
00000012
@00062b5c
000000a5
@00064b5c
000000cd
@00066b5c
000000f7
@00060b5d
00000012
@00062b5d
000000a5
@00064b5d
000000cd
@00066b5d
000000f7
@00060b5e
00000012
@00062b5e
000000a5
@00064b5e
000000cd
@00066b5e
000000f7
@00060b5f
00000012
@00062b5f
000000a5
@00064b5f
000000cd
@00066b5f
000000f7
@00060b60
00000012
@00062b60
000000a5
@00064b60
000000cd
@00066b60
000000f7
@00060b61
00000012
@00062b61
000000a5
@00064b61
000000cd
@00066b61
000000f7
@00060b62
00000012
@00062b62
000000a5
@00064b62
000000cd
@00066b62
000000f7
@00060b63
00000012
@00062b63
000000a5
@00064b63
000000cd
@00066b63
000000f7
@00060b64
00000012
@00062b64
000000a5
@00064b64
000000cd
@00066b64
000000f7
@00060b65
00000012
@00062b65
000000a5
@00064b65
000000cd
@00066b65
000000f7
@00060b66
00000012
@00062b66
000000a5
@00064b66
000000cd
@00066b66
000000f7
@00060b67
00000012
@00062b67
000000a5
@00064b67
000000cd
@00066b67
000000f7
@00060b68
00000012
@00062b68
000000a5
@00064b68
000000cd
@00066b68
000000f7
@00060b69
00000012
@00062b69
000000a5
@00064b69
000000cd
@00066b69
000000f7
@00060b6a
00000012
@00062b6a
000000a5
@00064b6a
000000cd
@00066b6a
000000f7
@00060b6b
00000012
@00062b6b
000000a5
@00064b6b
000000cd
@00066b6b
000000f7
@00060b6c
00000012
@00062b6c
000000a5
@00064b6c
000000cd
@00066b6c
000000f7
@00060b6d
00000012
@00062b6d
000000a5
@00064b6d
000000cd
@00066b6d
000000f7
@00060b6e
00000012
@00062b6e
000000a5
@00064b6e
000000cd
@00066b6e
000000f7
@00060b6f
00000012
@00062b6f
000000a5
@00064b6f
000000cd
@00066b6f
000000f7
@00060b70
00000012
@00062b70
000000a5
@00064b70
000000cd
@00066b70
000000f7
@00060b71
00000012
@00062b71
000000a5
@00064b71
000000cd
@00066b71
000000f7
@00060b72
00000012
@00062b72
000000a5
@00064b72
000000cd
@00066b72
000000f7
@00060b73
00000012
@00062b73
000000a5
@00064b73
000000cd
@00066b73
000000f7
@00060b74
00000012
@00062b74
000000a5
@00064b74
000000cd
@00066b74
000000f7
@00060b75
00000012
@00062b75
000000a5
@00064b75
000000cd
@00066b75
000000f7
@00060b76
00000012
@00062b76
000000a5
@00064b76
000000cd
@00066b76
000000f7
@00060b77
00000012
@00062b77
000000a5
@00064b77
000000cd
@00066b77
000000f7
@00060b78
00000012
@00062b78
000000a5
@00064b78
000000cd
@00066b78
000000f7
@00060b79
00000012
@00062b79
000000a5
@00064b79
000000cd
@00066b79
000000f7
@00060b7a
00000012
@00062b7a
000000a5
@00064b7a
000000cd
@00066b7a
000000f7
@00060b7b
00000012
@00062b7b
000000a5
@00064b7b
000000cd
@00066b7b
000000f7
@00060b7c
00000012
@00062b7c
000000a5
@00064b7c
000000cd
@00066b7c
000000f7
@00060b7d
00000012
@00062b7d
000000a5
@00064b7d
000000cd
@00066b7d
000000f7
@00060b7e
00000012
@00062b7e
000000a5
@00064b7e
000000cd
@00066b7e
000000f7
@00060b7f
00000012
@00062b7f
000000a5
@00064b7f
000000cd
@00066b7f
000000f7
@00060b80
00000012
@00062b80
000000a5
@00064b80
000000cd
@00066b80
000000f7
@00060b81
00000012
@00062b81
000000a5
@00064b81
000000cd
@00066b81
000000f7
@00060b82
00000012
@00062b82
000000a5
@00064b82
000000cd
@00066b82
000000f7
@00060b83
00000012
@00062b83
000000a5
@00064b83
000000cd
@00066b83
000000f7
@00060b84
00000012
@00062b84
000000a5
@00064b84
000000cd
@00066b84
000000f7
@00060b85
00000012
@00062b85
000000a5
@00064b85
000000cd
@00066b85
000000f7
@00060b86
00000012
@00062b86
000000a5
@00064b86
000000cd
@00066b86
000000f7
@00060b87
00000012
@00062b87
000000a5
@00064b87
000000cd
@00066b87
000000f7
@00060b88
00000012
@00062b88
000000a5
@00064b88
000000cd
@00066b88
000000f7
@00060b89
00000012
@00062b89
000000a5
@00064b89
000000cd
@00066b89
000000f7
@00060b8a
00000012
@00062b8a
000000a5
@00064b8a
000000cd
@00066b8a
000000f7
@00060b8b
00000012
@00062b8b
000000a5
@00064b8b
000000cd
@00066b8b
000000f7
@00060b8c
00000012
@00062b8c
000000a5
@00064b8c
000000cd
@00066b8c
000000f7
@00060b8d
00000012
@00062b8d
000000a5
@00064b8d
000000cd
@00066b8d
000000f7
@00060b8e
00000012
@00062b8e
000000a5
@00064b8e
000000cd
@00066b8e
000000f7
@00060b8f
00000012
@00062b8f
000000a5
@00064b8f
000000cd
@00066b8f
000000f7
@00060b90
00000012
@00062b90
000000a5
@00064b90
000000cd
@00066b90
000000f7
@00060b91
00000012
@00062b91
000000a5
@00064b91
000000cd
@00066b91
000000f7
@00060b92
00000012
@00062b92
000000a5
@00064b92
000000cd
@00066b92
000000f7
@00060b93
00000012
@00062b93
000000a5
@00064b93
000000cd
@00066b93
000000f7
@00060b94
00000012
@00062b94
000000a5
@00064b94
000000cd
@00066b94
000000f7
@00060b95
00000012
@00062b95
000000a5
@00064b95
000000cd
@00066b95
000000f7
@00060b96
00000012
@00062b96
000000a5
@00064b96
000000cd
@00066b96
000000f7
@00060b97
00000012
@00062b97
000000a5
@00064b97
000000cd
@00066b97
000000f7
@00060b98
00000012
@00062b98
000000a5
@00064b98
000000cd
@00066b98
000000f7
@00060b99
00000012
@00062b99
000000a5
@00064b99
000000cd
@00066b99
000000f7
@00060b9a
00000012
@00062b9a
000000a5
@00064b9a
000000cd
@00066b9a
000000f7
@00060b9b
00000012
@00062b9b
000000a5
@00064b9b
000000cd
@00066b9b
000000f7
@00060b9c
00000012
@00062b9c
000000a5
@00064b9c
000000cd
@00066b9c
000000f7
@00060b9d
00000012
@00062b9d
000000a5
@00064b9d
000000cd
@00066b9d
000000f7
@00060b9e
00000012
@00062b9e
000000a5
@00064b9e
000000cd
@00066b9e
000000f7
@00060b9f
00000012
@00062b9f
000000a5
@00064b9f
000000cd
@00066b9f
000000f7
@00060ba0
00000012
@00062ba0
000000a5
@00064ba0
000000cd
@00066ba0
000000f7
@00060ba1
00000012
@00062ba1
000000a5
@00064ba1
000000cd
@00066ba1
000000f7
@00060ba2
00000012
@00062ba2
000000a5
@00064ba2
000000cd
@00066ba2
000000f7
@00060ba3
00000012
@00062ba3
000000a5
@00064ba3
000000cd
@00066ba3
000000f7
@00060ba4
00000012
@00062ba4
000000a5
@00064ba4
000000cd
@00066ba4
000000f7
@00060ba5
00000012
@00062ba5
000000a5
@00064ba5
000000cd
@00066ba5
000000f7
@00060ba6
00000012
@00062ba6
000000a5
@00064ba6
000000cd
@00066ba6
000000f7
@00060ba7
00000012
@00062ba7
000000a5
@00064ba7
000000cd
@00066ba7
000000f7
@00060ba8
00000012
@00062ba8
000000a5
@00064ba8
000000cd
@00066ba8
000000f7
@00060ba9
00000012
@00062ba9
000000a5
@00064ba9
000000cd
@00066ba9
000000f7
@00060baa
00000012
@00062baa
000000a5
@00064baa
000000cd
@00066baa
000000f7
@00060bab
00000012
@00062bab
000000a5
@00064bab
000000cd
@00066bab
000000f7
@00060bac
00000012
@00062bac
000000a5
@00064bac
000000cd
@00066bac
000000f7
@00060bad
00000012
@00062bad
000000a5
@00064bad
000000cd
@00066bad
000000f7
@00060bae
00000012
@00062bae
000000a5
@00064bae
000000cd
@00066bae
000000f7
@00060baf
00000012
@00062baf
000000a5
@00064baf
000000cd
@00066baf
000000f7
@00060bb0
00000012
@00062bb0
000000a5
@00064bb0
000000cd
@00066bb0
000000f7
@00060bb1
00000012
@00062bb1
000000a5
@00064bb1
000000cd
@00066bb1
000000f7
@00060bb2
00000012
@00062bb2
000000a5
@00064bb2
000000cd
@00066bb2
000000f7
@00060bb3
00000012
@00062bb3
000000a5
@00064bb3
000000cd
@00066bb3
000000f7
@00060bb4
00000012
@00062bb4
000000a5
@00064bb4
000000cd
@00066bb4
000000f7
@00060bb5
00000012
@00062bb5
000000a5
@00064bb5
000000cd
@00066bb5
000000f7
@00060bb6
00000012
@00062bb6
000000a5
@00064bb6
000000cd
@00066bb6
000000f7
@00060bb7
00000012
@00062bb7
000000a5
@00064bb7
000000cd
@00066bb7
000000f7
@00060bb8
00000012
@00062bb8
000000a5
@00064bb8
000000cd
@00066bb8
000000f7
@00060bb9
00000012
@00062bb9
000000a5
@00064bb9
000000cd
@00066bb9
000000f7
@00060bba
00000012
@00062bba
000000a5
@00064bba
000000cd
@00066bba
000000f7
@00060bbb
00000012
@00062bbb
000000a5
@00064bbb
000000cd
@00066bbb
000000f7
@00060bbc
00000012
@00062bbc
000000a5
@00064bbc
000000cd
@00066bbc
000000f7
@00060bbd
00000012
@00062bbd
000000a5
@00064bbd
000000cd
@00066bbd
000000f7
@00060bbe
00000012
@00062bbe
000000a5
@00064bbe
000000cd
@00066bbe
000000f7
@00060bbf
00000012
@00062bbf
000000a5
@00064bbf
000000cd
@00066bbf
000000f7
@00060bc0
00000012
@00062bc0
000000a5
@00064bc0
000000cd
@00066bc0
000000f7
@00060bc1
00000012
@00062bc1
000000a5
@00064bc1
000000cd
@00066bc1
000000f7
@00060bc2
00000012
@00062bc2
000000a5
@00064bc2
000000cd
@00066bc2
000000f7
@00060bc3
00000012
@00062bc3
000000a5
@00064bc3
000000cd
@00066bc3
000000f7
@00060bc4
00000012
@00062bc4
000000a5
@00064bc4
000000cd
@00066bc4
000000f7
@00060bc5
00000012
@00062bc5
000000a5
@00064bc5
000000cd
@00066bc5
000000f7
@00060bc6
00000012
@00062bc6
000000a5
@00064bc6
000000cd
@00066bc6
000000f7
@00060bc7
00000012
@00062bc7
000000a5
@00064bc7
000000cd
@00066bc7
000000f7
@00060bc8
00000012
@00062bc8
000000a5
@00064bc8
000000cd
@00066bc8
000000f7
@00060bc9
00000012
@00062bc9
000000a5
@00064bc9
000000cd
@00066bc9
000000f7
@00060bca
00000012
@00062bca
000000a5
@00064bca
000000cd
@00066bca
000000f7
@00060bcb
00000012
@00062bcb
000000a5
@00064bcb
000000cd
@00066bcb
000000f7
@00060bcc
00000012
@00062bcc
000000a5
@00064bcc
000000cd
@00066bcc
000000f7
@00060bcd
00000012
@00062bcd
000000a5
@00064bcd
000000cd
@00066bcd
000000f7
@00060bce
00000012
@00062bce
000000a5
@00064bce
000000cd
@00066bce
000000f7
@00060bcf
00000012
@00062bcf
000000a5
@00064bcf
000000cd
@00066bcf
000000f7
@00060bd0
00000012
@00062bd0
000000a5
@00064bd0
000000cd
@00066bd0
000000f7
@00060bd1
00000012
@00062bd1
000000a5
@00064bd1
000000cd
@00066bd1
000000f7
@00060bd2
00000012
@00062bd2
000000a5
@00064bd2
000000cd
@00066bd2
000000f7
@00060bd3
00000012
@00062bd3
000000a5
@00064bd3
000000cd
@00066bd3
000000f7
@00060bd4
00000012
@00062bd4
000000a5
@00064bd4
000000cd
@00066bd4
000000f7
@00060bd5
00000012
@00062bd5
000000a5
@00064bd5
000000cd
@00066bd5
000000f7
@00060bd6
00000012
@00062bd6
000000a5
@00064bd6
000000cd
@00066bd6
000000f7
@00060bd7
00000012
@00062bd7
000000a5
@00064bd7
000000cd
@00066bd7
000000f7
@00060bd8
00000012
@00062bd8
000000a5
@00064bd8
000000cd
@00066bd8
000000f7
@00060bd9
00000012
@00062bd9
000000a5
@00064bd9
000000cd
@00066bd9
000000f7
@00060bda
00000012
@00062bda
000000a5
@00064bda
000000cd
@00066bda
000000f7
@00060bdb
00000012
@00062bdb
000000a5
@00064bdb
000000cd
@00066bdb
000000f7
@00060bdc
00000012
@00062bdc
000000a5
@00064bdc
000000cd
@00066bdc
000000f7
@00060bdd
00000012
@00062bdd
000000a5
@00064bdd
000000cd
@00066bdd
000000f7
@00060bde
00000012
@00062bde
000000a5
@00064bde
000000cd
@00066bde
000000f7
@00060bdf
00000012
@00062bdf
000000a5
@00064bdf
000000cd
@00066bdf
000000f7
@00060be0
00000012
@00062be0
000000a5
@00064be0
000000cd
@00066be0
000000f7
@00060be1
00000012
@00062be1
000000a5
@00064be1
000000cd
@00066be1
000000f7
@00060be2
00000012
@00062be2
000000a5
@00064be2
000000cd
@00066be2
000000f7
@00060be3
00000012
@00062be3
000000a5
@00064be3
000000cd
@00066be3
000000f7
@00060be4
00000012
@00062be4
000000a5
@00064be4
000000cd
@00066be4
000000f7
@00060be5
00000012
@00062be5
000000a5
@00064be5
000000cd
@00066be5
000000f7
@00060be6
00000012
@00062be6
000000a5
@00064be6
000000cd
@00066be6
000000f7
@00060be7
00000012
@00062be7
000000a5
@00064be7
000000cd
@00066be7
000000f7
@00060be8
00000012
@00062be8
000000a5
@00064be8
000000cd
@00066be8
000000f7
@00060be9
00000012
@00062be9
000000a5
@00064be9
000000cd
@00066be9
000000f7
@00060bea
00000012
@00062bea
000000a5
@00064bea
000000cd
@00066bea
000000f7
@00060beb
00000012
@00062beb
000000a5
@00064beb
000000cd
@00066beb
000000f7
@00060bec
00000012
@00062bec
000000a5
@00064bec
000000cd
@00066bec
000000f7
@00060bed
00000012
@00062bed
000000a5
@00064bed
000000cd
@00066bed
000000f7
@00060bee
00000012
@00062bee
000000a5
@00064bee
000000cd
@00066bee
000000f7
@00060bef
00000012
@00062bef
000000a5
@00064bef
000000cd
@00066bef
000000f7
@00060bf0
00000012
@00062bf0
000000a5
@00064bf0
000000cd
@00066bf0
000000f7
@00060bf1
00000012
@00062bf1
000000a5
@00064bf1
000000cd
@00066bf1
000000f7
@00060bf2
00000012
@00062bf2
000000a5
@00064bf2
000000cd
@00066bf2
000000f7
@00060bf3
00000012
@00062bf3
000000a5
@00064bf3
000000cd
@00066bf3
000000f7
@00060bf4
00000012
@00062bf4
000000a5
@00064bf4
000000cd
@00066bf4
000000f7
@00060bf5
00000012
@00062bf5
000000a5
@00064bf5
000000cd
@00066bf5
000000f7
@00060bf6
00000012
@00062bf6
000000a5
@00064bf6
000000cd
@00066bf6
000000f7
@00060bf7
00000012
@00062bf7
000000a5
@00064bf7
000000cd
@00066bf7
000000f7
@00060bf8
00000012
@00062bf8
000000a5
@00064bf8
000000cd
@00066bf8
000000f7
@00060bf9
00000012
@00062bf9
000000a5
@00064bf9
000000cd
@00066bf9
000000f7
@00060bfa
00000012
@00062bfa
000000a5
@00064bfa
000000cd
@00066bfa
000000f7
@00060bfb
00000012
@00062bfb
000000a5
@00064bfb
000000cd
@00066bfb
000000f7
@00060bfc
00000012
@00062bfc
000000a5
@00064bfc
000000cd
@00066bfc
000000f7
@00060bfd
00000012
@00062bfd
000000a5
@00064bfd
000000cd
@00066bfd
000000f7
@00060bfe
00000012
@00062bfe
000000a5
@00064bfe
000000cd
@00066bfe
000000f7
@00060bff
00000012
@00062bff
000000a5
@00064bff
000000cd
@00066bff
000000f7
@00060c00
00000012
@00062c00
000000a5
@00064c00
000000cd
@00066c00
000000f7
@00060c01
00000012
@00062c01
000000a5
@00064c01
000000cd
@00066c01
000000f7
@00060c02
00000012
@00062c02
000000a5
@00064c02
000000cd
@00066c02
000000f7
@00060c03
00000012
@00062c03
000000a5
@00064c03
000000cd
@00066c03
000000f7
@00060c04
00000012
@00062c04
000000a5
@00064c04
000000cd
@00066c04
000000f7
@00060c05
00000012
@00062c05
000000a5
@00064c05
000000cd
@00066c05
000000f7
@00060c06
00000012
@00062c06
000000a5
@00064c06
000000cd
@00066c06
000000f7
@00060c07
00000012
@00062c07
000000a5
@00064c07
000000cd
@00066c07
000000f7
@00060c08
00000012
@00062c08
000000a5
@00064c08
000000cd
@00066c08
000000f7
@00060c09
00000012
@00062c09
000000a5
@00064c09
000000cd
@00066c09
000000f7
@00060c0a
00000012
@00062c0a
000000a5
@00064c0a
000000cd
@00066c0a
000000f7
@00060c0b
00000012
@00062c0b
000000a5
@00064c0b
000000cd
@00066c0b
000000f7
@00060c0c
00000012
@00062c0c
000000a5
@00064c0c
000000cd
@00066c0c
000000f7
@00060c0d
00000012
@00062c0d
000000a5
@00064c0d
000000cd
@00066c0d
000000f7
@00060c0e
00000012
@00062c0e
000000a5
@00064c0e
000000cd
@00066c0e
000000f7
@00060c0f
00000012
@00062c0f
000000a5
@00064c0f
000000cd
@00066c0f
000000f7
@00060c10
00000012
@00062c10
000000a5
@00064c10
000000cd
@00066c10
000000f7
@00060c11
00000012
@00062c11
000000a5
@00064c11
000000cd
@00066c11
000000f7
@00060c12
00000012
@00062c12
000000a5
@00064c12
000000cd
@00066c12
000000f7
@00060c13
00000012
@00062c13
000000a5
@00064c13
000000cd
@00066c13
000000f7
@00060c14
00000012
@00062c14
000000a5
@00064c14
000000cd
@00066c14
000000f7
@00060c15
00000012
@00062c15
000000a5
@00064c15
000000cd
@00066c15
000000f7
@00060c16
00000012
@00062c16
000000a5
@00064c16
000000cd
@00066c16
000000f7
@00060c17
00000012
@00062c17
000000a5
@00064c17
000000cd
@00066c17
000000f7
@00060c18
00000012
@00062c18
000000a5
@00064c18
000000cd
@00066c18
000000f7
@00060c19
00000012
@00062c19
000000a5
@00064c19
000000cd
@00066c19
000000f7
@00060c1a
00000012
@00062c1a
000000a5
@00064c1a
000000cd
@00066c1a
000000f7
@00060c1b
00000012
@00062c1b
000000a5
@00064c1b
000000cd
@00066c1b
000000f7
@00060c1c
00000012
@00062c1c
000000a5
@00064c1c
000000cd
@00066c1c
000000f7
@00060c1d
00000012
@00062c1d
000000a5
@00064c1d
000000cd
@00066c1d
000000f7
@00060c1e
00000012
@00062c1e
000000a5
@00064c1e
000000cd
@00066c1e
000000f7
@00060c1f
00000012
@00062c1f
000000a5
@00064c1f
000000cd
@00066c1f
000000f7
@00060c20
00000012
@00062c20
000000a5
@00064c20
000000cd
@00066c20
000000f7
@00060c21
00000012
@00062c21
000000a5
@00064c21
000000cd
@00066c21
000000f7
@00060c22
00000012
@00062c22
000000a5
@00064c22
000000cd
@00066c22
000000f7
@00060c23
00000012
@00062c23
000000a5
@00064c23
000000cd
@00066c23
000000f7
@00060c24
00000012
@00062c24
000000a5
@00064c24
000000cd
@00066c24
000000f7
@00060c25
00000012
@00062c25
000000a5
@00064c25
000000cd
@00066c25
000000f7
@00060c26
00000012
@00062c26
000000a5
@00064c26
000000cd
@00066c26
000000f7
@00060c27
00000012
@00062c27
000000a5
@00064c27
000000cd
@00066c27
000000f7
@00060c28
00000012
@00062c28
000000a5
@00064c28
000000cd
@00066c28
000000f7
@00060c29
00000012
@00062c29
000000a5
@00064c29
000000cd
@00066c29
000000f7
@00060c2a
00000012
@00062c2a
000000a5
@00064c2a
000000cd
@00066c2a
000000f7
@00060c2b
00000012
@00062c2b
000000a5
@00064c2b
000000cd
@00066c2b
000000f7
@00060c2c
00000012
@00062c2c
000000a5
@00064c2c
000000cd
@00066c2c
000000f7
@00060c2d
00000012
@00062c2d
000000a5
@00064c2d
000000cd
@00066c2d
000000f7
@00060c2e
00000012
@00062c2e
000000a5
@00064c2e
000000cd
@00066c2e
000000f7
@00060c2f
00000012
@00062c2f
000000a5
@00064c2f
000000cd
@00066c2f
000000f7
@00060c30
00000012
@00062c30
000000a5
@00064c30
000000cd
@00066c30
000000f7
@00060c31
00000012
@00062c31
000000a5
@00064c31
000000cd
@00066c31
000000f7
@00060c32
00000012
@00062c32
000000a5
@00064c32
000000cd
@00066c32
000000f7
@00060c33
00000012
@00062c33
000000a5
@00064c33
000000cd
@00066c33
000000f7
@00060c34
00000012
@00062c34
000000a5
@00064c34
000000cd
@00066c34
000000f7
@00060c35
00000012
@00062c35
000000a5
@00064c35
000000cd
@00066c35
000000f7
@00060c36
00000012
@00062c36
000000a5
@00064c36
000000cd
@00066c36
000000f7
@00060c37
00000012
@00062c37
000000a5
@00064c37
000000cd
@00066c37
000000f7
@00060c38
00000012
@00062c38
000000a5
@00064c38
000000cd
@00066c38
000000f7
@00060c39
00000012
@00062c39
000000a5
@00064c39
000000cd
@00066c39
000000f7
@00060c3a
00000012
@00062c3a
000000a5
@00064c3a
000000cd
@00066c3a
000000f7
@00060c3b
00000012
@00062c3b
000000a5
@00064c3b
000000cd
@00066c3b
000000f7
@00060c3c
00000012
@00062c3c
000000a5
@00064c3c
000000cd
@00066c3c
000000f7
@00060c3d
00000012
@00062c3d
000000a5
@00064c3d
000000cd
@00066c3d
000000f7
@00060c3e
00000012
@00062c3e
000000a5
@00064c3e
000000cd
@00066c3e
000000f7
@00060c3f
00000012
@00062c3f
000000a5
@00064c3f
000000cd
@00066c3f
000000f7
@00060c40
00000012
@00062c40
000000a5
@00064c40
000000cd
@00066c40
000000f7
@00060c41
00000012
@00062c41
000000a5
@00064c41
000000cd
@00066c41
000000f7
@00060c42
00000012
@00062c42
000000a5
@00064c42
000000cd
@00066c42
000000f7
@00060c43
00000012
@00062c43
000000a5
@00064c43
000000cd
@00066c43
000000f7
@00060c44
00000012
@00062c44
000000a5
@00064c44
000000cd
@00066c44
000000f7
@00060c45
00000012
@00062c45
000000a5
@00064c45
000000cd
@00066c45
000000f7
@00060c46
00000012
@00062c46
000000a5
@00064c46
000000cd
@00066c46
000000f7
@00060c47
00000012
@00062c47
000000a5
@00064c47
000000cd
@00066c47
000000f7
@00060c48
00000012
@00062c48
000000a5
@00064c48
000000cd
@00066c48
000000f7
@00060c49
00000012
@00062c49
000000a5
@00064c49
000000cd
@00066c49
000000f7
@00060c4a
00000012
@00062c4a
000000a5
@00064c4a
000000cd
@00066c4a
000000f7
@00060c4b
00000012
@00062c4b
000000a5
@00064c4b
000000cd
@00066c4b
000000f7
@00060c4c
00000012
@00062c4c
000000a5
@00064c4c
000000cd
@00066c4c
000000f7
@00060c4d
00000012
@00062c4d
000000a5
@00064c4d
000000cd
@00066c4d
000000f7
@00060c4e
00000012
@00062c4e
000000a5
@00064c4e
000000cd
@00066c4e
000000f7
@00060c4f
00000012
@00062c4f
000000a5
@00064c4f
000000cd
@00066c4f
000000f7
@00060c50
00000012
@00062c50
000000a5
@00064c50
000000cd
@00066c50
000000f7
@00060c51
00000012
@00062c51
000000a5
@00064c51
000000cd
@00066c51
000000f7
@00060c52
00000012
@00062c52
000000a5
@00064c52
000000cd
@00066c52
000000f7
@00060c53
00000012
@00062c53
000000a5
@00064c53
000000cd
@00066c53
000000f7
@00060c54
00000012
@00062c54
000000a5
@00064c54
000000cd
@00066c54
000000f7
@00060c55
00000012
@00062c55
000000a5
@00064c55
000000cd
@00066c55
000000f7
@00060c56
00000012
@00062c56
000000a5
@00064c56
000000cd
@00066c56
000000f7
@00060c57
00000012
@00062c57
000000a5
@00064c57
000000cd
@00066c57
000000f7
@00060c58
00000012
@00062c58
000000a5
@00064c58
000000cd
@00066c58
000000f7
@00060c59
00000012
@00062c59
000000a5
@00064c59
000000cd
@00066c59
000000f7
@00060c5a
00000012
@00062c5a
000000a5
@00064c5a
000000cd
@00066c5a
000000f7
@00060c5b
00000012
@00062c5b
000000a5
@00064c5b
000000cd
@00066c5b
000000f7
@00060c5c
00000012
@00062c5c
000000a5
@00064c5c
000000cd
@00066c5c
000000f7
@00060c5d
00000012
@00062c5d
000000a5
@00064c5d
000000cd
@00066c5d
000000f7
@00060c5e
00000012
@00062c5e
000000a5
@00064c5e
000000cd
@00066c5e
000000f7
@00060c5f
00000012
@00062c5f
000000a5
@00064c5f
000000cd
@00066c5f
000000f7
@00060c60
00000012
@00062c60
000000a5
@00064c60
000000cd
@00066c60
000000f7
@00060c61
00000012
@00062c61
000000a5
@00064c61
000000cd
@00066c61
000000f7
@00060c62
00000012
@00062c62
000000a5
@00064c62
000000cd
@00066c62
000000f7
@00060c63
00000012
@00062c63
000000a5
@00064c63
000000cd
@00066c63
000000f7
@00060c64
00000012
@00062c64
000000a5
@00064c64
000000cd
@00066c64
000000f7
@00060c65
00000012
@00062c65
000000a5
@00064c65
000000cd
@00066c65
000000f7
@00060c66
00000012
@00062c66
000000a5
@00064c66
000000cd
@00066c66
000000f7
@00060c67
00000012
@00062c67
000000a5
@00064c67
000000cd
@00066c67
000000f7
@00060c68
00000012
@00062c68
000000a5
@00064c68
000000cd
@00066c68
000000f7
@00060c69
00000012
@00062c69
000000a5
@00064c69
000000cd
@00066c69
000000f7
@00060c6a
00000012
@00062c6a
000000a5
@00064c6a
000000cd
@00066c6a
000000f7
@00060c6b
00000012
@00062c6b
000000a5
@00064c6b
000000cd
@00066c6b
000000f7
@00060c6c
00000012
@00062c6c
000000a5
@00064c6c
000000cd
@00066c6c
000000f7
@00060c6d
00000012
@00062c6d
000000a5
@00064c6d
000000cd
@00066c6d
000000f7
@00060c6e
00000012
@00062c6e
000000a5
@00064c6e
000000cd
@00066c6e
000000f7
@00060c6f
00000012
@00062c6f
000000a5
@00064c6f
000000cd
@00066c6f
000000f7
@00060c70
00000012
@00062c70
000000a5
@00064c70
000000cd
@00066c70
000000f7
@00060c71
00000012
@00062c71
000000a5
@00064c71
000000cd
@00066c71
000000f7
@00060c72
00000012
@00062c72
000000a5
@00064c72
000000cd
@00066c72
000000f7
@00060c73
00000012
@00062c73
000000a5
@00064c73
000000cd
@00066c73
000000f7
@00060c74
00000012
@00062c74
000000a5
@00064c74
000000cd
@00066c74
000000f7
@00060c75
00000012
@00062c75
000000a5
@00064c75
000000cd
@00066c75
000000f7
@00060c76
00000012
@00062c76
000000a5
@00064c76
000000cd
@00066c76
000000f7
@00060c77
00000012
@00062c77
000000a5
@00064c77
000000cd
@00066c77
000000f7
@00060c78
00000012
@00062c78
000000a5
@00064c78
000000cd
@00066c78
000000f7
@00060c79
00000012
@00062c79
000000a5
@00064c79
000000cd
@00066c79
000000f7
@00060c7a
00000012
@00062c7a
000000a5
@00064c7a
000000cd
@00066c7a
000000f7
@00060c7b
00000012
@00062c7b
000000a5
@00064c7b
000000cd
@00066c7b
000000f7
@00060c7c
00000012
@00062c7c
000000a5
@00064c7c
000000cd
@00066c7c
000000f7
@00060c7d
00000012
@00062c7d
000000a5
@00064c7d
000000cd
@00066c7d
000000f7
@00060c7e
00000012
@00062c7e
000000a5
@00064c7e
000000cd
@00066c7e
000000f7
@00060c7f
00000012
@00062c7f
000000a5
@00064c7f
000000cd
@00066c7f
000000f7
@00060c80
00000012
@00062c80
000000a5
@00064c80
000000cd
@00066c80
000000f7
@00060c81
00000012
@00062c81
000000a5
@00064c81
000000cd
@00066c81
000000f7
@00060c82
00000012
@00062c82
000000a5
@00064c82
000000cd
@00066c82
000000f7
@00060c83
00000012
@00062c83
000000a5
@00064c83
000000cd
@00066c83
000000f7
@00060c84
00000012
@00062c84
000000a5
@00064c84
000000cd
@00066c84
000000f7
@00060c85
00000012
@00062c85
000000a5
@00064c85
000000cd
@00066c85
000000f7
@00060c86
00000012
@00062c86
000000a5
@00064c86
000000cd
@00066c86
000000f7
@00060c87
00000012
@00062c87
000000a5
@00064c87
000000cd
@00066c87
000000f7
@00060c88
00000012
@00062c88
000000a5
@00064c88
000000cd
@00066c88
000000f7
@00060c89
00000012
@00062c89
000000a5
@00064c89
000000cd
@00066c89
000000f7
@00060c8a
00000012
@00062c8a
000000a5
@00064c8a
000000cd
@00066c8a
000000f7
@00060c8b
00000012
@00062c8b
000000a5
@00064c8b
000000cd
@00066c8b
000000f7
@00060c8c
00000012
@00062c8c
000000a5
@00064c8c
000000cd
@00066c8c
000000f7
@00060c8d
00000012
@00062c8d
000000a5
@00064c8d
000000cd
@00066c8d
000000f7
@00060c8e
00000012
@00062c8e
000000a5
@00064c8e
000000cd
@00066c8e
000000f7
@00060c8f
00000012
@00062c8f
000000a5
@00064c8f
000000cd
@00066c8f
000000f7
@00060c90
00000012
@00062c90
000000a5
@00064c90
000000cd
@00066c90
000000f7
@00060c91
00000012
@00062c91
000000a5
@00064c91
000000cd
@00066c91
000000f7
@00060c92
00000012
@00062c92
000000a5
@00064c92
000000cd
@00066c92
000000f7
@00060c93
00000012
@00062c93
000000a5
@00064c93
000000cd
@00066c93
000000f7
@00060c94
00000012
@00062c94
000000a5
@00064c94
000000cd
@00066c94
000000f7
@00060c95
00000012
@00062c95
000000a5
@00064c95
000000cd
@00066c95
000000f7
@00060c96
00000012
@00062c96
000000a5
@00064c96
000000cd
@00066c96
000000f7
@00060c97
00000012
@00062c97
000000a5
@00064c97
000000cd
@00066c97
000000f7
@00060c98
00000012
@00062c98
000000a5
@00064c98
000000cd
@00066c98
000000f7
@00060c99
00000012
@00062c99
000000a5
@00064c99
000000cd
@00066c99
000000f7
@00060c9a
00000012
@00062c9a
000000a5
@00064c9a
000000cd
@00066c9a
000000f7
@00060c9b
00000012
@00062c9b
000000a5
@00064c9b
000000cd
@00066c9b
000000f7
@00060c9c
00000012
@00062c9c
000000a5
@00064c9c
000000cd
@00066c9c
000000f7
@00060c9d
00000012
@00062c9d
000000a5
@00064c9d
000000cd
@00066c9d
000000f7
@00060c9e
00000012
@00062c9e
000000a5
@00064c9e
000000cd
@00066c9e
000000f7
@00060c9f
00000012
@00062c9f
000000a5
@00064c9f
000000cd
@00066c9f
000000f7
@00060ca0
00000012
@00062ca0
000000a5
@00064ca0
000000cd
@00066ca0
000000f7
@00060ca1
00000012
@00062ca1
000000a5
@00064ca1
000000cd
@00066ca1
000000f7
@00060ca2
00000012
@00062ca2
000000a5
@00064ca2
000000cd
@00066ca2
000000f7
@00060ca3
00000012
@00062ca3
000000a5
@00064ca3
000000cd
@00066ca3
000000f7
@00060ca4
00000012
@00062ca4
000000a5
@00064ca4
000000cd
@00066ca4
000000f7
@00060ca5
00000012
@00062ca5
000000a5
@00064ca5
000000cd
@00066ca5
000000f7
@00060ca6
00000012
@00062ca6
000000a5
@00064ca6
000000cd
@00066ca6
000000f7
@00060ca7
00000012
@00062ca7
000000a5
@00064ca7
000000cd
@00066ca7
000000f7
@00060ca8
00000012
@00062ca8
000000a5
@00064ca8
000000cd
@00066ca8
000000f7
@00060ca9
00000012
@00062ca9
000000a5
@00064ca9
000000cd
@00066ca9
000000f7
@00060caa
00000012
@00062caa
000000a5
@00064caa
000000cd
@00066caa
000000f7
@00060cab
00000012
@00062cab
000000a5
@00064cab
000000cd
@00066cab
000000f7
@00060cac
00000012
@00062cac
000000a5
@00064cac
000000cd
@00066cac
000000f7
@00060cad
00000012
@00062cad
000000a5
@00064cad
000000cd
@00066cad
000000f7
@00060cae
00000012
@00062cae
000000a5
@00064cae
000000cd
@00066cae
000000f7
@00060caf
00000012
@00062caf
000000a5
@00064caf
000000cd
@00066caf
000000f7
@00060cb0
00000012
@00062cb0
000000a5
@00064cb0
000000cd
@00066cb0
000000f7
@00060cb1
00000012
@00062cb1
000000a5
@00064cb1
000000cd
@00066cb1
000000f7
@00060cb2
00000012
@00062cb2
000000a5
@00064cb2
000000cd
@00066cb2
000000f7
@00060cb3
00000012
@00062cb3
000000a5
@00064cb3
000000cd
@00066cb3
000000f7
@00060cb4
00000012
@00062cb4
000000a5
@00064cb4
000000cd
@00066cb4
000000f7
@00060cb5
00000012
@00062cb5
000000a5
@00064cb5
000000cd
@00066cb5
000000f7
@00060cb6
00000012
@00062cb6
000000a5
@00064cb6
000000cd
@00066cb6
000000f7
@00060cb7
00000012
@00062cb7
000000a5
@00064cb7
000000cd
@00066cb7
000000f7
@00060cb8
00000012
@00062cb8
000000a5
@00064cb8
000000cd
@00066cb8
000000f7
@00060cb9
00000012
@00062cb9
000000a5
@00064cb9
000000cd
@00066cb9
000000f7
@00060cba
00000012
@00062cba
000000a5
@00064cba
000000cd
@00066cba
000000f7
@00060cbb
00000012
@00062cbb
000000a5
@00064cbb
000000cd
@00066cbb
000000f7
@00060cbc
00000012
@00062cbc
000000a5
@00064cbc
000000cd
@00066cbc
000000f7
@00060cbd
00000012
@00062cbd
000000a5
@00064cbd
000000cd
@00066cbd
000000f7
@00060cbe
00000012
@00062cbe
000000a5
@00064cbe
000000cd
@00066cbe
000000f7
@00060cbf
00000012
@00062cbf
000000a5
@00064cbf
000000cd
@00066cbf
000000f7
@00060cc0
00000012
@00062cc0
000000a5
@00064cc0
000000cd
@00066cc0
000000f7
@00060cc1
00000012
@00062cc1
000000a5
@00064cc1
000000cd
@00066cc1
000000f7
@00060cc2
00000012
@00062cc2
000000a5
@00064cc2
000000cd
@00066cc2
000000f7
@00060cc3
00000012
@00062cc3
000000a5
@00064cc3
000000cd
@00066cc3
000000f7
@00060cc4
00000012
@00062cc4
000000a5
@00064cc4
000000cd
@00066cc4
000000f7
@00060cc5
00000012
@00062cc5
000000a5
@00064cc5
000000cd
@00066cc5
000000f7
@00060cc6
00000012
@00062cc6
000000a5
@00064cc6
000000cd
@00066cc6
000000f7
@00060cc7
00000012
@00062cc7
000000a5
@00064cc7
000000cd
@00066cc7
000000f7
@00060cc8
00000012
@00062cc8
000000a5
@00064cc8
000000cd
@00066cc8
000000f7
@00060cc9
00000012
@00062cc9
000000a5
@00064cc9
000000cd
@00066cc9
000000f7
@00060cca
00000012
@00062cca
000000a5
@00064cca
000000cd
@00066cca
000000f7
@00060ccb
00000012
@00062ccb
000000a5
@00064ccb
000000cd
@00066ccb
000000f7
@00060ccc
00000012
@00062ccc
000000a5
@00064ccc
000000cd
@00066ccc
000000f7
@00060ccd
00000012
@00062ccd
000000a5
@00064ccd
000000cd
@00066ccd
000000f7
@00060cce
00000012
@00062cce
000000a5
@00064cce
000000cd
@00066cce
000000f7
@00060ccf
00000012
@00062ccf
000000a5
@00064ccf
000000cd
@00066ccf
000000f7
@00060cd0
00000012
@00062cd0
000000a5
@00064cd0
000000cd
@00066cd0
000000f7
@00060cd1
00000012
@00062cd1
000000a5
@00064cd1
000000cd
@00066cd1
000000f7
@00060cd2
00000012
@00062cd2
000000a5
@00064cd2
000000cd
@00066cd2
000000f7
@00060cd3
00000012
@00062cd3
000000a5
@00064cd3
000000cd
@00066cd3
000000f7
@00060cd4
00000012
@00062cd4
000000a5
@00064cd4
000000cd
@00066cd4
000000f7
@00060cd5
00000012
@00062cd5
000000a5
@00064cd5
000000cd
@00066cd5
000000f7
@00060cd6
00000012
@00062cd6
000000a5
@00064cd6
000000cd
@00066cd6
000000f7
@00060cd7
00000012
@00062cd7
000000a5
@00064cd7
000000cd
@00066cd7
000000f7
@00060cd8
00000012
@00062cd8
000000a5
@00064cd8
000000cd
@00066cd8
000000f7
@00060cd9
00000012
@00062cd9
000000a5
@00064cd9
000000cd
@00066cd9
000000f7
@00060cda
00000012
@00062cda
000000a5
@00064cda
000000cd
@00066cda
000000f7
@00060cdb
00000012
@00062cdb
000000a5
@00064cdb
000000cd
@00066cdb
000000f7
@00060cdc
00000012
@00062cdc
000000a5
@00064cdc
000000cd
@00066cdc
000000f7
@00060cdd
00000012
@00062cdd
000000a5
@00064cdd
000000cd
@00066cdd
000000f7
@00060cde
00000012
@00062cde
000000a5
@00064cde
000000cd
@00066cde
000000f7
@00060cdf
00000012
@00062cdf
000000a5
@00064cdf
000000cd
@00066cdf
000000f7
@00060ce0
00000012
@00062ce0
000000a5
@00064ce0
000000cd
@00066ce0
000000f7
@00060ce1
00000012
@00062ce1
000000a5
@00064ce1
000000cd
@00066ce1
000000f7
@00060ce2
00000012
@00062ce2
000000a5
@00064ce2
000000cd
@00066ce2
000000f7
@00060ce3
00000012
@00062ce3
000000a5
@00064ce3
000000cd
@00066ce3
000000f7
@00060ce4
00000012
@00062ce4
000000a5
@00064ce4
000000cd
@00066ce4
000000f7
@00060ce5
00000012
@00062ce5
000000a5
@00064ce5
000000cd
@00066ce5
000000f7
@00060ce6
00000012
@00062ce6
000000a5
@00064ce6
000000cd
@00066ce6
000000f7
@00060ce7
00000012
@00062ce7
000000a5
@00064ce7
000000cd
@00066ce7
000000f7
@00060ce8
00000012
@00062ce8
000000a5
@00064ce8
000000cd
@00066ce8
000000f7
@00060ce9
00000012
@00062ce9
000000a5
@00064ce9
000000cd
@00066ce9
000000f7
@00060cea
00000012
@00062cea
000000a5
@00064cea
000000cd
@00066cea
000000f7
@00060ceb
00000012
@00062ceb
000000a5
@00064ceb
000000cd
@00066ceb
000000f7
@00060cec
00000012
@00062cec
000000a5
@00064cec
000000cd
@00066cec
000000f7
@00060ced
00000012
@00062ced
000000a5
@00064ced
000000cd
@00066ced
000000f7
@00060cee
00000012
@00062cee
000000a5
@00064cee
000000cd
@00066cee
000000f7
@00060cef
00000012
@00062cef
000000a5
@00064cef
000000cd
@00066cef
000000f7
@00060cf0
00000012
@00062cf0
000000a5
@00064cf0
000000cd
@00066cf0
000000f7
@00060cf1
00000012
@00062cf1
000000a5
@00064cf1
000000cd
@00066cf1
000000f7
@00060cf2
00000012
@00062cf2
000000a5
@00064cf2
000000cd
@00066cf2
000000f7
@00060cf3
00000012
@00062cf3
000000a5
@00064cf3
000000cd
@00066cf3
000000f7
@00060cf4
00000012
@00062cf4
000000a5
@00064cf4
000000cd
@00066cf4
000000f7
@00060cf5
00000012
@00062cf5
000000a5
@00064cf5
000000cd
@00066cf5
000000f7
@00060cf6
00000012
@00062cf6
000000a5
@00064cf6
000000cd
@00066cf6
000000f7
@00060cf7
00000012
@00062cf7
000000a5
@00064cf7
000000cd
@00066cf7
000000f7
@00060cf8
00000012
@00062cf8
000000a5
@00064cf8
000000cd
@00066cf8
000000f7
@00060cf9
00000012
@00062cf9
000000a5
@00064cf9
000000cd
@00066cf9
000000f7
@00060cfa
00000012
@00062cfa
000000a5
@00064cfa
000000cd
@00066cfa
000000f7
@00060cfb
00000012
@00062cfb
000000a5
@00064cfb
000000cd
@00066cfb
000000f7
@00060cfc
00000012
@00062cfc
000000a5
@00064cfc
000000cd
@00066cfc
000000f7
@00060cfd
00000012
@00062cfd
000000a5
@00064cfd
000000cd
@00066cfd
000000f7
@00060cfe
00000012
@00062cfe
000000a5
@00064cfe
000000cd
@00066cfe
000000f7
@00060cff
00000012
@00062cff
000000a5
@00064cff
000000cd
@00066cff
000000f7
@00060d00
00000012
@00062d00
000000a5
@00064d00
000000cd
@00066d00
000000f7
@00060d01
00000012
@00062d01
000000a5
@00064d01
000000cd
@00066d01
000000f7
@00060d02
00000012
@00062d02
000000a5
@00064d02
000000cd
@00066d02
000000f7
@00060d03
00000012
@00062d03
000000a5
@00064d03
000000cd
@00066d03
000000f7
@00060d04
00000012
@00062d04
000000a5
@00064d04
000000cd
@00066d04
000000f7
@00060d05
00000012
@00062d05
000000a5
@00064d05
000000cd
@00066d05
000000f7
@00060d06
00000012
@00062d06
000000a5
@00064d06
000000cd
@00066d06
000000f7
@00060d07
00000012
@00062d07
000000a5
@00064d07
000000cd
@00066d07
000000f7
@00060d08
00000012
@00062d08
000000a5
@00064d08
000000cd
@00066d08
000000f7
@00060d09
00000012
@00062d09
000000a5
@00064d09
000000cd
@00066d09
000000f7
@00060d0a
00000012
@00062d0a
000000a5
@00064d0a
000000cd
@00066d0a
000000f7
@00060d0b
00000012
@00062d0b
000000a5
@00064d0b
000000cd
@00066d0b
000000f7
@00060d0c
00000012
@00062d0c
000000a5
@00064d0c
000000cd
@00066d0c
000000f7
@00060d0d
00000012
@00062d0d
000000a5
@00064d0d
000000cd
@00066d0d
000000f7
@00060d0e
00000012
@00062d0e
000000a5
@00064d0e
000000cd
@00066d0e
000000f7
@00060d0f
00000012
@00062d0f
000000a5
@00064d0f
000000cd
@00066d0f
000000f7
@00060d10
00000012
@00062d10
000000a5
@00064d10
000000cd
@00066d10
000000f7
@00060d11
00000012
@00062d11
000000a5
@00064d11
000000cd
@00066d11
000000f7
@00060d12
00000012
@00062d12
000000a5
@00064d12
000000cd
@00066d12
000000f7
@00060d13
00000012
@00062d13
000000a5
@00064d13
000000cd
@00066d13
000000f7
@00060d14
00000012
@00062d14
000000a5
@00064d14
000000cd
@00066d14
000000f7
@00060d15
00000012
@00062d15
000000a5
@00064d15
000000cd
@00066d15
000000f7
@00060d16
00000012
@00062d16
000000a5
@00064d16
000000cd
@00066d16
000000f7
@00060d17
00000012
@00062d17
000000a5
@00064d17
000000cd
@00066d17
000000f7
@00060d18
00000012
@00062d18
000000a5
@00064d18
000000cd
@00066d18
000000f7
@00060d19
00000012
@00062d19
000000a5
@00064d19
000000cd
@00066d19
000000f7
@00060d1a
00000012
@00062d1a
000000a5
@00064d1a
000000cd
@00066d1a
000000f7
@00060d1b
00000012
@00062d1b
000000a5
@00064d1b
000000cd
@00066d1b
000000f7
@00060d1c
00000012
@00062d1c
000000a5
@00064d1c
000000cd
@00066d1c
000000f7
@00060d1d
00000012
@00062d1d
000000a5
@00064d1d
000000cd
@00066d1d
000000f7
@00060d1e
00000012
@00062d1e
000000a5
@00064d1e
000000cd
@00066d1e
000000f7
@00060d1f
00000012
@00062d1f
000000a5
@00064d1f
000000cd
@00066d1f
000000f7
@00060d20
00000012
@00062d20
000000a5
@00064d20
000000cd
@00066d20
000000f7
@00060d21
00000012
@00062d21
000000a5
@00064d21
000000cd
@00066d21
000000f7
@00060d22
00000012
@00062d22
000000a5
@00064d22
000000cd
@00066d22
000000f7
@00060d23
00000012
@00062d23
000000a5
@00064d23
000000cd
@00066d23
000000f7
@00060d24
00000012
@00062d24
000000a5
@00064d24
000000cd
@00066d24
000000f7
@00060d25
00000012
@00062d25
000000a5
@00064d25
000000cd
@00066d25
000000f7
@00060d26
00000012
@00062d26
000000a5
@00064d26
000000cd
@00066d26
000000f7
@00060d27
00000012
@00062d27
000000a5
@00064d27
000000cd
@00066d27
000000f7
@00060d28
00000012
@00062d28
000000a5
@00064d28
000000cd
@00066d28
000000f7
@00060d29
00000012
@00062d29
000000a5
@00064d29
000000cd
@00066d29
000000f7
@00060d2a
00000012
@00062d2a
000000a5
@00064d2a
000000cd
@00066d2a
000000f7
@00060d2b
00000012
@00062d2b
000000a5
@00064d2b
000000cd
@00066d2b
000000f7
@00060d2c
00000012
@00062d2c
000000a5
@00064d2c
000000cd
@00066d2c
000000f7
@00060d2d
00000012
@00062d2d
000000a5
@00064d2d
000000cd
@00066d2d
000000f7
@00060d2e
00000012
@00062d2e
000000a5
@00064d2e
000000cd
@00066d2e
000000f7
@00060d2f
00000012
@00062d2f
000000a5
@00064d2f
000000cd
@00066d2f
000000f7
@00060d30
00000012
@00062d30
000000a5
@00064d30
000000cd
@00066d30
000000f7
@00060d31
00000012
@00062d31
000000a5
@00064d31
000000cd
@00066d31
000000f7
@00060d32
00000012
@00062d32
000000a5
@00064d32
000000cd
@00066d32
000000f7
@00060d33
00000012
@00062d33
000000a5
@00064d33
000000cd
@00066d33
000000f7
@00060d34
00000012
@00062d34
000000a5
@00064d34
000000cd
@00066d34
000000f7
@00060d35
00000012
@00062d35
000000a5
@00064d35
000000cd
@00066d35
000000f7
@00060d36
00000012
@00062d36
000000a5
@00064d36
000000cd
@00066d36
000000f7
@00060d37
00000012
@00062d37
000000a5
@00064d37
000000cd
@00066d37
000000f7
@00060d38
00000012
@00062d38
000000a5
@00064d38
000000cd
@00066d38
000000f7
@00060d39
00000012
@00062d39
000000a5
@00064d39
000000cd
@00066d39
000000f7
@00060d3a
00000012
@00062d3a
000000a5
@00064d3a
000000cd
@00066d3a
000000f7
@00060d3b
00000012
@00062d3b
000000a5
@00064d3b
000000cd
@00066d3b
000000f7
@00060d3c
00000012
@00062d3c
000000a5
@00064d3c
000000cd
@00066d3c
000000f7
@00060d3d
00000012
@00062d3d
000000a5
@00064d3d
000000cd
@00066d3d
000000f7
@00060d3e
00000012
@00062d3e
000000a5
@00064d3e
000000cd
@00066d3e
000000f7
@00060d3f
00000012
@00062d3f
000000a5
@00064d3f
000000cd
@00066d3f
000000f7
@00060d40
00000012
@00062d40
000000a5
@00064d40
000000cd
@00066d40
000000f7
@00060d41
00000012
@00062d41
000000a5
@00064d41
000000cd
@00066d41
000000f7
@00060d42
00000012
@00062d42
000000a5
@00064d42
000000cd
@00066d42
000000f7
@00060d43
00000012
@00062d43
000000a5
@00064d43
000000cd
@00066d43
000000f7
@00060d44
00000012
@00062d44
000000a5
@00064d44
000000cd
@00066d44
000000f7
@00060d45
00000012
@00062d45
000000a5
@00064d45
000000cd
@00066d45
000000f7
@00060d46
00000012
@00062d46
000000a5
@00064d46
000000cd
@00066d46
000000f7
@00060d47
00000012
@00062d47
000000a5
@00064d47
000000cd
@00066d47
000000f7
@00060d48
00000012
@00062d48
000000a5
@00064d48
000000cd
@00066d48
000000f7
@00060d49
00000012
@00062d49
000000a5
@00064d49
000000cd
@00066d49
000000f7
@00060d4a
00000012
@00062d4a
000000a5
@00064d4a
000000cd
@00066d4a
000000f7
@00060d4b
00000012
@00062d4b
000000a5
@00064d4b
000000cd
@00066d4b
000000f7
@00060d4c
00000012
@00062d4c
000000a5
@00064d4c
000000cd
@00066d4c
000000f7
@00060d4d
00000012
@00062d4d
000000a5
@00064d4d
000000cd
@00066d4d
000000f7
@00060d4e
00000012
@00062d4e
000000a5
@00064d4e
000000cd
@00066d4e
000000f7
@00060d4f
00000012
@00062d4f
000000a5
@00064d4f
000000cd
@00066d4f
000000f7
@00060d50
00000012
@00062d50
000000a5
@00064d50
000000cd
@00066d50
000000f7
@00060d51
00000012
@00062d51
000000a5
@00064d51
000000cd
@00066d51
000000f7
@00060d52
00000012
@00062d52
000000a5
@00064d52
000000cd
@00066d52
000000f7
@00060d53
00000012
@00062d53
000000a5
@00064d53
000000cd
@00066d53
000000f7
@00060d54
00000012
@00062d54
000000a5
@00064d54
000000cd
@00066d54
000000f7
@00060d55
00000012
@00062d55
000000a5
@00064d55
000000cd
@00066d55
000000f7
@00060d56
00000012
@00062d56
000000a5
@00064d56
000000cd
@00066d56
000000f7
@00060d57
00000012
@00062d57
000000a5
@00064d57
000000cd
@00066d57
000000f7
@00060d58
00000012
@00062d58
000000a5
@00064d58
000000cd
@00066d58
000000f7
@00060d59
00000012
@00062d59
000000a5
@00064d59
000000cd
@00066d59
000000f7
@00060d5a
00000012
@00062d5a
000000a5
@00064d5a
000000cd
@00066d5a
000000f7
@00060d5b
00000012
@00062d5b
000000a5
@00064d5b
000000cd
@00066d5b
000000f7
@00060d5c
00000012
@00062d5c
000000a5
@00064d5c
000000cd
@00066d5c
000000f7
@00060d5d
00000012
@00062d5d
000000a5
@00064d5d
000000cd
@00066d5d
000000f7
@00060d5e
00000012
@00062d5e
000000a5
@00064d5e
000000cd
@00066d5e
000000f7
@00060d5f
00000012
@00062d5f
000000a5
@00064d5f
000000cd
@00066d5f
000000f7
@00060d60
00000012
@00062d60
000000a5
@00064d60
000000cd
@00066d60
000000f7
@00060d61
00000012
@00062d61
000000a5
@00064d61
000000cd
@00066d61
000000f7
@00060d62
00000012
@00062d62
000000a5
@00064d62
000000cd
@00066d62
000000f7
@00060d63
00000012
@00062d63
000000a5
@00064d63
000000cd
@00066d63
000000f7
@00060d64
00000012
@00062d64
000000a5
@00064d64
000000cd
@00066d64
000000f7
@00060d65
00000012
@00062d65
000000a5
@00064d65
000000cd
@00066d65
000000f7
@00060d66
00000012
@00062d66
000000a5
@00064d66
000000cd
@00066d66
000000f7
@00060d67
00000012
@00062d67
000000a5
@00064d67
000000cd
@00066d67
000000f7
@00060d68
00000012
@00062d68
000000a5
@00064d68
000000cd
@00066d68
000000f7
@00060d69
00000012
@00062d69
000000a5
@00064d69
000000cd
@00066d69
000000f7
@00060d6a
00000012
@00062d6a
000000a5
@00064d6a
000000cd
@00066d6a
000000f7
@00060d6b
00000012
@00062d6b
000000a5
@00064d6b
000000cd
@00066d6b
000000f7
@00060d6c
00000012
@00062d6c
000000a5
@00064d6c
000000cd
@00066d6c
000000f7
@00060d6d
00000012
@00062d6d
000000a5
@00064d6d
000000cd
@00066d6d
000000f7
@00060d6e
00000012
@00062d6e
000000a5
@00064d6e
000000cd
@00066d6e
000000f7
@00060d6f
00000012
@00062d6f
000000a5
@00064d6f
000000cd
@00066d6f
000000f7
@00060d70
00000012
@00062d70
000000a5
@00064d70
000000cd
@00066d70
000000f7
@00060d71
00000012
@00062d71
000000a5
@00064d71
000000cd
@00066d71
000000f7
@00060d72
00000012
@00062d72
000000a5
@00064d72
000000cd
@00066d72
000000f7
@00060d73
00000012
@00062d73
000000a5
@00064d73
000000cd
@00066d73
000000f7
@00060d74
00000012
@00062d74
000000a5
@00064d74
000000cd
@00066d74
000000f7
@00060d75
00000012
@00062d75
000000a5
@00064d75
000000cd
@00066d75
000000f7
@00060d76
00000012
@00062d76
000000a5
@00064d76
000000cd
@00066d76
000000f7
@00060d77
00000012
@00062d77
000000a5
@00064d77
000000cd
@00066d77
000000f7
@00060d78
00000012
@00062d78
000000a5
@00064d78
000000cd
@00066d78
000000f7
@00060d79
00000012
@00062d79
000000a5
@00064d79
000000cd
@00066d79
000000f7
@00060d7a
00000012
@00062d7a
000000a5
@00064d7a
000000cd
@00066d7a
000000f7
@00060d7b
00000012
@00062d7b
000000a5
@00064d7b
000000cd
@00066d7b
000000f7
@00060d7c
00000012
@00062d7c
000000a5
@00064d7c
000000cd
@00066d7c
000000f7
@00060d7d
00000012
@00062d7d
000000a5
@00064d7d
000000cd
@00066d7d
000000f7
@00060d7e
00000012
@00062d7e
000000a5
@00064d7e
000000cd
@00066d7e
000000f7
@00060d7f
00000012
@00062d7f
000000a5
@00064d7f
000000cd
@00066d7f
000000f7
@00060d80
00000012
@00062d80
000000a5
@00064d80
000000cd
@00066d80
000000f7
@00060d81
00000012
@00062d81
000000a5
@00064d81
000000cd
@00066d81
000000f7
@00060d82
00000012
@00062d82
000000a5
@00064d82
000000cd
@00066d82
000000f7
@00060d83
00000012
@00062d83
000000a5
@00064d83
000000cd
@00066d83
000000f7
@00060d84
00000012
@00062d84
000000a5
@00064d84
000000cd
@00066d84
000000f7
@00060d85
00000012
@00062d85
000000a5
@00064d85
000000cd
@00066d85
000000f7
@00060d86
00000012
@00062d86
000000a5
@00064d86
000000cd
@00066d86
000000f7
@00060d87
00000012
@00062d87
000000a5
@00064d87
000000cd
@00066d87
000000f7
@00060d88
00000012
@00062d88
000000a5
@00064d88
000000cd
@00066d88
000000f7
@00060d89
00000012
@00062d89
000000a5
@00064d89
000000cd
@00066d89
000000f7
@00060d8a
00000012
@00062d8a
000000a5
@00064d8a
000000cd
@00066d8a
000000f7
@00060d8b
00000012
@00062d8b
000000a5
@00064d8b
000000cd
@00066d8b
000000f7
@00060d8c
00000012
@00062d8c
000000a5
@00064d8c
000000cd
@00066d8c
000000f7
@00060d8d
00000012
@00062d8d
000000a5
@00064d8d
000000cd
@00066d8d
000000f7
@00060d8e
00000012
@00062d8e
000000a5
@00064d8e
000000cd
@00066d8e
000000f7
@00060d8f
00000012
@00062d8f
000000a5
@00064d8f
000000cd
@00066d8f
000000f7
@00060d90
00000012
@00062d90
000000a5
@00064d90
000000cd
@00066d90
000000f7
@00060d91
00000012
@00062d91
000000a5
@00064d91
000000cd
@00066d91
000000f7
@00060d92
00000012
@00062d92
000000a5
@00064d92
000000cd
@00066d92
000000f7
@00060d93
00000012
@00062d93
000000a5
@00064d93
000000cd
@00066d93
000000f7
@00060d94
00000012
@00062d94
000000a5
@00064d94
000000cd
@00066d94
000000f7
@00060d95
00000012
@00062d95
000000a5
@00064d95
000000cd
@00066d95
000000f7
@00060d96
00000012
@00062d96
000000a5
@00064d96
000000cd
@00066d96
000000f7
@00060d97
00000012
@00062d97
000000a5
@00064d97
000000cd
@00066d97
000000f7
@00060d98
00000012
@00062d98
000000a5
@00064d98
000000cd
@00066d98
000000f7
@00060d99
00000012
@00062d99
000000a5
@00064d99
000000cd
@00066d99
000000f7
@00060d9a
00000012
@00062d9a
000000a5
@00064d9a
000000cd
@00066d9a
000000f7
@00060d9b
00000012
@00062d9b
000000a5
@00064d9b
000000cd
@00066d9b
000000f7
@00060d9c
00000012
@00062d9c
000000a5
@00064d9c
000000cd
@00066d9c
000000f7
@00060d9d
00000012
@00062d9d
000000a5
@00064d9d
000000cd
@00066d9d
000000f7
@00060d9e
00000012
@00062d9e
000000a5
@00064d9e
000000cd
@00066d9e
000000f7
@00060d9f
00000012
@00062d9f
000000a5
@00064d9f
000000cd
@00066d9f
000000f7
@00060da0
00000012
@00062da0
000000a5
@00064da0
000000cd
@00066da0
000000f7
@00060da1
00000012
@00062da1
000000a5
@00064da1
000000cd
@00066da1
000000f7
@00060da2
00000012
@00062da2
000000a5
@00064da2
000000cd
@00066da2
000000f7
@00060da3
00000012
@00062da3
000000a5
@00064da3
000000cd
@00066da3
000000f7
@00060da4
00000012
@00062da4
000000a5
@00064da4
000000cd
@00066da4
000000f7
@00060da5
00000012
@00062da5
000000a5
@00064da5
000000cd
@00066da5
000000f7
@00060da6
00000012
@00062da6
000000a5
@00064da6
000000cd
@00066da6
000000f7
@00060da7
00000012
@00062da7
000000a5
@00064da7
000000cd
@00066da7
000000f7
@00060da8
00000012
@00062da8
000000a5
@00064da8
000000cd
@00066da8
000000f7
@00060da9
00000012
@00062da9
000000a5
@00064da9
000000cd
@00066da9
000000f7
@00060daa
00000012
@00062daa
000000a5
@00064daa
000000cd
@00066daa
000000f7
@00060dab
00000012
@00062dab
000000a5
@00064dab
000000cd
@00066dab
000000f7
@00060dac
00000012
@00062dac
000000a5
@00064dac
000000cd
@00066dac
000000f7
@00060dad
00000012
@00062dad
000000a5
@00064dad
000000cd
@00066dad
000000f7
@00060dae
00000012
@00062dae
000000a5
@00064dae
000000cd
@00066dae
000000f7
@00060daf
00000012
@00062daf
000000a5
@00064daf
000000cd
@00066daf
000000f7
@00060db0
00000012
@00062db0
000000a5
@00064db0
000000cd
@00066db0
000000f7
@00060db1
00000012
@00062db1
000000a5
@00064db1
000000cd
@00066db1
000000f7
@00060db2
00000012
@00062db2
000000a5
@00064db2
000000cd
@00066db2
000000f7
@00060db3
00000012
@00062db3
000000a5
@00064db3
000000cd
@00066db3
000000f7
@00060db4
00000012
@00062db4
000000a5
@00064db4
000000cd
@00066db4
000000f7
@00060db5
00000012
@00062db5
000000a5
@00064db5
000000cd
@00066db5
000000f7
@00060db6
00000012
@00062db6
000000a5
@00064db6
000000cd
@00066db6
000000f7
@00060db7
00000012
@00062db7
000000a5
@00064db7
000000cd
@00066db7
000000f7
@00060db8
00000012
@00062db8
000000a5
@00064db8
000000cd
@00066db8
000000f7
@00060db9
00000012
@00062db9
000000a5
@00064db9
000000cd
@00066db9
000000f7
@00060dba
00000012
@00062dba
000000a5
@00064dba
000000cd
@00066dba
000000f7
@00060dbb
00000012
@00062dbb
000000a5
@00064dbb
000000cd
@00066dbb
000000f7
@00060dbc
00000012
@00062dbc
000000a5
@00064dbc
000000cd
@00066dbc
000000f7
@00060dbd
00000012
@00062dbd
000000a5
@00064dbd
000000cd
@00066dbd
000000f7
@00060dbe
00000012
@00062dbe
000000a5
@00064dbe
000000cd
@00066dbe
000000f7
@00060dbf
00000012
@00062dbf
000000a5
@00064dbf
000000cd
@00066dbf
000000f7
@00060dc0
00000012
@00062dc0
000000a5
@00064dc0
000000cd
@00066dc0
000000f7
@00060dc1
00000012
@00062dc1
000000a5
@00064dc1
000000cd
@00066dc1
000000f7
@00060dc2
00000012
@00062dc2
000000a5
@00064dc2
000000cd
@00066dc2
000000f7
@00060dc3
00000012
@00062dc3
000000a5
@00064dc3
000000cd
@00066dc3
000000f7
@00060dc4
00000012
@00062dc4
000000a5
@00064dc4
000000cd
@00066dc4
000000f7
@00060dc5
00000012
@00062dc5
000000a5
@00064dc5
000000cd
@00066dc5
000000f7
@00060dc6
00000012
@00062dc6
000000a5
@00064dc6
000000cd
@00066dc6
000000f7
@00060dc7
00000012
@00062dc7
000000a5
@00064dc7
000000cd
@00066dc7
000000f7
@00060dc8
00000012
@00062dc8
000000a5
@00064dc8
000000cd
@00066dc8
000000f7
@00060dc9
00000012
@00062dc9
000000a5
@00064dc9
000000cd
@00066dc9
000000f7
@00060dca
00000012
@00062dca
000000a5
@00064dca
000000cd
@00066dca
000000f7
@00060dcb
00000012
@00062dcb
000000a5
@00064dcb
000000cd
@00066dcb
000000f7
@00060dcc
00000012
@00062dcc
000000a5
@00064dcc
000000cd
@00066dcc
000000f7
@00060dcd
00000012
@00062dcd
000000a5
@00064dcd
000000cd
@00066dcd
000000f7
@00060dce
00000012
@00062dce
000000a5
@00064dce
000000cd
@00066dce
000000f7
@00060dcf
00000012
@00062dcf
000000a5
@00064dcf
000000cd
@00066dcf
000000f7
@00060dd0
00000012
@00062dd0
000000a5
@00064dd0
000000cd
@00066dd0
000000f7
@00060dd1
00000012
@00062dd1
000000a5
@00064dd1
000000cd
@00066dd1
000000f7
@00060dd2
00000012
@00062dd2
000000a5
@00064dd2
000000cd
@00066dd2
000000f7
@00060dd3
00000012
@00062dd3
000000a5
@00064dd3
000000cd
@00066dd3
000000f7
@00060dd4
00000012
@00062dd4
000000a5
@00064dd4
000000cd
@00066dd4
000000f7
@00060dd5
00000012
@00062dd5
000000a5
@00064dd5
000000cd
@00066dd5
000000f7
@00060dd6
00000012
@00062dd6
000000a5
@00064dd6
000000cd
@00066dd6
000000f7
@00060dd7
00000012
@00062dd7
000000a5
@00064dd7
000000cd
@00066dd7
000000f7
@00060dd8
00000012
@00062dd8
000000a5
@00064dd8
000000cd
@00066dd8
000000f7
@00060dd9
00000012
@00062dd9
000000a5
@00064dd9
000000cd
@00066dd9
000000f7
@00060dda
00000012
@00062dda
000000a5
@00064dda
000000cd
@00066dda
000000f7
@00060ddb
00000012
@00062ddb
000000a5
@00064ddb
000000cd
@00066ddb
000000f7
@00060ddc
00000012
@00062ddc
000000a5
@00064ddc
000000cd
@00066ddc
000000f7
@00060ddd
00000012
@00062ddd
000000a5
@00064ddd
000000cd
@00066ddd
000000f7
@00060dde
00000012
@00062dde
000000a5
@00064dde
000000cd
@00066dde
000000f7
@00060ddf
00000012
@00062ddf
000000a5
@00064ddf
000000cd
@00066ddf
000000f7
@00060de0
00000012
@00062de0
000000a5
@00064de0
000000cd
@00066de0
000000f7
@00060de1
00000012
@00062de1
000000a5
@00064de1
000000cd
@00066de1
000000f7
@00060de2
00000012
@00062de2
000000a5
@00064de2
000000cd
@00066de2
000000f7
@00060de3
00000012
@00062de3
000000a5
@00064de3
000000cd
@00066de3
000000f7
@00060de4
00000012
@00062de4
000000a5
@00064de4
000000cd
@00066de4
000000f7
@00060de5
00000012
@00062de5
000000a5
@00064de5
000000cd
@00066de5
000000f7
@00060de6
00000012
@00062de6
000000a5
@00064de6
000000cd
@00066de6
000000f7
@00060de7
00000012
@00062de7
000000a5
@00064de7
000000cd
@00066de7
000000f7
@00060de8
00000012
@00062de8
000000a5
@00064de8
000000cd
@00066de8
000000f7
@00060de9
00000012
@00062de9
000000a5
@00064de9
000000cd
@00066de9
000000f7
@00060dea
00000012
@00062dea
000000a5
@00064dea
000000cd
@00066dea
000000f7
@00060deb
00000012
@00062deb
000000a5
@00064deb
000000cd
@00066deb
000000f7
@00060dec
00000012
@00062dec
000000a5
@00064dec
000000cd
@00066dec
000000f7
@00060ded
00000012
@00062ded
000000a5
@00064ded
000000cd
@00066ded
000000f7
@00060dee
00000012
@00062dee
000000a5
@00064dee
000000cd
@00066dee
000000f7
@00060def
00000012
@00062def
000000a5
@00064def
000000cd
@00066def
000000f7
@00060df0
00000012
@00062df0
000000a5
@00064df0
000000cd
@00066df0
000000f7
@00060df1
00000012
@00062df1
000000a5
@00064df1
000000cd
@00066df1
000000f7
@00060df2
00000012
@00062df2
000000a5
@00064df2
000000cd
@00066df2
000000f7
@00060df3
00000012
@00062df3
000000a5
@00064df3
000000cd
@00066df3
000000f7
@00060df4
00000012
@00062df4
000000a5
@00064df4
000000cd
@00066df4
000000f7
@00060df5
00000012
@00062df5
000000a5
@00064df5
000000cd
@00066df5
000000f7
@00060df6
00000012
@00062df6
000000a5
@00064df6
000000cd
@00066df6
000000f7
@00060df7
00000012
@00062df7
000000a5
@00064df7
000000cd
@00066df7
000000f7
@00060df8
00000012
@00062df8
000000a5
@00064df8
000000cd
@00066df8
000000f7
@00060df9
00000012
@00062df9
000000a5
@00064df9
000000cd
@00066df9
000000f7
@00060dfa
00000012
@00062dfa
000000a5
@00064dfa
000000cd
@00066dfa
000000f7
@00060dfb
00000012
@00062dfb
000000a5
@00064dfb
000000cd
@00066dfb
000000f7
@00060dfc
00000012
@00062dfc
000000a5
@00064dfc
000000cd
@00066dfc
000000f7
@00060dfd
00000012
@00062dfd
000000a5
@00064dfd
000000cd
@00066dfd
000000f7
@00060dfe
00000012
@00062dfe
000000a5
@00064dfe
000000cd
@00066dfe
000000f7
@00060dff
00000012
@00062dff
000000a5
@00064dff
000000cd
@00066dff
000000f7
@00060e00
00000012
@00062e00
000000a5
@00064e00
000000cd
@00066e00
000000f7
@00060e01
00000012
@00062e01
000000a5
@00064e01
000000cd
@00066e01
000000f7
@00060e02
00000012
@00062e02
000000a5
@00064e02
000000cd
@00066e02
000000f7
@00060e03
00000012
@00062e03
000000a5
@00064e03
000000cd
@00066e03
000000f7
@00060e04
00000012
@00062e04
000000a5
@00064e04
000000cd
@00066e04
000000f7
@00060e05
00000012
@00062e05
000000a5
@00064e05
000000cd
@00066e05
000000f7
@00060e06
00000012
@00062e06
000000a5
@00064e06
000000cd
@00066e06
000000f7
@00060e07
00000012
@00062e07
000000a5
@00064e07
000000cd
@00066e07
000000f7
@00060e08
00000012
@00062e08
000000a5
@00064e08
000000cd
@00066e08
000000f7
@00060e09
00000012
@00062e09
000000a5
@00064e09
000000cd
@00066e09
000000f7
@00060e0a
00000012
@00062e0a
000000a5
@00064e0a
000000cd
@00066e0a
000000f7
@00060e0b
00000012
@00062e0b
000000a5
@00064e0b
000000cd
@00066e0b
000000f7
@00060e0c
00000012
@00062e0c
000000a5
@00064e0c
000000cd
@00066e0c
000000f7
@00060e0d
00000012
@00062e0d
000000a5
@00064e0d
000000cd
@00066e0d
000000f7
@00060e0e
00000012
@00062e0e
000000a5
@00064e0e
000000cd
@00066e0e
000000f7
@00060e0f
00000012
@00062e0f
000000a5
@00064e0f
000000cd
@00066e0f
000000f7
@00060e10
00000012
@00062e10
000000a5
@00064e10
000000cd
@00066e10
000000f7
@00060e11
00000012
@00062e11
000000a5
@00064e11
000000cd
@00066e11
000000f7
@00060e12
00000012
@00062e12
000000a5
@00064e12
000000cd
@00066e12
000000f7
@00060e13
00000012
@00062e13
000000a5
@00064e13
000000cd
@00066e13
000000f7
@00060e14
00000012
@00062e14
000000a5
@00064e14
000000cd
@00066e14
000000f7
@00060e15
00000012
@00062e15
000000a5
@00064e15
000000cd
@00066e15
000000f7
@00060e16
00000012
@00062e16
000000a5
@00064e16
000000cd
@00066e16
000000f7
@00060e17
00000012
@00062e17
000000a5
@00064e17
000000cd
@00066e17
000000f7
@00060e18
00000012
@00062e18
000000a5
@00064e18
000000cd
@00066e18
000000f7
@00060e19
00000012
@00062e19
000000a5
@00064e19
000000cd
@00066e19
000000f7
@00060e1a
00000012
@00062e1a
000000a5
@00064e1a
000000cd
@00066e1a
000000f7
@00060e1b
00000012
@00062e1b
000000a5
@00064e1b
000000cd
@00066e1b
000000f7
@00060e1c
00000012
@00062e1c
000000a5
@00064e1c
000000cd
@00066e1c
000000f7
@00060e1d
00000012
@00062e1d
000000a5
@00064e1d
000000cd
@00066e1d
000000f7
@00060e1e
00000012
@00062e1e
000000a5
@00064e1e
000000cd
@00066e1e
000000f7
@00060e1f
00000012
@00062e1f
000000a5
@00064e1f
000000cd
@00066e1f
000000f7
@00060e20
00000012
@00062e20
000000a5
@00064e20
000000cd
@00066e20
000000f7
@00060e21
00000012
@00062e21
000000a5
@00064e21
000000cd
@00066e21
000000f7
@00060e22
00000012
@00062e22
000000a5
@00064e22
000000cd
@00066e22
000000f7
@00060e23
00000012
@00062e23
000000a5
@00064e23
000000cd
@00066e23
000000f7
@00060e24
00000012
@00062e24
000000a5
@00064e24
000000cd
@00066e24
000000f7
@00060e25
00000012
@00062e25
000000a5
@00064e25
000000cd
@00066e25
000000f7
@00060e26
00000012
@00062e26
000000a5
@00064e26
000000cd
@00066e26
000000f7
@00060e27
00000012
@00062e27
000000a5
@00064e27
000000cd
@00066e27
000000f7
@00060e28
00000012
@00062e28
000000a5
@00064e28
000000cd
@00066e28
000000f7
@00060e29
00000012
@00062e29
000000a5
@00064e29
000000cd
@00066e29
000000f7
@00060e2a
00000012
@00062e2a
000000a5
@00064e2a
000000cd
@00066e2a
000000f7
@00060e2b
00000012
@00062e2b
000000a5
@00064e2b
000000cd
@00066e2b
000000f7
@00060e2c
00000012
@00062e2c
000000a5
@00064e2c
000000cd
@00066e2c
000000f7
@00060e2d
00000012
@00062e2d
000000a5
@00064e2d
000000cd
@00066e2d
000000f7
@00060e2e
00000012
@00062e2e
000000a5
@00064e2e
000000cd
@00066e2e
000000f7
@00060e2f
00000012
@00062e2f
000000a5
@00064e2f
000000cd
@00066e2f
000000f7
@00060e30
00000012
@00062e30
000000a5
@00064e30
000000cd
@00066e30
000000f7
@00060e31
00000012
@00062e31
000000a5
@00064e31
000000cd
@00066e31
000000f7
@00060e32
00000012
@00062e32
000000a5
@00064e32
000000cd
@00066e32
000000f7
@00060e33
00000012
@00062e33
000000a5
@00064e33
000000cd
@00066e33
000000f7
@00060e34
00000012
@00062e34
000000a5
@00064e34
000000cd
@00066e34
000000f7
@00060e35
00000012
@00062e35
000000a5
@00064e35
000000cd
@00066e35
000000f7
@00060e36
00000012
@00062e36
000000a5
@00064e36
000000cd
@00066e36
000000f7
@00060e37
00000012
@00062e37
000000a5
@00064e37
000000cd
@00066e37
000000f7
@00060e38
00000012
@00062e38
000000a5
@00064e38
000000cd
@00066e38
000000f7
@00060e39
00000012
@00062e39
000000a5
@00064e39
000000cd
@00066e39
000000f7
@00060e3a
00000012
@00062e3a
000000a5
@00064e3a
000000cd
@00066e3a
000000f7
@00060e3b
00000012
@00062e3b
000000a5
@00064e3b
000000cd
@00066e3b
000000f7
@00060e3c
00000012
@00062e3c
000000a5
@00064e3c
000000cd
@00066e3c
000000f7
@00060e3d
00000012
@00062e3d
000000a5
@00064e3d
000000cd
@00066e3d
000000f7
@00060e3e
00000012
@00062e3e
000000a5
@00064e3e
000000cd
@00066e3e
000000f7
@00060e3f
00000012
@00062e3f
000000a5
@00064e3f
000000cd
@00066e3f
000000f7
@00060e40
00000012
@00062e40
000000a5
@00064e40
000000cd
@00066e40
000000f7
@00060e41
00000012
@00062e41
000000a5
@00064e41
000000cd
@00066e41
000000f7
@00060e42
00000012
@00062e42
000000a5
@00064e42
000000cd
@00066e42
000000f7
@00060e43
00000012
@00062e43
000000a5
@00064e43
000000cd
@00066e43
000000f7
@00060e44
00000012
@00062e44
000000a5
@00064e44
000000cd
@00066e44
000000f7
@00060e45
00000012
@00062e45
000000a5
@00064e45
000000cd
@00066e45
000000f7
@00060e46
00000012
@00062e46
000000a5
@00064e46
000000cd
@00066e46
000000f7
@00060e47
00000012
@00062e47
000000a5
@00064e47
000000cd
@00066e47
000000f7
@00060e48
00000012
@00062e48
000000a5
@00064e48
000000cd
@00066e48
000000f7
@00060e49
00000012
@00062e49
000000a5
@00064e49
000000cd
@00066e49
000000f7
@00060e4a
00000012
@00062e4a
000000a5
@00064e4a
000000cd
@00066e4a
000000f7
@00060e4b
00000012
@00062e4b
000000a5
@00064e4b
000000cd
@00066e4b
000000f7
@00060e4c
00000012
@00062e4c
000000a5
@00064e4c
000000cd
@00066e4c
000000f7
@00060e4d
00000012
@00062e4d
000000a5
@00064e4d
000000cd
@00066e4d
000000f7
@00060e4e
00000012
@00062e4e
000000a5
@00064e4e
000000cd
@00066e4e
000000f7
@00060e4f
00000012
@00062e4f
000000a5
@00064e4f
000000cd
@00066e4f
000000f7
@00060e50
00000012
@00062e50
000000a5
@00064e50
000000cd
@00066e50
000000f7
@00060e51
00000012
@00062e51
000000a5
@00064e51
000000cd
@00066e51
000000f7
@00060e52
00000012
@00062e52
000000a5
@00064e52
000000cd
@00066e52
000000f7
@00060e53
00000012
@00062e53
000000a5
@00064e53
000000cd
@00066e53
000000f7
@00060e54
00000012
@00062e54
000000a5
@00064e54
000000cd
@00066e54
000000f7
@00060e55
00000012
@00062e55
000000a5
@00064e55
000000cd
@00066e55
000000f7
@00060e56
00000012
@00062e56
000000a5
@00064e56
000000cd
@00066e56
000000f7
@00060e57
00000012
@00062e57
000000a5
@00064e57
000000cd
@00066e57
000000f7
@00060e58
00000012
@00062e58
000000a5
@00064e58
000000cd
@00066e58
000000f7
@00060e59
00000012
@00062e59
000000a5
@00064e59
000000cd
@00066e59
000000f7
@00060e5a
00000012
@00062e5a
000000a5
@00064e5a
000000cd
@00066e5a
000000f7
@00060e5b
00000012
@00062e5b
000000a5
@00064e5b
000000cd
@00066e5b
000000f7
@00060e5c
00000012
@00062e5c
000000a5
@00064e5c
000000cd
@00066e5c
000000f7
@00060e5d
00000012
@00062e5d
000000a5
@00064e5d
000000cd
@00066e5d
000000f7
@00060e5e
00000012
@00062e5e
000000a5
@00064e5e
000000cd
@00066e5e
000000f7
@00060e5f
00000012
@00062e5f
000000a5
@00064e5f
000000cd
@00066e5f
000000f7
@00060e60
00000012
@00062e60
000000a5
@00064e60
000000cd
@00066e60
000000f7
@00060e61
00000012
@00062e61
000000a5
@00064e61
000000cd
@00066e61
000000f7
@00060e62
00000012
@00062e62
000000a5
@00064e62
000000cd
@00066e62
000000f7
@00060e63
00000012
@00062e63
000000a5
@00064e63
000000cd
@00066e63
000000f7
@00060e64
00000012
@00062e64
000000a5
@00064e64
000000cd
@00066e64
000000f7
@00060e65
00000012
@00062e65
000000a5
@00064e65
000000cd
@00066e65
000000f7
@00060e66
00000012
@00062e66
000000a5
@00064e66
000000cd
@00066e66
000000f7
@00060e67
00000012
@00062e67
000000a5
@00064e67
000000cd
@00066e67
000000f7
@00060e68
00000012
@00062e68
000000a5
@00064e68
000000cd
@00066e68
000000f7
@00060e69
00000012
@00062e69
000000a5
@00064e69
000000cd
@00066e69
000000f7
@00060e6a
00000012
@00062e6a
000000a5
@00064e6a
000000cd
@00066e6a
000000f7
@00060e6b
00000012
@00062e6b
000000a5
@00064e6b
000000cd
@00066e6b
000000f7
@00060e6c
00000012
@00062e6c
000000a5
@00064e6c
000000cd
@00066e6c
000000f7
@00060e6d
00000012
@00062e6d
000000a5
@00064e6d
000000cd
@00066e6d
000000f7
@00060e6e
00000012
@00062e6e
000000a5
@00064e6e
000000cd
@00066e6e
000000f7
@00060e6f
00000012
@00062e6f
000000a5
@00064e6f
000000cd
@00066e6f
000000f7
@00060e70
00000012
@00062e70
000000a5
@00064e70
000000cd
@00066e70
000000f7
@00060e71
00000012
@00062e71
000000a5
@00064e71
000000cd
@00066e71
000000f7
@00060e72
00000012
@00062e72
000000a5
@00064e72
000000cd
@00066e72
000000f7
@00060e73
00000012
@00062e73
000000a5
@00064e73
000000cd
@00066e73
000000f7
@00060e74
00000012
@00062e74
000000a5
@00064e74
000000cd
@00066e74
000000f7
@00060e75
00000012
@00062e75
000000a5
@00064e75
000000cd
@00066e75
000000f7
@00060e76
00000012
@00062e76
000000a5
@00064e76
000000cd
@00066e76
000000f7
@00060e77
00000012
@00062e77
000000a5
@00064e77
000000cd
@00066e77
000000f7
@00060e78
00000012
@00062e78
000000a5
@00064e78
000000cd
@00066e78
000000f7
@00060e79
00000012
@00062e79
000000a5
@00064e79
000000cd
@00066e79
000000f7
@00060e7a
00000012
@00062e7a
000000a5
@00064e7a
000000cd
@00066e7a
000000f7
@00060e7b
00000012
@00062e7b
000000a5
@00064e7b
000000cd
@00066e7b
000000f7
@00060e7c
00000012
@00062e7c
000000a5
@00064e7c
000000cd
@00066e7c
000000f7
@00060e7d
00000012
@00062e7d
000000a5
@00064e7d
000000cd
@00066e7d
000000f7
@00060e7e
00000012
@00062e7e
000000a5
@00064e7e
000000cd
@00066e7e
000000f7
@00060e7f
00000012
@00062e7f
000000a5
@00064e7f
000000cd
@00066e7f
000000f7
@00060e80
00000012
@00062e80
000000a5
@00064e80
000000cd
@00066e80
000000f7
@00060e81
00000012
@00062e81
000000a5
@00064e81
000000cd
@00066e81
000000f7
@00060e82
00000012
@00062e82
000000a5
@00064e82
000000cd
@00066e82
000000f7
@00060e83
00000012
@00062e83
000000a5
@00064e83
000000cd
@00066e83
000000f7
@00060e84
00000012
@00062e84
000000a5
@00064e84
000000cd
@00066e84
000000f7
@00060e85
00000012
@00062e85
000000a5
@00064e85
000000cd
@00066e85
000000f7
@00060e86
00000012
@00062e86
000000a5
@00064e86
000000cd
@00066e86
000000f7
@00060e87
00000012
@00062e87
000000a5
@00064e87
000000cd
@00066e87
000000f7
@00060e88
00000012
@00062e88
000000a5
@00064e88
000000cd
@00066e88
000000f7
@00060e89
00000012
@00062e89
000000a5
@00064e89
000000cd
@00066e89
000000f7
@00060e8a
00000012
@00062e8a
000000a5
@00064e8a
000000cd
@00066e8a
000000f7
@00060e8b
00000012
@00062e8b
000000a5
@00064e8b
000000cd
@00066e8b
000000f7
@00060e8c
00000012
@00062e8c
000000a5
@00064e8c
000000cd
@00066e8c
000000f7
@00060e8d
00000012
@00062e8d
000000a5
@00064e8d
000000cd
@00066e8d
000000f7
@00060e8e
00000012
@00062e8e
000000a5
@00064e8e
000000cd
@00066e8e
000000f7
@00060e8f
00000012
@00062e8f
000000a5
@00064e8f
000000cd
@00066e8f
000000f7
@00060e90
00000012
@00062e90
000000a5
@00064e90
000000cd
@00066e90
000000f7
@00060e91
00000012
@00062e91
000000a5
@00064e91
000000cd
@00066e91
000000f7
@00060e92
00000012
@00062e92
000000a5
@00064e92
000000cd
@00066e92
000000f7
@00060e93
00000012
@00062e93
000000a5
@00064e93
000000cd
@00066e93
000000f7
@00060e94
00000012
@00062e94
000000a5
@00064e94
000000cd
@00066e94
000000f7
@00060e95
00000012
@00062e95
000000a5
@00064e95
000000cd
@00066e95
000000f7
@00060e96
00000012
@00062e96
000000a5
@00064e96
000000cd
@00066e96
000000f7
@00060e97
00000012
@00062e97
000000a5
@00064e97
000000cd
@00066e97
000000f7
@00060e98
00000012
@00062e98
000000a5
@00064e98
000000cd
@00066e98
000000f7
@00060e99
00000012
@00062e99
000000a5
@00064e99
000000cd
@00066e99
000000f7
@00060e9a
00000012
@00062e9a
000000a5
@00064e9a
000000cd
@00066e9a
000000f7
@00060e9b
00000012
@00062e9b
000000a5
@00064e9b
000000cd
@00066e9b
000000f7
@00060e9c
00000012
@00062e9c
000000a5
@00064e9c
000000cd
@00066e9c
000000f7
@00060e9d
00000012
@00062e9d
000000a5
@00064e9d
000000cd
@00066e9d
000000f7
@00060e9e
00000012
@00062e9e
000000a5
@00064e9e
000000cd
@00066e9e
000000f7
@00060e9f
00000012
@00062e9f
000000a5
@00064e9f
000000cd
@00066e9f
000000f7
@00060ea0
00000012
@00062ea0
000000a5
@00064ea0
000000cd
@00066ea0
000000f7
@00060ea1
00000012
@00062ea1
000000a5
@00064ea1
000000cd
@00066ea1
000000f7
@00060ea2
00000012
@00062ea2
000000a5
@00064ea2
000000cd
@00066ea2
000000f7
@00060ea3
00000012
@00062ea3
000000a5
@00064ea3
000000cd
@00066ea3
000000f7
@00060ea4
00000012
@00062ea4
000000a5
@00064ea4
000000cd
@00066ea4
000000f7
@00060ea5
00000012
@00062ea5
000000a5
@00064ea5
000000cd
@00066ea5
000000f7
@00060ea6
00000012
@00062ea6
000000a5
@00064ea6
000000cd
@00066ea6
000000f7
@00060ea7
00000012
@00062ea7
000000a5
@00064ea7
000000cd
@00066ea7
000000f7
@00060ea8
00000012
@00062ea8
000000a5
@00064ea8
000000cd
@00066ea8
000000f7
@00060ea9
00000012
@00062ea9
000000a5
@00064ea9
000000cd
@00066ea9
000000f7
@00060eaa
00000012
@00062eaa
000000a5
@00064eaa
000000cd
@00066eaa
000000f7
@00060eab
00000012
@00062eab
000000a5
@00064eab
000000cd
@00066eab
000000f7
@00060eac
00000012
@00062eac
000000a5
@00064eac
000000cd
@00066eac
000000f7
@00060ead
00000012
@00062ead
000000a5
@00064ead
000000cd
@00066ead
000000f7
@00060eae
00000012
@00062eae
000000a5
@00064eae
000000cd
@00066eae
000000f7
@00060eaf
00000012
@00062eaf
000000a5
@00064eaf
000000cd
@00066eaf
000000f7
@00060eb0
00000012
@00062eb0
000000a5
@00064eb0
000000cd
@00066eb0
000000f7
@00060eb1
00000012
@00062eb1
000000a5
@00064eb1
000000cd
@00066eb1
000000f7
@00060eb2
00000012
@00062eb2
000000a5
@00064eb2
000000cd
@00066eb2
000000f7
@00060eb3
00000012
@00062eb3
000000a5
@00064eb3
000000cd
@00066eb3
000000f7
@00060eb4
00000012
@00062eb4
000000a5
@00064eb4
000000cd
@00066eb4
000000f7
@00060eb5
00000012
@00062eb5
000000a5
@00064eb5
000000cd
@00066eb5
000000f7
@00060eb6
00000012
@00062eb6
000000a5
@00064eb6
000000cd
@00066eb6
000000f7
@00060eb7
00000012
@00062eb7
000000a5
@00064eb7
000000cd
@00066eb7
000000f7
@00060eb8
00000012
@00062eb8
000000a5
@00064eb8
000000cd
@00066eb8
000000f7
@00060eb9
00000012
@00062eb9
000000a5
@00064eb9
000000cd
@00066eb9
000000f7
@00060eba
00000012
@00062eba
000000a5
@00064eba
000000cd
@00066eba
000000f7
@00060ebb
00000012
@00062ebb
000000a5
@00064ebb
000000cd
@00066ebb
000000f7
@00060ebc
00000012
@00062ebc
000000a5
@00064ebc
000000cd
@00066ebc
000000f7
@00060ebd
00000012
@00062ebd
000000a5
@00064ebd
000000cd
@00066ebd
000000f7
@00060ebe
00000012
@00062ebe
000000a5
@00064ebe
000000cd
@00066ebe
000000f7
@00060ebf
00000012
@00062ebf
000000a5
@00064ebf
000000cd
@00066ebf
000000f7
@00060ec0
00000012
@00062ec0
000000a5
@00064ec0
000000cd
@00066ec0
000000f7
@00060ec1
00000012
@00062ec1
000000a5
@00064ec1
000000cd
@00066ec1
000000f7
@00060ec2
00000012
@00062ec2
000000a5
@00064ec2
000000cd
@00066ec2
000000f7
@00060ec3
00000012
@00062ec3
000000a5
@00064ec3
000000cd
@00066ec3
000000f7
@00060ec4
00000012
@00062ec4
000000a5
@00064ec4
000000cd
@00066ec4
000000f7
@00060ec5
00000012
@00062ec5
000000a5
@00064ec5
000000cd
@00066ec5
000000f7
@00060ec6
00000012
@00062ec6
000000a5
@00064ec6
000000cd
@00066ec6
000000f7
@00060ec7
00000012
@00062ec7
000000a5
@00064ec7
000000cd
@00066ec7
000000f7
@00060ec8
00000012
@00062ec8
000000a5
@00064ec8
000000cd
@00066ec8
000000f7
@00060ec9
00000012
@00062ec9
000000a5
@00064ec9
000000cd
@00066ec9
000000f7
@00060eca
00000012
@00062eca
000000a5
@00064eca
000000cd
@00066eca
000000f7
@00060ecb
00000012
@00062ecb
000000a5
@00064ecb
000000cd
@00066ecb
000000f7
@00060ecc
00000012
@00062ecc
000000a5
@00064ecc
000000cd
@00066ecc
000000f7
@00060ecd
00000012
@00062ecd
000000a5
@00064ecd
000000cd
@00066ecd
000000f7
@00060ece
00000012
@00062ece
000000a5
@00064ece
000000cd
@00066ece
000000f7
@00060ecf
00000012
@00062ecf
000000a5
@00064ecf
000000cd
@00066ecf
000000f7
@00060ed0
00000012
@00062ed0
000000a5
@00064ed0
000000cd
@00066ed0
000000f7
@00060ed1
00000012
@00062ed1
000000a5
@00064ed1
000000cd
@00066ed1
000000f7
@00060ed2
00000012
@00062ed2
000000a5
@00064ed2
000000cd
@00066ed2
000000f7
@00060ed3
00000012
@00062ed3
000000a5
@00064ed3
000000cd
@00066ed3
000000f7
@00060ed4
00000012
@00062ed4
000000a5
@00064ed4
000000cd
@00066ed4
000000f7
@00060ed5
00000012
@00062ed5
000000a5
@00064ed5
000000cd
@00066ed5
000000f7
@00060ed6
00000012
@00062ed6
000000a5
@00064ed6
000000cd
@00066ed6
000000f7
@00060ed7
00000012
@00062ed7
000000a5
@00064ed7
000000cd
@00066ed7
000000f7
@00060ed8
00000012
@00062ed8
000000a5
@00064ed8
000000cd
@00066ed8
000000f7
@00060ed9
00000012
@00062ed9
000000a5
@00064ed9
000000cd
@00066ed9
000000f7
@00060eda
00000012
@00062eda
000000a5
@00064eda
000000cd
@00066eda
000000f7
@00060edb
00000012
@00062edb
000000a5
@00064edb
000000cd
@00066edb
000000f7
@00060edc
00000012
@00062edc
000000a5
@00064edc
000000cd
@00066edc
000000f7
@00060edd
00000012
@00062edd
000000a5
@00064edd
000000cd
@00066edd
000000f7
@00060ede
00000012
@00062ede
000000a5
@00064ede
000000cd
@00066ede
000000f7
@00060edf
00000012
@00062edf
000000a5
@00064edf
000000cd
@00066edf
000000f7
@00060ee0
00000012
@00062ee0
000000a5
@00064ee0
000000cd
@00066ee0
000000f7
@00060ee1
00000012
@00062ee1
000000a5
@00064ee1
000000cd
@00066ee1
000000f7
@00060ee2
00000012
@00062ee2
000000a5
@00064ee2
000000cd
@00066ee2
000000f7
@00060ee3
00000012
@00062ee3
000000a5
@00064ee3
000000cd
@00066ee3
000000f7
@00060ee4
00000012
@00062ee4
000000a5
@00064ee4
000000cd
@00066ee4
000000f7
@00060ee5
00000012
@00062ee5
000000a5
@00064ee5
000000cd
@00066ee5
000000f7
@00060ee6
00000012
@00062ee6
000000a5
@00064ee6
000000cd
@00066ee6
000000f7
@00060ee7
00000012
@00062ee7
000000a5
@00064ee7
000000cd
@00066ee7
000000f7
@00060ee8
00000012
@00062ee8
000000a5
@00064ee8
000000cd
@00066ee8
000000f7
@00060ee9
00000012
@00062ee9
000000a5
@00064ee9
000000cd
@00066ee9
000000f7
@00060eea
00000012
@00062eea
000000a5
@00064eea
000000cd
@00066eea
000000f7
@00060eeb
00000012
@00062eeb
000000a5
@00064eeb
000000cd
@00066eeb
000000f7
@00060eec
00000012
@00062eec
000000a5
@00064eec
000000cd
@00066eec
000000f7
@00060eed
00000012
@00062eed
000000a5
@00064eed
000000cd
@00066eed
000000f7
@00060eee
00000012
@00062eee
000000a5
@00064eee
000000cd
@00066eee
000000f7
@00060eef
00000012
@00062eef
000000a5
@00064eef
000000cd
@00066eef
000000f7
@00060ef0
00000012
@00062ef0
000000a5
@00064ef0
000000cd
@00066ef0
000000f7
@00060ef1
00000012
@00062ef1
000000a5
@00064ef1
000000cd
@00066ef1
000000f7
@00060ef2
00000012
@00062ef2
000000a5
@00064ef2
000000cd
@00066ef2
000000f7
@00060ef3
00000012
@00062ef3
000000a5
@00064ef3
000000cd
@00066ef3
000000f7
@00060ef4
00000012
@00062ef4
000000a5
@00064ef4
000000cd
@00066ef4
000000f7
@00060ef5
00000012
@00062ef5
000000a5
@00064ef5
000000cd
@00066ef5
000000f7
@00060ef6
00000012
@00062ef6
000000a5
@00064ef6
000000cd
@00066ef6
000000f7
@00060ef7
00000012
@00062ef7
000000a5
@00064ef7
000000cd
@00066ef7
000000f7
@00060ef8
00000012
@00062ef8
000000a5
@00064ef8
000000cd
@00066ef8
000000f7
@00060ef9
00000012
@00062ef9
000000a5
@00064ef9
000000cd
@00066ef9
000000f7
@00060efa
00000012
@00062efa
000000a5
@00064efa
000000cd
@00066efa
000000f7
@00060efb
00000012
@00062efb
000000a5
@00064efb
000000cd
@00066efb
000000f7
@00060efc
00000012
@00062efc
000000a5
@00064efc
000000cd
@00066efc
000000f7
@00060efd
00000012
@00062efd
000000a5
@00064efd
000000cd
@00066efd
000000f7
@00060efe
00000012
@00062efe
000000a5
@00064efe
000000cd
@00066efe
000000f7
@00060eff
00000012
@00062eff
000000a5
@00064eff
000000cd
@00066eff
000000f7
@00060f00
00000012
@00062f00
000000a5
@00064f00
000000cd
@00066f00
000000f7
@00060f01
00000012
@00062f01
000000a5
@00064f01
000000cd
@00066f01
000000f7
@00060f02
00000012
@00062f02
000000a5
@00064f02
000000cd
@00066f02
000000f7
@00060f03
00000012
@00062f03
000000a5
@00064f03
000000cd
@00066f03
000000f7
@00060f04
00000012
@00062f04
000000a5
@00064f04
000000cd
@00066f04
000000f7
@00060f05
00000012
@00062f05
000000a5
@00064f05
000000cd
@00066f05
000000f7
@00060f06
00000012
@00062f06
000000a5
@00064f06
000000cd
@00066f06
000000f7
@00060f07
00000012
@00062f07
000000a5
@00064f07
000000cd
@00066f07
000000f7
@00060f08
00000012
@00062f08
000000a5
@00064f08
000000cd
@00066f08
000000f7
@00060f09
00000012
@00062f09
000000a5
@00064f09
000000cd
@00066f09
000000f7
@00060f0a
00000012
@00062f0a
000000a5
@00064f0a
000000cd
@00066f0a
000000f7
@00060f0b
00000012
@00062f0b
000000a5
@00064f0b
000000cd
@00066f0b
000000f7
@00060f0c
00000012
@00062f0c
000000a5
@00064f0c
000000cd
@00066f0c
000000f7
@00060f0d
00000012
@00062f0d
000000a5
@00064f0d
000000cd
@00066f0d
000000f7
@00060f0e
00000012
@00062f0e
000000a5
@00064f0e
000000cd
@00066f0e
000000f7
@00060f0f
00000012
@00062f0f
000000a5
@00064f0f
000000cd
@00066f0f
000000f7
@00060f10
00000012
@00062f10
000000a5
@00064f10
000000cd
@00066f10
000000f7
@00060f11
00000012
@00062f11
000000a5
@00064f11
000000cd
@00066f11
000000f7
@00060f12
00000012
@00062f12
000000a5
@00064f12
000000cd
@00066f12
000000f7
@00060f13
00000012
@00062f13
000000a5
@00064f13
000000cd
@00066f13
000000f7
@00060f14
00000012
@00062f14
000000a5
@00064f14
000000cd
@00066f14
000000f7
@00060f15
00000012
@00062f15
000000a5
@00064f15
000000cd
@00066f15
000000f7
@00060f16
00000012
@00062f16
000000a5
@00064f16
000000cd
@00066f16
000000f7
@00060f17
00000012
@00062f17
000000a5
@00064f17
000000cd
@00066f17
000000f7
@00060f18
00000012
@00062f18
000000a5
@00064f18
000000cd
@00066f18
000000f7
@00060f19
00000012
@00062f19
000000a5
@00064f19
000000cd
@00066f19
000000f7
@00060f1a
00000012
@00062f1a
000000a5
@00064f1a
000000cd
@00066f1a
000000f7
@00060f1b
00000012
@00062f1b
000000a5
@00064f1b
000000cd
@00066f1b
000000f7
@00060f1c
00000012
@00062f1c
000000a5
@00064f1c
000000cd
@00066f1c
000000f7
@00060f1d
00000012
@00062f1d
000000a5
@00064f1d
000000cd
@00066f1d
000000f7
@00060f1e
00000012
@00062f1e
000000a5
@00064f1e
000000cd
@00066f1e
000000f7
@00060f1f
00000012
@00062f1f
000000a5
@00064f1f
000000cd
@00066f1f
000000f7
@00060f20
00000012
@00062f20
000000a5
@00064f20
000000cd
@00066f20
000000f7
@00060f21
00000012
@00062f21
000000a5
@00064f21
000000cd
@00066f21
000000f7
@00060f22
00000012
@00062f22
000000a5
@00064f22
000000cd
@00066f22
000000f7
@00060f23
00000012
@00062f23
000000a5
@00064f23
000000cd
@00066f23
000000f7
@00060f24
00000012
@00062f24
000000a5
@00064f24
000000cd
@00066f24
000000f7
@00060f25
00000012
@00062f25
000000a5
@00064f25
000000cd
@00066f25
000000f7
@00060f26
00000012
@00062f26
000000a5
@00064f26
000000cd
@00066f26
000000f7
@00060f27
00000012
@00062f27
000000a5
@00064f27
000000cd
@00066f27
000000f7
@00060f28
00000012
@00062f28
000000a5
@00064f28
000000cd
@00066f28
000000f7
@00060f29
00000012
@00062f29
000000a5
@00064f29
000000cd
@00066f29
000000f7
@00060f2a
00000012
@00062f2a
000000a5
@00064f2a
000000cd
@00066f2a
000000f7
@00060f2b
00000012
@00062f2b
000000a5
@00064f2b
000000cd
@00066f2b
000000f7
@00060f2c
00000012
@00062f2c
000000a5
@00064f2c
000000cd
@00066f2c
000000f7
@00060f2d
00000012
@00062f2d
000000a5
@00064f2d
000000cd
@00066f2d
000000f7
@00060f2e
00000012
@00062f2e
000000a5
@00064f2e
000000cd
@00066f2e
000000f7
@00060f2f
00000012
@00062f2f
000000a5
@00064f2f
000000cd
@00066f2f
000000f7
@00060f30
00000012
@00062f30
000000a5
@00064f30
000000cd
@00066f30
000000f7
@00060f31
00000012
@00062f31
000000a5
@00064f31
000000cd
@00066f31
000000f7
@00060f32
00000012
@00062f32
000000a5
@00064f32
000000cd
@00066f32
000000f7
@00060f33
00000012
@00062f33
000000a5
@00064f33
000000cd
@00066f33
000000f7
@00060f34
00000012
@00062f34
000000a5
@00064f34
000000cd
@00066f34
000000f7
@00060f35
00000012
@00062f35
000000a5
@00064f35
000000cd
@00066f35
000000f7
@00060f36
00000012
@00062f36
000000a5
@00064f36
000000cd
@00066f36
000000f7
@00060f37
00000012
@00062f37
000000a5
@00064f37
000000cd
@00066f37
000000f7
@00060f38
00000012
@00062f38
000000a5
@00064f38
000000cd
@00066f38
000000f7
@00060f39
00000012
@00062f39
000000a5
@00064f39
000000cd
@00066f39
000000f7
@00060f3a
00000012
@00062f3a
000000a5
@00064f3a
000000cd
@00066f3a
000000f7
@00060f3b
00000012
@00062f3b
000000a5
@00064f3b
000000cd
@00066f3b
000000f7
@00060f3c
00000012
@00062f3c
000000a5
@00064f3c
000000cd
@00066f3c
000000f7
@00060f3d
00000012
@00062f3d
000000a5
@00064f3d
000000cd
@00066f3d
000000f7
@00060f3e
00000012
@00062f3e
000000a5
@00064f3e
000000cd
@00066f3e
000000f7
@00060f3f
00000012
@00062f3f
000000a5
@00064f3f
000000cd
@00066f3f
000000f7
@00060f40
00000012
@00062f40
000000a5
@00064f40
000000cd
@00066f40
000000f7
@00060f41
00000012
@00062f41
000000a5
@00064f41
000000cd
@00066f41
000000f7
@00060f42
00000012
@00062f42
000000a5
@00064f42
000000cd
@00066f42
000000f7
@00060f43
00000012
@00062f43
000000a5
@00064f43
000000cd
@00066f43
000000f7
@00060f44
00000012
@00062f44
000000a5
@00064f44
000000cd
@00066f44
000000f7
@00060f45
00000012
@00062f45
000000a5
@00064f45
000000cd
@00066f45
000000f7
@00060f46
00000012
@00062f46
000000a5
@00064f46
000000cd
@00066f46
000000f7
@00060f47
00000012
@00062f47
000000a5
@00064f47
000000cd
@00066f47
000000f7
@00060f48
00000012
@00062f48
000000a5
@00064f48
000000cd
@00066f48
000000f7
@00060f49
00000012
@00062f49
000000a5
@00064f49
000000cd
@00066f49
000000f7
@00060f4a
00000012
@00062f4a
000000a5
@00064f4a
000000cd
@00066f4a
000000f7
@00060f4b
00000012
@00062f4b
000000a5
@00064f4b
000000cd
@00066f4b
000000f7
@00060f4c
00000012
@00062f4c
000000a5
@00064f4c
000000cd
@00066f4c
000000f7
@00060f4d
00000012
@00062f4d
000000a5
@00064f4d
000000cd
@00066f4d
000000f7
@00060f4e
00000012
@00062f4e
000000a5
@00064f4e
000000cd
@00066f4e
000000f7
@00060f4f
00000012
@00062f4f
000000a5
@00064f4f
000000cd
@00066f4f
000000f7
@00060f50
00000012
@00062f50
000000a5
@00064f50
000000cd
@00066f50
000000f7
@00060f51
00000012
@00062f51
000000a5
@00064f51
000000cd
@00066f51
000000f7
@00060f52
00000012
@00062f52
000000a5
@00064f52
000000cd
@00066f52
000000f7
@00060f53
00000012
@00062f53
000000a5
@00064f53
000000cd
@00066f53
000000f7
@00060f54
00000012
@00062f54
000000a5
@00064f54
000000cd
@00066f54
000000f7
@00060f55
00000012
@00062f55
000000a5
@00064f55
000000cd
@00066f55
000000f7
@00060f56
00000012
@00062f56
000000a5
@00064f56
000000cd
@00066f56
000000f7
@00060f57
00000012
@00062f57
000000a5
@00064f57
000000cd
@00066f57
000000f7
@00060f58
00000012
@00062f58
000000a5
@00064f58
000000cd
@00066f58
000000f7
@00060f59
00000012
@00062f59
000000a5
@00064f59
000000cd
@00066f59
000000f7
@00060f5a
00000012
@00062f5a
000000a5
@00064f5a
000000cd
@00066f5a
000000f7
@00060f5b
00000012
@00062f5b
000000a5
@00064f5b
000000cd
@00066f5b
000000f7
@00060f5c
00000012
@00062f5c
000000a5
@00064f5c
000000cd
@00066f5c
000000f7
@00060f5d
00000012
@00062f5d
000000a5
@00064f5d
000000cd
@00066f5d
000000f7
@00060f5e
00000012
@00062f5e
000000a5
@00064f5e
000000cd
@00066f5e
000000f7
@00060f5f
00000012
@00062f5f
000000a5
@00064f5f
000000cd
@00066f5f
000000f7
@00060f60
00000012
@00062f60
000000a5
@00064f60
000000cd
@00066f60
000000f7
@00060f61
00000012
@00062f61
000000a5
@00064f61
000000cd
@00066f61
000000f7
@00060f62
00000012
@00062f62
000000a5
@00064f62
000000cd
@00066f62
000000f7
@00060f63
00000012
@00062f63
000000a5
@00064f63
000000cd
@00066f63
000000f7
@00060f64
00000012
@00062f64
000000a5
@00064f64
000000cd
@00066f64
000000f7
@00060f65
00000012
@00062f65
000000a5
@00064f65
000000cd
@00066f65
000000f7
@00060f66
00000012
@00062f66
000000a5
@00064f66
000000cd
@00066f66
000000f7
@00060f67
00000012
@00062f67
000000a5
@00064f67
000000cd
@00066f67
000000f7
@00060f68
00000012
@00062f68
000000a5
@00064f68
000000cd
@00066f68
000000f7
@00060f69
00000012
@00062f69
000000a5
@00064f69
000000cd
@00066f69
000000f7
@00060f6a
00000012
@00062f6a
000000a5
@00064f6a
000000cd
@00066f6a
000000f7
@00060f6b
00000012
@00062f6b
000000a5
@00064f6b
000000cd
@00066f6b
000000f7
@00060f6c
00000012
@00062f6c
000000a5
@00064f6c
000000cd
@00066f6c
000000f7
@00060f6d
00000012
@00062f6d
000000a5
@00064f6d
000000cd
@00066f6d
000000f7
@00060f6e
00000012
@00062f6e
000000a5
@00064f6e
000000cd
@00066f6e
000000f7
@00060f6f
00000012
@00062f6f
000000a5
@00064f6f
000000cd
@00066f6f
000000f7
@00060f70
00000012
@00062f70
000000a5
@00064f70
000000cd
@00066f70
000000f7
@00060f71
00000012
@00062f71
000000a5
@00064f71
000000cd
@00066f71
000000f7
@00060f72
00000012
@00062f72
000000a5
@00064f72
000000cd
@00066f72
000000f7
@00060f73
00000012
@00062f73
000000a5
@00064f73
000000cd
@00066f73
000000f7
@00060f74
00000012
@00062f74
000000a5
@00064f74
000000cd
@00066f74
000000f7
@00060f75
00000012
@00062f75
000000a5
@00064f75
000000cd
@00066f75
000000f7
@00060f76
00000012
@00062f76
000000a5
@00064f76
000000cd
@00066f76
000000f7
@00060f77
00000012
@00062f77
000000a5
@00064f77
000000cd
@00066f77
000000f7
@00060f78
00000012
@00062f78
000000a5
@00064f78
000000cd
@00066f78
000000f7
@00060f79
00000012
@00062f79
000000a5
@00064f79
000000cd
@00066f79
000000f7
@00060f7a
00000012
@00062f7a
000000a5
@00064f7a
000000cd
@00066f7a
000000f7
@00060f7b
00000012
@00062f7b
000000a5
@00064f7b
000000cd
@00066f7b
000000f7
@00060f7c
00000012
@00062f7c
000000a5
@00064f7c
000000cd
@00066f7c
000000f7
@00060f7d
00000012
@00062f7d
000000a5
@00064f7d
000000cd
@00066f7d
000000f7
@00060f7e
00000012
@00062f7e
000000a5
@00064f7e
000000cd
@00066f7e
000000f7
@00060f7f
00000012
@00062f7f
000000a5
@00064f7f
000000cd
@00066f7f
000000f7
@00060f80
00000012
@00062f80
000000a5
@00064f80
000000cd
@00066f80
000000f7
@00060f81
00000012
@00062f81
000000a5
@00064f81
000000cd
@00066f81
000000f7
@00060f82
00000012
@00062f82
000000a5
@00064f82
000000cd
@00066f82
000000f7
@00060f83
00000012
@00062f83
000000a5
@00064f83
000000cd
@00066f83
000000f7
@00060f84
00000012
@00062f84
000000a5
@00064f84
000000cd
@00066f84
000000f7
@00060f85
00000012
@00062f85
000000a5
@00064f85
000000cd
@00066f85
000000f7
@00060f86
00000012
@00062f86
000000a5
@00064f86
000000cd
@00066f86
000000f7
@00060f87
00000012
@00062f87
000000a5
@00064f87
000000cd
@00066f87
000000f7
@00060f88
00000012
@00062f88
000000a5
@00064f88
000000cd
@00066f88
000000f7
@00060f89
00000012
@00062f89
000000a5
@00064f89
000000cd
@00066f89
000000f7
@00060f8a
00000012
@00062f8a
000000a5
@00064f8a
000000cd
@00066f8a
000000f7
@00060f8b
00000012
@00062f8b
000000a5
@00064f8b
000000cd
@00066f8b
000000f7
@00060f8c
00000012
@00062f8c
000000a5
@00064f8c
000000cd
@00066f8c
000000f7
@00060f8d
00000012
@00062f8d
000000a5
@00064f8d
000000cd
@00066f8d
000000f7
@00060f8e
00000012
@00062f8e
000000a5
@00064f8e
000000cd
@00066f8e
000000f7
@00060f8f
00000012
@00062f8f
000000a5
@00064f8f
000000cd
@00066f8f
000000f7
@00060f90
00000012
@00062f90
000000a5
@00064f90
000000cd
@00066f90
000000f7
@00060f91
00000012
@00062f91
000000a5
@00064f91
000000cd
@00066f91
000000f7
@00060f92
00000012
@00062f92
000000a5
@00064f92
000000cd
@00066f92
000000f7
@00060f93
00000012
@00062f93
000000a5
@00064f93
000000cd
@00066f93
000000f7
@00060f94
00000012
@00062f94
000000a5
@00064f94
000000cd
@00066f94
000000f7
@00060f95
00000012
@00062f95
000000a5
@00064f95
000000cd
@00066f95
000000f7
@00060f96
00000012
@00062f96
000000a5
@00064f96
000000cd
@00066f96
000000f7
@00060f97
00000012
@00062f97
000000a5
@00064f97
000000cd
@00066f97
000000f7
@00060f98
00000012
@00062f98
000000a5
@00064f98
000000cd
@00066f98
000000f7
@00060f99
00000012
@00062f99
000000a5
@00064f99
000000cd
@00066f99
000000f7
@00060f9a
00000012
@00062f9a
000000a5
@00064f9a
000000cd
@00066f9a
000000f7
@00060f9b
00000012
@00062f9b
000000a5
@00064f9b
000000cd
@00066f9b
000000f7
@00060f9c
00000012
@00062f9c
000000a5
@00064f9c
000000cd
@00066f9c
000000f7
@00060f9d
00000012
@00062f9d
000000a5
@00064f9d
000000cd
@00066f9d
000000f7
@00060f9e
00000012
@00062f9e
000000a5
@00064f9e
000000cd
@00066f9e
000000f7
@00060f9f
00000012
@00062f9f
000000a5
@00064f9f
000000cd
@00066f9f
000000f7
@00060fa0
00000012
@00062fa0
000000a5
@00064fa0
000000cd
@00066fa0
000000f7
@00060fa1
00000012
@00062fa1
000000a5
@00064fa1
000000cd
@00066fa1
000000f7
@00060fa2
00000012
@00062fa2
000000a5
@00064fa2
000000cd
@00066fa2
000000f7
@00060fa3
00000012
@00062fa3
000000a5
@00064fa3
000000cd
@00066fa3
000000f7
@00060fa4
00000012
@00062fa4
000000a5
@00064fa4
000000cd
@00066fa4
000000f7
@00060fa5
00000012
@00062fa5
000000a5
@00064fa5
000000cd
@00066fa5
000000f7
@00060fa6
00000012
@00062fa6
000000a5
@00064fa6
000000cd
@00066fa6
000000f7
@00060fa7
00000012
@00062fa7
000000a5
@00064fa7
000000cd
@00066fa7
000000f7
@00060fa8
00000012
@00062fa8
000000a5
@00064fa8
000000cd
@00066fa8
000000f7
@00060fa9
00000012
@00062fa9
000000a5
@00064fa9
000000cd
@00066fa9
000000f7
@00060faa
00000012
@00062faa
000000a5
@00064faa
000000cd
@00066faa
000000f7
@00060fab
00000012
@00062fab
000000a5
@00064fab
000000cd
@00066fab
000000f7
@00060fac
00000012
@00062fac
000000a5
@00064fac
000000cd
@00066fac
000000f7
@00060fad
00000012
@00062fad
000000a5
@00064fad
000000cd
@00066fad
000000f7
@00060fae
00000012
@00062fae
000000a5
@00064fae
000000cd
@00066fae
000000f7
@00060faf
00000012
@00062faf
000000a5
@00064faf
000000cd
@00066faf
000000f7
@00060fb0
00000012
@00062fb0
000000a5
@00064fb0
000000cd
@00066fb0
000000f7
@00060fb1
00000012
@00062fb1
000000a5
@00064fb1
000000cd
@00066fb1
000000f7
@00060fb2
00000012
@00062fb2
000000a5
@00064fb2
000000cd
@00066fb2
000000f7
@00060fb3
00000012
@00062fb3
000000a5
@00064fb3
000000cd
@00066fb3
000000f7
@00060fb4
00000012
@00062fb4
000000a5
@00064fb4
000000cd
@00066fb4
000000f7
@00060fb5
00000012
@00062fb5
000000a5
@00064fb5
000000cd
@00066fb5
000000f7
@00060fb6
00000012
@00062fb6
000000a5
@00064fb6
000000cd
@00066fb6
000000f7
@00060fb7
00000012
@00062fb7
000000a5
@00064fb7
000000cd
@00066fb7
000000f7
@00060fb8
00000012
@00062fb8
000000a5
@00064fb8
000000cd
@00066fb8
000000f7
@00060fb9
00000012
@00062fb9
000000a5
@00064fb9
000000cd
@00066fb9
000000f7
@00060fba
00000012
@00062fba
000000a5
@00064fba
000000cd
@00066fba
000000f7
@00060fbb
00000012
@00062fbb
000000a5
@00064fbb
000000cd
@00066fbb
000000f7
@00060fbc
00000012
@00062fbc
000000a5
@00064fbc
000000cd
@00066fbc
000000f7
@00060fbd
00000012
@00062fbd
000000a5
@00064fbd
000000cd
@00066fbd
000000f7
@00060fbe
00000012
@00062fbe
000000a5
@00064fbe
000000cd
@00066fbe
000000f7
@00060fbf
00000012
@00062fbf
000000a5
@00064fbf
000000cd
@00066fbf
000000f7
@00060fc0
00000012
@00062fc0
000000a5
@00064fc0
000000cd
@00066fc0
000000f7
@00060fc1
00000012
@00062fc1
000000a5
@00064fc1
000000cd
@00066fc1
000000f7
@00060fc2
00000012
@00062fc2
000000a5
@00064fc2
000000cd
@00066fc2
000000f7
@00060fc3
00000012
@00062fc3
000000a5
@00064fc3
000000cd
@00066fc3
000000f7
@00060fc4
00000012
@00062fc4
000000a5
@00064fc4
000000cd
@00066fc4
000000f7
@00060fc5
00000012
@00062fc5
000000a5
@00064fc5
000000cd
@00066fc5
000000f7
@00060fc6
00000012
@00062fc6
000000a5
@00064fc6
000000cd
@00066fc6
000000f7
@00060fc7
00000012
@00062fc7
000000a5
@00064fc7
000000cd
@00066fc7
000000f7
@00060fc8
00000012
@00062fc8
000000a5
@00064fc8
000000cd
@00066fc8
000000f7
@00060fc9
00000012
@00062fc9
000000a5
@00064fc9
000000cd
@00066fc9
000000f7
@00060fca
00000012
@00062fca
000000a5
@00064fca
000000cd
@00066fca
000000f7
@00060fcb
00000012
@00062fcb
000000a5
@00064fcb
000000cd
@00066fcb
000000f7
@00060fcc
00000012
@00062fcc
000000a5
@00064fcc
000000cd
@00066fcc
000000f7
@00060fcd
00000012
@00062fcd
000000a5
@00064fcd
000000cd
@00066fcd
000000f7
@00060fce
00000012
@00062fce
000000a5
@00064fce
000000cd
@00066fce
000000f7
@00060fcf
00000012
@00062fcf
000000a5
@00064fcf
000000cd
@00066fcf
000000f7
@00060fd0
00000012
@00062fd0
000000a5
@00064fd0
000000cd
@00066fd0
000000f7
@00060fd1
00000012
@00062fd1
000000a5
@00064fd1
000000cd
@00066fd1
000000f7
@00060fd2
00000012
@00062fd2
000000a5
@00064fd2
000000cd
@00066fd2
000000f7
@00060fd3
00000012
@00062fd3
000000a5
@00064fd3
000000cd
@00066fd3
000000f7
@00060fd4
00000012
@00062fd4
000000a5
@00064fd4
000000cd
@00066fd4
000000f7
@00060fd5
00000012
@00062fd5
000000a5
@00064fd5
000000cd
@00066fd5
000000f7
@00060fd6
00000012
@00062fd6
000000a5
@00064fd6
000000cd
@00066fd6
000000f7
@00060fd7
00000012
@00062fd7
000000a5
@00064fd7
000000cd
@00066fd7
000000f7
@00060fd8
00000012
@00062fd8
000000a5
@00064fd8
000000cd
@00066fd8
000000f7
@00060fd9
00000012
@00062fd9
000000a5
@00064fd9
000000cd
@00066fd9
000000f7
@00060fda
00000012
@00062fda
000000a5
@00064fda
000000cd
@00066fda
000000f7
@00060fdb
00000012
@00062fdb
000000a5
@00064fdb
000000cd
@00066fdb
000000f7
@00060fdc
00000012
@00062fdc
000000a5
@00064fdc
000000cd
@00066fdc
000000f7
@00060fdd
00000012
@00062fdd
000000a5
@00064fdd
000000cd
@00066fdd
000000f7
@00060fde
00000012
@00062fde
000000a5
@00064fde
000000cd
@00066fde
000000f7
@00060fdf
00000012
@00062fdf
000000a5
@00064fdf
000000cd
@00066fdf
000000f7
@00060fe0
00000012
@00062fe0
000000a5
@00064fe0
000000cd
@00066fe0
000000f7
@00060fe1
00000012
@00062fe1
000000a5
@00064fe1
000000cd
@00066fe1
000000f7
@00060fe2
00000012
@00062fe2
000000a5
@00064fe2
000000cd
@00066fe2
000000f7
@00060fe3
00000012
@00062fe3
000000a5
@00064fe3
000000cd
@00066fe3
000000f7
@00060fe4
00000012
@00062fe4
000000a5
@00064fe4
000000cd
@00066fe4
000000f7
@00060fe5
00000012
@00062fe5
000000a5
@00064fe5
000000cd
@00066fe5
000000f7
@00060fe6
00000012
@00062fe6
000000a5
@00064fe6
000000cd
@00066fe6
000000f7
@00060fe7
00000012
@00062fe7
000000a5
@00064fe7
000000cd
@00066fe7
000000f7
@00060fe8
00000012
@00062fe8
000000a5
@00064fe8
000000cd
@00066fe8
000000f7
@00060fe9
00000012
@00062fe9
000000a5
@00064fe9
000000cd
@00066fe9
000000f7
@00060fea
00000012
@00062fea
000000a5
@00064fea
000000cd
@00066fea
000000f7
@00060feb
00000012
@00062feb
000000a5
@00064feb
000000cd
@00066feb
000000f7
@00060fec
00000012
@00062fec
000000a5
@00064fec
000000cd
@00066fec
000000f7
@00060fed
00000012
@00062fed
000000a5
@00064fed
000000cd
@00066fed
000000f7
@00060fee
00000012
@00062fee
000000a5
@00064fee
000000cd
@00066fee
000000f7
@00060fef
00000012
@00062fef
000000a5
@00064fef
000000cd
@00066fef
000000f7
@00060ff0
00000012
@00062ff0
000000a5
@00064ff0
000000cd
@00066ff0
000000f7
@00060ff1
00000012
@00062ff1
000000a5
@00064ff1
000000cd
@00066ff1
000000f7
@00060ff2
00000012
@00062ff2
000000a5
@00064ff2
000000cd
@00066ff2
000000f7
@00060ff3
00000012
@00062ff3
000000a5
@00064ff3
000000cd
@00066ff3
000000f7
@00060ff4
00000012
@00062ff4
000000a5
@00064ff4
000000cd
@00066ff4
000000f7
@00060ff5
00000012
@00062ff5
000000a5
@00064ff5
000000cd
@00066ff5
000000f7
@00060ff6
00000012
@00062ff6
000000a5
@00064ff6
000000cd
@00066ff6
000000f7
@00060ff7
00000012
@00062ff7
000000a5
@00064ff7
000000cd
@00066ff7
000000f7
@00060ff8
00000012
@00062ff8
000000a5
@00064ff8
000000cd
@00066ff8
000000f7
@00060ff9
00000012
@00062ff9
000000a5
@00064ff9
000000cd
@00066ff9
000000f7
@00060ffa
00000012
@00062ffa
000000a5
@00064ffa
000000cd
@00066ffa
000000f7
@00060ffb
00000012
@00062ffb
000000a5
@00064ffb
000000cd
@00066ffb
000000f7
@00060ffc
00000012
@00062ffc
000000a5
@00064ffc
000000cd
@00066ffc
000000f7
@00060ffd
00000012
@00062ffd
000000a5
@00064ffd
000000cd
@00066ffd
000000f7
@00060ffe
00000012
@00062ffe
000000a5
@00064ffe
000000cd
@00066ffe
000000f7
@00060fff
00000012
@00062fff
000000a5
@00064fff
000000cd
@00066fff
000000f7
@00061000
00000012
@00063000
000000a5
@00065000
000000cd
@00067000
000000f7
@00061001
00000012
@00063001
000000a5
@00065001
000000cd
@00067001
000000f7
@00061002
00000012
@00063002
000000a5
@00065002
000000cd
@00067002
000000f7
@00061003
00000012
@00063003
000000a5
@00065003
000000cd
@00067003
000000f7
@00061004
00000012
@00063004
000000a5
@00065004
000000cd
@00067004
000000f7
@00061005
00000012
@00063005
000000a5
@00065005
000000cd
@00067005
000000f7
@00061006
00000012
@00063006
000000a5
@00065006
000000cd
@00067006
000000f7
@00061007
00000012
@00063007
000000a5
@00065007
000000cd
@00067007
000000f7
@00061008
00000012
@00063008
000000a5
@00065008
000000cd
@00067008
000000f7
@00061009
00000012
@00063009
000000a5
@00065009
000000cd
@00067009
000000f7
@0006100a
00000012
@0006300a
000000a5
@0006500a
000000cd
@0006700a
000000f7
@0006100b
00000012
@0006300b
000000a5
@0006500b
000000cd
@0006700b
000000f7
@0006100c
00000012
@0006300c
000000a5
@0006500c
000000cd
@0006700c
000000f7
@0006100d
00000012
@0006300d
000000a5
@0006500d
000000cd
@0006700d
000000f7
@0006100e
00000012
@0006300e
000000a5
@0006500e
000000cd
@0006700e
000000f7
@0006100f
00000012
@0006300f
000000a5
@0006500f
000000cd
@0006700f
000000f7
@00061010
00000012
@00063010
000000a5
@00065010
000000cd
@00067010
000000f7
@00061011
00000012
@00063011
000000a5
@00065011
000000cd
@00067011
000000f7
@00061012
00000012
@00063012
000000a5
@00065012
000000cd
@00067012
000000f7
@00061013
00000012
@00063013
000000a5
@00065013
000000cd
@00067013
000000f7
@00061014
00000012
@00063014
000000a5
@00065014
000000cd
@00067014
000000f7
@00061015
00000012
@00063015
000000a5
@00065015
000000cd
@00067015
000000f7
@00061016
00000012
@00063016
000000a5
@00065016
000000cd
@00067016
000000f7
@00061017
00000012
@00063017
000000a5
@00065017
000000cd
@00067017
000000f7
@00061018
00000012
@00063018
000000a5
@00065018
000000cd
@00067018
000000f7
@00061019
00000012
@00063019
000000a5
@00065019
000000cd
@00067019
000000f7
@0006101a
00000012
@0006301a
000000a5
@0006501a
000000cd
@0006701a
000000f7
@0006101b
00000012
@0006301b
000000a5
@0006501b
000000cd
@0006701b
000000f7
@0006101c
00000012
@0006301c
000000a5
@0006501c
000000cd
@0006701c
000000f7
@0006101d
00000012
@0006301d
000000a5
@0006501d
000000cd
@0006701d
000000f7
@0006101e
00000012
@0006301e
000000a5
@0006501e
000000cd
@0006701e
000000f7
@0006101f
00000012
@0006301f
000000a5
@0006501f
000000cd
@0006701f
000000f7
@00061020
00000012
@00063020
000000a5
@00065020
000000cd
@00067020
000000f7
@00061021
00000012
@00063021
000000a5
@00065021
000000cd
@00067021
000000f7
@00061022
00000012
@00063022
000000a5
@00065022
000000cd
@00067022
000000f7
@00061023
00000012
@00063023
000000a5
@00065023
000000cd
@00067023
000000f7
@00061024
00000012
@00063024
000000a5
@00065024
000000cd
@00067024
000000f7
@00061025
00000012
@00063025
000000a5
@00065025
000000cd
@00067025
000000f7
@00061026
00000012
@00063026
000000a5
@00065026
000000cd
@00067026
000000f7
@00061027
00000012
@00063027
000000a5
@00065027
000000cd
@00067027
000000f7
@00061028
00000012
@00063028
000000a5
@00065028
000000cd
@00067028
000000f7
@00061029
00000012
@00063029
000000a5
@00065029
000000cd
@00067029
000000f7
@0006102a
00000012
@0006302a
000000a5
@0006502a
000000cd
@0006702a
000000f7
@0006102b
00000012
@0006302b
000000a5
@0006502b
000000cd
@0006702b
000000f7
@0006102c
00000012
@0006302c
000000a5
@0006502c
000000cd
@0006702c
000000f7
@0006102d
00000012
@0006302d
000000a5
@0006502d
000000cd
@0006702d
000000f7
@0006102e
00000012
@0006302e
000000a5
@0006502e
000000cd
@0006702e
000000f7
@0006102f
00000012
@0006302f
000000a5
@0006502f
000000cd
@0006702f
000000f7
@00061030
00000012
@00063030
000000a5
@00065030
000000cd
@00067030
000000f7
@00061031
00000012
@00063031
000000a5
@00065031
000000cd
@00067031
000000f7
@00061032
00000012
@00063032
000000a5
@00065032
000000cd
@00067032
000000f7
@00061033
00000012
@00063033
000000a5
@00065033
000000cd
@00067033
000000f7
@00061034
00000012
@00063034
000000a5
@00065034
000000cd
@00067034
000000f7
@00061035
00000012
@00063035
000000a5
@00065035
000000cd
@00067035
000000f7
@00061036
00000012
@00063036
000000a5
@00065036
000000cd
@00067036
000000f7
@00061037
00000012
@00063037
000000a5
@00065037
000000cd
@00067037
000000f7
@00061038
00000012
@00063038
000000a5
@00065038
000000cd
@00067038
000000f7
@00061039
00000012
@00063039
000000a5
@00065039
000000cd
@00067039
000000f7
@0006103a
00000012
@0006303a
000000a5
@0006503a
000000cd
@0006703a
000000f7
@0006103b
00000012
@0006303b
000000a5
@0006503b
000000cd
@0006703b
000000f7
@0006103c
00000012
@0006303c
000000a5
@0006503c
000000cd
@0006703c
000000f7
@0006103d
00000012
@0006303d
000000a5
@0006503d
000000cd
@0006703d
000000f7
@0006103e
00000012
@0006303e
000000a5
@0006503e
000000cd
@0006703e
000000f7
@0006103f
00000012
@0006303f
000000a5
@0006503f
000000cd
@0006703f
000000f7
@00061040
00000012
@00063040
000000a5
@00065040
000000cd
@00067040
000000f7
@00061041
00000012
@00063041
000000a5
@00065041
000000cd
@00067041
000000f7
@00061042
00000012
@00063042
000000a5
@00065042
000000cd
@00067042
000000f7
@00061043
00000012
@00063043
000000a5
@00065043
000000cd
@00067043
000000f7
@00061044
00000012
@00063044
000000a5
@00065044
000000cd
@00067044
000000f7
@00061045
00000012
@00063045
000000a5
@00065045
000000cd
@00067045
000000f7
@00061046
00000012
@00063046
000000a5
@00065046
000000cd
@00067046
000000f7
@00061047
00000012
@00063047
000000a5
@00065047
000000cd
@00067047
000000f7
@00061048
00000012
@00063048
000000a5
@00065048
000000cd
@00067048
000000f7
@00061049
00000012
@00063049
000000a5
@00065049
000000cd
@00067049
000000f7
@0006104a
00000012
@0006304a
000000a5
@0006504a
000000cd
@0006704a
000000f7
@0006104b
00000012
@0006304b
000000a5
@0006504b
000000cd
@0006704b
000000f7
@0006104c
00000012
@0006304c
000000a5
@0006504c
000000cd
@0006704c
000000f7
@0006104d
00000012
@0006304d
000000a5
@0006504d
000000cd
@0006704d
000000f7
@0006104e
00000012
@0006304e
000000a5
@0006504e
000000cd
@0006704e
000000f7
@0006104f
00000012
@0006304f
000000a5
@0006504f
000000cd
@0006704f
000000f7
@00061050
00000012
@00063050
000000a5
@00065050
000000cd
@00067050
000000f7
@00061051
00000012
@00063051
000000a5
@00065051
000000cd
@00067051
000000f7
@00061052
00000012
@00063052
000000a5
@00065052
000000cd
@00067052
000000f7
@00061053
00000012
@00063053
000000a5
@00065053
000000cd
@00067053
000000f7
@00061054
00000012
@00063054
000000a5
@00065054
000000cd
@00067054
000000f7
@00061055
00000012
@00063055
000000a5
@00065055
000000cd
@00067055
000000f7
@00061056
00000012
@00063056
000000a5
@00065056
000000cd
@00067056
000000f7
@00061057
00000012
@00063057
000000a5
@00065057
000000cd
@00067057
000000f7
@00061058
00000012
@00063058
000000a5
@00065058
000000cd
@00067058
000000f7
@00061059
00000012
@00063059
000000a5
@00065059
000000cd
@00067059
000000f7
@0006105a
00000012
@0006305a
000000a5
@0006505a
000000cd
@0006705a
000000f7
@0006105b
00000012
@0006305b
000000a5
@0006505b
000000cd
@0006705b
000000f7
@0006105c
00000012
@0006305c
000000a5
@0006505c
000000cd
@0006705c
000000f7
@0006105d
00000012
@0006305d
000000a5
@0006505d
000000cd
@0006705d
000000f7
@0006105e
00000012
@0006305e
000000a5
@0006505e
000000cd
@0006705e
000000f7
@0006105f
00000012
@0006305f
000000a5
@0006505f
000000cd
@0006705f
000000f7
@00061060
00000012
@00063060
000000a5
@00065060
000000cd
@00067060
000000f7
@00061061
00000012
@00063061
000000a5
@00065061
000000cd
@00067061
000000f7
@00061062
00000012
@00063062
000000a5
@00065062
000000cd
@00067062
000000f7
@00061063
00000012
@00063063
000000a5
@00065063
000000cd
@00067063
000000f7
@00061064
00000012
@00063064
000000a5
@00065064
000000cd
@00067064
000000f7
@00061065
00000012
@00063065
000000a5
@00065065
000000cd
@00067065
000000f7
@00061066
00000012
@00063066
000000a5
@00065066
000000cd
@00067066
000000f7
@00061067
00000012
@00063067
000000a5
@00065067
000000cd
@00067067
000000f7
@00061068
00000012
@00063068
000000a5
@00065068
000000cd
@00067068
000000f7
@00061069
00000012
@00063069
000000a5
@00065069
000000cd
@00067069
000000f7
@0006106a
00000012
@0006306a
000000a5
@0006506a
000000cd
@0006706a
000000f7
@0006106b
00000012
@0006306b
000000a5
@0006506b
000000cd
@0006706b
000000f7
@0006106c
00000012
@0006306c
000000a5
@0006506c
000000cd
@0006706c
000000f7
@0006106d
00000012
@0006306d
000000a5
@0006506d
000000cd
@0006706d
000000f7
@0006106e
00000012
@0006306e
000000a5
@0006506e
000000cd
@0006706e
000000f7
@0006106f
00000012
@0006306f
000000a5
@0006506f
000000cd
@0006706f
000000f7
@00061070
00000012
@00063070
000000a5
@00065070
000000cd
@00067070
000000f7
@00061071
00000012
@00063071
000000a5
@00065071
000000cd
@00067071
000000f7
@00061072
00000012
@00063072
000000a5
@00065072
000000cd
@00067072
000000f7
@00061073
00000012
@00063073
000000a5
@00065073
000000cd
@00067073
000000f7
@00061074
00000012
@00063074
000000a5
@00065074
000000cd
@00067074
000000f7
@00061075
00000012
@00063075
000000a5
@00065075
000000cd
@00067075
000000f7
@00061076
00000012
@00063076
000000a5
@00065076
000000cd
@00067076
000000f7
@00061077
00000012
@00063077
000000a5
@00065077
000000cd
@00067077
000000f7
@00061078
00000012
@00063078
000000a5
@00065078
000000cd
@00067078
000000f7
@00061079
00000012
@00063079
000000a5
@00065079
000000cd
@00067079
000000f7
@0006107a
00000012
@0006307a
000000a5
@0006507a
000000cd
@0006707a
000000f7
@0006107b
00000012
@0006307b
000000a5
@0006507b
000000cd
@0006707b
000000f7
@0006107c
00000012
@0006307c
000000a5
@0006507c
000000cd
@0006707c
000000f7
@0006107d
00000012
@0006307d
000000a5
@0006507d
000000cd
@0006707d
000000f7
@0006107e
00000012
@0006307e
000000a5
@0006507e
000000cd
@0006707e
000000f7
@0006107f
00000012
@0006307f
000000a5
@0006507f
000000cd
@0006707f
000000f7
@00061080
00000012
@00063080
000000a5
@00065080
000000cd
@00067080
000000f7
@00061081
00000012
@00063081
000000a5
@00065081
000000cd
@00067081
000000f7
@00061082
00000012
@00063082
000000a5
@00065082
000000cd
@00067082
000000f7
@00061083
00000012
@00063083
000000a5
@00065083
000000cd
@00067083
000000f7
@00061084
00000012
@00063084
000000a5
@00065084
000000cd
@00067084
000000f7
@00061085
00000012
@00063085
000000a5
@00065085
000000cd
@00067085
000000f7
@00061086
00000012
@00063086
000000a5
@00065086
000000cd
@00067086
000000f7
@00061087
00000012
@00063087
000000a5
@00065087
000000cd
@00067087
000000f7
@00061088
00000012
@00063088
000000a5
@00065088
000000cd
@00067088
000000f7
@00061089
00000012
@00063089
000000a5
@00065089
000000cd
@00067089
000000f7
@0006108a
00000012
@0006308a
000000a5
@0006508a
000000cd
@0006708a
000000f7
@0006108b
00000012
@0006308b
000000a5
@0006508b
000000cd
@0006708b
000000f7
@0006108c
00000012
@0006308c
000000a5
@0006508c
000000cd
@0006708c
000000f7
@0006108d
00000012
@0006308d
000000a5
@0006508d
000000cd
@0006708d
000000f7
@0006108e
00000012
@0006308e
000000a5
@0006508e
000000cd
@0006708e
000000f7
@0006108f
00000012
@0006308f
000000a5
@0006508f
000000cd
@0006708f
000000f7
@00061090
00000012
@00063090
000000a5
@00065090
000000cd
@00067090
000000f7
@00061091
00000012
@00063091
000000a5
@00065091
000000cd
@00067091
000000f7
@00061092
00000012
@00063092
000000a5
@00065092
000000cd
@00067092
000000f7
@00061093
00000012
@00063093
000000a5
@00065093
000000cd
@00067093
000000f7
@00061094
00000012
@00063094
000000a5
@00065094
000000cd
@00067094
000000f7
@00061095
00000012
@00063095
000000a5
@00065095
000000cd
@00067095
000000f7
@00061096
00000012
@00063096
000000a5
@00065096
000000cd
@00067096
000000f7
@00061097
00000012
@00063097
000000a5
@00065097
000000cd
@00067097
000000f7
@00061098
00000012
@00063098
000000a5
@00065098
000000cd
@00067098
000000f7
@00061099
00000012
@00063099
000000a5
@00065099
000000cd
@00067099
000000f7
@0006109a
00000012
@0006309a
000000a5
@0006509a
000000cd
@0006709a
000000f7
@0006109b
00000012
@0006309b
000000a5
@0006509b
000000cd
@0006709b
000000f7
@0006109c
00000012
@0006309c
000000a5
@0006509c
000000cd
@0006709c
000000f7
@0006109d
00000012
@0006309d
000000a5
@0006509d
000000cd
@0006709d
000000f7
@0006109e
00000012
@0006309e
000000a5
@0006509e
000000cd
@0006709e
000000f7
@0006109f
00000012
@0006309f
000000a5
@0006509f
000000cd
@0006709f
000000f7
@000610a0
00000012
@000630a0
000000a5
@000650a0
000000cd
@000670a0
000000f7
@000610a1
00000012
@000630a1
000000a5
@000650a1
000000cd
@000670a1
000000f7
@000610a2
00000012
@000630a2
000000a5
@000650a2
000000cd
@000670a2
000000f7
@000610a3
00000012
@000630a3
000000a5
@000650a3
000000cd
@000670a3
000000f7
@000610a4
00000012
@000630a4
000000a5
@000650a4
000000cd
@000670a4
000000f7
@000610a5
00000012
@000630a5
000000a5
@000650a5
000000cd
@000670a5
000000f7
@000610a6
00000012
@000630a6
000000a5
@000650a6
000000cd
@000670a6
000000f7
@000610a7
00000012
@000630a7
000000a5
@000650a7
000000cd
@000670a7
000000f7
@000610a8
00000012
@000630a8
000000a5
@000650a8
000000cd
@000670a8
000000f7
@000610a9
00000012
@000630a9
000000a5
@000650a9
000000cd
@000670a9
000000f7
@000610aa
00000012
@000630aa
000000a5
@000650aa
000000cd
@000670aa
000000f7
@000610ab
00000012
@000630ab
000000a5
@000650ab
000000cd
@000670ab
000000f7
@000610ac
00000012
@000630ac
000000a5
@000650ac
000000cd
@000670ac
000000f7
@000610ad
00000012
@000630ad
000000a5
@000650ad
000000cd
@000670ad
000000f7
@000610ae
00000012
@000630ae
000000a5
@000650ae
000000cd
@000670ae
000000f7
@000610af
00000012
@000630af
000000a5
@000650af
000000cd
@000670af
000000f7
@000610b0
00000012
@000630b0
000000a5
@000650b0
000000cd
@000670b0
000000f7
@000610b1
00000012
@000630b1
000000a5
@000650b1
000000cd
@000670b1
000000f7
@000610b2
00000012
@000630b2
000000a5
@000650b2
000000cd
@000670b2
000000f7
@000610b3
00000012
@000630b3
000000a5
@000650b3
000000cd
@000670b3
000000f7
@000610b4
00000012
@000630b4
000000a5
@000650b4
000000cd
@000670b4
000000f7
@000610b5
00000012
@000630b5
000000a5
@000650b5
000000cd
@000670b5
000000f7
@000610b6
00000012
@000630b6
000000a5
@000650b6
000000cd
@000670b6
000000f7
@000610b7
00000012
@000630b7
000000a5
@000650b7
000000cd
@000670b7
000000f7
@000610b8
00000012
@000630b8
000000a5
@000650b8
000000cd
@000670b8
000000f7
@000610b9
00000012
@000630b9
000000a5
@000650b9
000000cd
@000670b9
000000f7
@000610ba
00000012
@000630ba
000000a5
@000650ba
000000cd
@000670ba
000000f7
@000610bb
00000012
@000630bb
000000a5
@000650bb
000000cd
@000670bb
000000f7
@000610bc
00000012
@000630bc
000000a5
@000650bc
000000cd
@000670bc
000000f7
@000610bd
00000012
@000630bd
000000a5
@000650bd
000000cd
@000670bd
000000f7
@000610be
00000012
@000630be
000000a5
@000650be
000000cd
@000670be
000000f7
@000610bf
00000012
@000630bf
000000a5
@000650bf
000000cd
@000670bf
000000f7
@000610c0
00000012
@000630c0
000000a5
@000650c0
000000cd
@000670c0
000000f7
@000610c1
00000012
@000630c1
000000a5
@000650c1
000000cd
@000670c1
000000f7
@000610c2
00000012
@000630c2
000000a5
@000650c2
000000cd
@000670c2
000000f7
@000610c3
00000012
@000630c3
000000a5
@000650c3
000000cd
@000670c3
000000f7
@000610c4
00000012
@000630c4
000000a5
@000650c4
000000cd
@000670c4
000000f7
@000610c5
00000012
@000630c5
000000a5
@000650c5
000000cd
@000670c5
000000f7
@000610c6
00000012
@000630c6
000000a5
@000650c6
000000cd
@000670c6
000000f7
@000610c7
00000012
@000630c7
000000a5
@000650c7
000000cd
@000670c7
000000f7
@000610c8
00000012
@000630c8
000000a5
@000650c8
000000cd
@000670c8
000000f7
@000610c9
00000012
@000630c9
000000a5
@000650c9
000000cd
@000670c9
000000f7
@000610ca
00000012
@000630ca
000000a5
@000650ca
000000cd
@000670ca
000000f7
@000610cb
00000012
@000630cb
000000a5
@000650cb
000000cd
@000670cb
000000f7
@000610cc
00000012
@000630cc
000000a5
@000650cc
000000cd
@000670cc
000000f7
@000610cd
00000012
@000630cd
000000a5
@000650cd
000000cd
@000670cd
000000f7
@000610ce
00000012
@000630ce
000000a5
@000650ce
000000cd
@000670ce
000000f7
@000610cf
00000012
@000630cf
000000a5
@000650cf
000000cd
@000670cf
000000f7
@000610d0
00000012
@000630d0
000000a5
@000650d0
000000cd
@000670d0
000000f7
@000610d1
00000012
@000630d1
000000a5
@000650d1
000000cd
@000670d1
000000f7
@000610d2
00000012
@000630d2
000000a5
@000650d2
000000cd
@000670d2
000000f7
@000610d3
00000012
@000630d3
000000a5
@000650d3
000000cd
@000670d3
000000f7
@000610d4
00000012
@000630d4
000000a5
@000650d4
000000cd
@000670d4
000000f7
@000610d5
00000012
@000630d5
000000a5
@000650d5
000000cd
@000670d5
000000f7
@000610d6
00000012
@000630d6
000000a5
@000650d6
000000cd
@000670d6
000000f7
@000610d7
00000012
@000630d7
000000a5
@000650d7
000000cd
@000670d7
000000f7
@000610d8
00000012
@000630d8
000000a5
@000650d8
000000cd
@000670d8
000000f7
@000610d9
00000012
@000630d9
000000a5
@000650d9
000000cd
@000670d9
000000f7
@000610da
00000012
@000630da
000000a5
@000650da
000000cd
@000670da
000000f7
@000610db
00000012
@000630db
000000a5
@000650db
000000cd
@000670db
000000f7
@000610dc
00000012
@000630dc
000000a5
@000650dc
000000cd
@000670dc
000000f7
@000610dd
00000012
@000630dd
000000a5
@000650dd
000000cd
@000670dd
000000f7
@000610de
00000012
@000630de
000000a5
@000650de
000000cd
@000670de
000000f7
@000610df
00000012
@000630df
000000a5
@000650df
000000cd
@000670df
000000f7
@000610e0
00000012
@000630e0
000000a5
@000650e0
000000cd
@000670e0
000000f7
@000610e1
00000012
@000630e1
000000a5
@000650e1
000000cd
@000670e1
000000f7
@000610e2
00000012
@000630e2
000000a5
@000650e2
000000cd
@000670e2
000000f7
@000610e3
00000012
@000630e3
000000a5
@000650e3
000000cd
@000670e3
000000f7
@000610e4
00000012
@000630e4
000000a5
@000650e4
000000cd
@000670e4
000000f7
@000610e5
00000012
@000630e5
000000a5
@000650e5
000000cd
@000670e5
000000f7
@000610e6
00000012
@000630e6
000000a5
@000650e6
000000cd
@000670e6
000000f7
@000610e7
00000012
@000630e7
000000a5
@000650e7
000000cd
@000670e7
000000f7
@000610e8
00000012
@000630e8
000000a5
@000650e8
000000cd
@000670e8
000000f7
@000610e9
00000012
@000630e9
000000a5
@000650e9
000000cd
@000670e9
000000f7
@000610ea
00000012
@000630ea
000000a5
@000650ea
000000cd
@000670ea
000000f7
@000610eb
00000012
@000630eb
000000a5
@000650eb
000000cd
@000670eb
000000f7
@000610ec
00000012
@000630ec
000000a5
@000650ec
000000cd
@000670ec
000000f7
@000610ed
00000012
@000630ed
000000a5
@000650ed
000000cd
@000670ed
000000f7
@000610ee
00000012
@000630ee
000000a5
@000650ee
000000cd
@000670ee
000000f7
@000610ef
00000012
@000630ef
000000a5
@000650ef
000000cd
@000670ef
000000f7
@000610f0
00000012
@000630f0
000000a5
@000650f0
000000cd
@000670f0
000000f7
@000610f1
00000012
@000630f1
000000a5
@000650f1
000000cd
@000670f1
000000f7
@000610f2
00000012
@000630f2
000000a5
@000650f2
000000cd
@000670f2
000000f7
@000610f3
00000012
@000630f3
000000a5
@000650f3
000000cd
@000670f3
000000f7
@000610f4
00000012
@000630f4
000000a5
@000650f4
000000cd
@000670f4
000000f7
@000610f5
00000012
@000630f5
000000a5
@000650f5
000000cd
@000670f5
000000f7
@000610f6
00000012
@000630f6
000000a5
@000650f6
000000cd
@000670f6
000000f7
@000610f7
00000012
@000630f7
000000a5
@000650f7
000000cd
@000670f7
000000f7
@000610f8
00000012
@000630f8
000000a5
@000650f8
000000cd
@000670f8
000000f7
@000610f9
00000012
@000630f9
000000a5
@000650f9
000000cd
@000670f9
000000f7
@000610fa
00000012
@000630fa
000000a5
@000650fa
000000cd
@000670fa
000000f7
@000610fb
00000012
@000630fb
000000a5
@000650fb
000000cd
@000670fb
000000f7
@000610fc
00000012
@000630fc
000000a5
@000650fc
000000cd
@000670fc
000000f7
@000610fd
00000012
@000630fd
000000a5
@000650fd
000000cd
@000670fd
000000f7
@000610fe
00000012
@000630fe
000000a5
@000650fe
000000cd
@000670fe
000000f7
@000610ff
00000012
@000630ff
000000a5
@000650ff
000000cd
@000670ff
000000f7
@00061100
00000012
@00063100
000000a5
@00065100
000000cd
@00067100
000000f7
@00061101
00000012
@00063101
000000a5
@00065101
000000cd
@00067101
000000f7
@00061102
00000012
@00063102
000000a5
@00065102
000000cd
@00067102
000000f7
@00061103
00000012
@00063103
000000a5
@00065103
000000cd
@00067103
000000f7
@00061104
00000012
@00063104
000000a5
@00065104
000000cd
@00067104
000000f7
@00061105
00000012
@00063105
000000a5
@00065105
000000cd
@00067105
000000f7
@00061106
00000012
@00063106
000000a5
@00065106
000000cd
@00067106
000000f7
@00061107
00000012
@00063107
000000a5
@00065107
000000cd
@00067107
000000f7
@00061108
00000012
@00063108
000000a5
@00065108
000000cd
@00067108
000000f7
@00061109
00000012
@00063109
000000a5
@00065109
000000cd
@00067109
000000f7
@0006110a
00000012
@0006310a
000000a5
@0006510a
000000cd
@0006710a
000000f7
@0006110b
00000012
@0006310b
000000a5
@0006510b
000000cd
@0006710b
000000f7
@0006110c
00000012
@0006310c
000000a5
@0006510c
000000cd
@0006710c
000000f7
@0006110d
00000012
@0006310d
000000a5
@0006510d
000000cd
@0006710d
000000f7
@0006110e
00000012
@0006310e
000000a5
@0006510e
000000cd
@0006710e
000000f7
@0006110f
00000012
@0006310f
000000a5
@0006510f
000000cd
@0006710f
000000f7
@00061110
00000012
@00063110
000000a5
@00065110
000000cd
@00067110
000000f7
@00061111
00000012
@00063111
000000a5
@00065111
000000cd
@00067111
000000f7
@00061112
00000012
@00063112
000000a5
@00065112
000000cd
@00067112
000000f7
@00061113
00000012
@00063113
000000a5
@00065113
000000cd
@00067113
000000f7
@00061114
00000012
@00063114
000000a5
@00065114
000000cd
@00067114
000000f7
@00061115
00000012
@00063115
000000a5
@00065115
000000cd
@00067115
000000f7
@00061116
00000012
@00063116
000000a5
@00065116
000000cd
@00067116
000000f7
@00061117
00000012
@00063117
000000a5
@00065117
000000cd
@00067117
000000f7
@00061118
00000012
@00063118
000000a5
@00065118
000000cd
@00067118
000000f7
@00061119
00000012
@00063119
000000a5
@00065119
000000cd
@00067119
000000f7
@0006111a
00000012
@0006311a
000000a5
@0006511a
000000cd
@0006711a
000000f7
@0006111b
00000012
@0006311b
000000a5
@0006511b
000000cd
@0006711b
000000f7
@0006111c
00000012
@0006311c
000000a5
@0006511c
000000cd
@0006711c
000000f7
@0006111d
00000012
@0006311d
000000a5
@0006511d
000000cd
@0006711d
000000f7
@0006111e
00000012
@0006311e
000000a5
@0006511e
000000cd
@0006711e
000000f7
@0006111f
00000012
@0006311f
000000a5
@0006511f
000000cd
@0006711f
000000f7
@00061120
00000012
@00063120
000000a5
@00065120
000000cd
@00067120
000000f7
@00061121
00000012
@00063121
000000a5
@00065121
000000cd
@00067121
000000f7
@00061122
00000012
@00063122
000000a5
@00065122
000000cd
@00067122
000000f7
@00061123
00000012
@00063123
000000a5
@00065123
000000cd
@00067123
000000f7
@00061124
00000012
@00063124
000000a5
@00065124
000000cd
@00067124
000000f7
@00061125
00000012
@00063125
000000a5
@00065125
000000cd
@00067125
000000f7
@00061126
00000012
@00063126
000000a5
@00065126
000000cd
@00067126
000000f7
@00061127
00000012
@00063127
000000a5
@00065127
000000cd
@00067127
000000f7
@00061128
00000012
@00063128
000000a5
@00065128
000000cd
@00067128
000000f7
@00061129
00000012
@00063129
000000a5
@00065129
000000cd
@00067129
000000f7
@0006112a
00000012
@0006312a
000000a5
@0006512a
000000cd
@0006712a
000000f7
@0006112b
00000012
@0006312b
000000a5
@0006512b
000000cd
@0006712b
000000f7
@0006112c
00000012
@0006312c
000000a5
@0006512c
000000cd
@0006712c
000000f7
@0006112d
00000012
@0006312d
000000a5
@0006512d
000000cd
@0006712d
000000f7
@0006112e
00000012
@0006312e
000000a5
@0006512e
000000cd
@0006712e
000000f7
@0006112f
00000012
@0006312f
000000a5
@0006512f
000000cd
@0006712f
000000f7
@00061130
00000012
@00063130
000000a5
@00065130
000000cd
@00067130
000000f7
@00061131
00000012
@00063131
000000a5
@00065131
000000cd
@00067131
000000f7
@00061132
00000012
@00063132
000000a5
@00065132
000000cd
@00067132
000000f7
@00061133
00000012
@00063133
000000a5
@00065133
000000cd
@00067133
000000f7
@00061134
00000012
@00063134
000000a5
@00065134
000000cd
@00067134
000000f7
@00061135
00000012
@00063135
000000a5
@00065135
000000cd
@00067135
000000f7
@00061136
00000012
@00063136
000000a5
@00065136
000000cd
@00067136
000000f7
@00061137
00000012
@00063137
000000a5
@00065137
000000cd
@00067137
000000f7
@00061138
00000012
@00063138
000000a5
@00065138
000000cd
@00067138
000000f7
@00061139
00000012
@00063139
000000a5
@00065139
000000cd
@00067139
000000f7
@0006113a
00000012
@0006313a
000000a5
@0006513a
000000cd
@0006713a
000000f7
@0006113b
00000012
@0006313b
000000a5
@0006513b
000000cd
@0006713b
000000f7
@0006113c
00000012
@0006313c
000000a5
@0006513c
000000cd
@0006713c
000000f7
@0006113d
00000012
@0006313d
000000a5
@0006513d
000000cd
@0006713d
000000f7
@0006113e
00000012
@0006313e
000000a5
@0006513e
000000cd
@0006713e
000000f7
@0006113f
00000012
@0006313f
000000a5
@0006513f
000000cd
@0006713f
000000f7
@00061140
00000012
@00063140
000000a5
@00065140
000000cd
@00067140
000000f7
@00061141
00000012
@00063141
000000a5
@00065141
000000cd
@00067141
000000f7
@00061142
00000012
@00063142
000000a5
@00065142
000000cd
@00067142
000000f7
@00061143
00000012
@00063143
000000a5
@00065143
000000cd
@00067143
000000f7
@00061144
00000012
@00063144
000000a5
@00065144
000000cd
@00067144
000000f7
@00061145
00000012
@00063145
000000a5
@00065145
000000cd
@00067145
000000f7
@00061146
00000012
@00063146
000000a5
@00065146
000000cd
@00067146
000000f7
@00061147
00000012
@00063147
000000a5
@00065147
000000cd
@00067147
000000f7
@00061148
00000012
@00063148
000000a5
@00065148
000000cd
@00067148
000000f7
@00061149
00000012
@00063149
000000a5
@00065149
000000cd
@00067149
000000f7
@0006114a
00000012
@0006314a
000000a5
@0006514a
000000cd
@0006714a
000000f7
@0006114b
00000012
@0006314b
000000a5
@0006514b
000000cd
@0006714b
000000f7
@0006114c
00000012
@0006314c
000000a5
@0006514c
000000cd
@0006714c
000000f7
@0006114d
00000012
@0006314d
000000a5
@0006514d
000000cd
@0006714d
000000f7
@0006114e
00000012
@0006314e
000000a5
@0006514e
000000cd
@0006714e
000000f7
@0006114f
00000012
@0006314f
000000a5
@0006514f
000000cd
@0006714f
000000f7
@00061150
00000012
@00063150
000000a5
@00065150
000000cd
@00067150
000000f7
@00061151
00000012
@00063151
000000a5
@00065151
000000cd
@00067151
000000f7
@00061152
00000012
@00063152
000000a5
@00065152
000000cd
@00067152
000000f7
@00061153
00000012
@00063153
000000a5
@00065153
000000cd
@00067153
000000f7
@00061154
00000012
@00063154
000000a5
@00065154
000000cd
@00067154
000000f7
@00061155
00000012
@00063155
000000a5
@00065155
000000cd
@00067155
000000f7
@00061156
00000012
@00063156
000000a5
@00065156
000000cd
@00067156
000000f7
@00061157
00000012
@00063157
000000a5
@00065157
000000cd
@00067157
000000f7
@00061158
00000012
@00063158
000000a5
@00065158
000000cd
@00067158
000000f7
@00061159
00000012
@00063159
000000a5
@00065159
000000cd
@00067159
000000f7
@0006115a
00000012
@0006315a
000000a5
@0006515a
000000cd
@0006715a
000000f7
@0006115b
00000012
@0006315b
000000a5
@0006515b
000000cd
@0006715b
000000f7
@0006115c
00000012
@0006315c
000000a5
@0006515c
000000cd
@0006715c
000000f7
@0006115d
00000012
@0006315d
000000a5
@0006515d
000000cd
@0006715d
000000f7
@0006115e
00000012
@0006315e
000000a5
@0006515e
000000cd
@0006715e
000000f7
@0006115f
00000012
@0006315f
000000a5
@0006515f
000000cd
@0006715f
000000f7
@00061160
00000012
@00063160
000000a5
@00065160
000000cd
@00067160
000000f7
@00061161
00000012
@00063161
000000a5
@00065161
000000cd
@00067161
000000f7
@00061162
00000012
@00063162
000000a5
@00065162
000000cd
@00067162
000000f7
@00061163
00000012
@00063163
000000a5
@00065163
000000cd
@00067163
000000f7
@00061164
00000012
@00063164
000000a5
@00065164
000000cd
@00067164
000000f7
@00061165
00000012
@00063165
000000a5
@00065165
000000cd
@00067165
000000f7
@00061166
00000012
@00063166
000000a5
@00065166
000000cd
@00067166
000000f7
@00061167
00000012
@00063167
000000a5
@00065167
000000cd
@00067167
000000f7
@00061168
00000012
@00063168
000000a5
@00065168
000000cd
@00067168
000000f7
@00061169
00000012
@00063169
000000a5
@00065169
000000cd
@00067169
000000f7
@0006116a
00000012
@0006316a
000000a5
@0006516a
000000cd
@0006716a
000000f7
@0006116b
00000012
@0006316b
000000a5
@0006516b
000000cd
@0006716b
000000f7
@0006116c
00000012
@0006316c
000000a5
@0006516c
000000cd
@0006716c
000000f7
@0006116d
00000012
@0006316d
000000a5
@0006516d
000000cd
@0006716d
000000f7
@0006116e
00000012
@0006316e
000000a5
@0006516e
000000cd
@0006716e
000000f7
@0006116f
00000012
@0006316f
000000a5
@0006516f
000000cd
@0006716f
000000f7
@00061170
00000012
@00063170
000000a5
@00065170
000000cd
@00067170
000000f7
@00061171
00000012
@00063171
000000a5
@00065171
000000cd
@00067171
000000f7
@00061172
00000012
@00063172
000000a5
@00065172
000000cd
@00067172
000000f7
@00061173
00000012
@00063173
000000a5
@00065173
000000cd
@00067173
000000f7
@00061174
00000012
@00063174
000000a5
@00065174
000000cd
@00067174
000000f7
@00061175
00000012
@00063175
000000a5
@00065175
000000cd
@00067175
000000f7
@00061176
00000012
@00063176
000000a5
@00065176
000000cd
@00067176
000000f7
@00061177
00000012
@00063177
000000a5
@00065177
000000cd
@00067177
000000f7
@00061178
00000012
@00063178
000000a5
@00065178
000000cd
@00067178
000000f7
@00061179
00000012
@00063179
000000a5
@00065179
000000cd
@00067179
000000f7
@0006117a
00000012
@0006317a
000000a5
@0006517a
000000cd
@0006717a
000000f7
@0006117b
00000012
@0006317b
000000a5
@0006517b
000000cd
@0006717b
000000f7
@0006117c
00000012
@0006317c
000000a5
@0006517c
000000cd
@0006717c
000000f7
@0006117d
00000012
@0006317d
000000a5
@0006517d
000000cd
@0006717d
000000f7
@0006117e
00000012
@0006317e
000000a5
@0006517e
000000cd
@0006717e
000000f7
@0006117f
00000012
@0006317f
000000a5
@0006517f
000000cd
@0006717f
000000f7
@00061180
00000012
@00063180
000000a5
@00065180
000000cd
@00067180
000000f7
@00061181
00000012
@00063181
000000a5
@00065181
000000cd
@00067181
000000f7
@00061182
00000012
@00063182
000000a5
@00065182
000000cd
@00067182
000000f7
@00061183
00000012
@00063183
000000a5
@00065183
000000cd
@00067183
000000f7
@00061184
00000012
@00063184
000000a5
@00065184
000000cd
@00067184
000000f7
@00061185
00000012
@00063185
000000a5
@00065185
000000cd
@00067185
000000f7
@00061186
00000012
@00063186
000000a5
@00065186
000000cd
@00067186
000000f7
@00061187
00000012
@00063187
000000a5
@00065187
000000cd
@00067187
000000f7
@00061188
00000012
@00063188
000000a5
@00065188
000000cd
@00067188
000000f7
@00061189
00000012
@00063189
000000a5
@00065189
000000cd
@00067189
000000f7
@0006118a
00000012
@0006318a
000000a5
@0006518a
000000cd
@0006718a
000000f7
@0006118b
00000012
@0006318b
000000a5
@0006518b
000000cd
@0006718b
000000f7
@0006118c
00000012
@0006318c
000000a5
@0006518c
000000cd
@0006718c
000000f7
@0006118d
00000012
@0006318d
000000a5
@0006518d
000000cd
@0006718d
000000f7
@0006118e
00000012
@0006318e
000000a5
@0006518e
000000cd
@0006718e
000000f7
@0006118f
00000012
@0006318f
000000a5
@0006518f
000000cd
@0006718f
000000f7
@00061190
00000012
@00063190
000000a5
@00065190
000000cd
@00067190
000000f7
@00061191
00000012
@00063191
000000a5
@00065191
000000cd
@00067191
000000f7
@00061192
00000012
@00063192
000000a5
@00065192
000000cd
@00067192
000000f7
@00061193
00000012
@00063193
000000a5
@00065193
000000cd
@00067193
000000f7
@00061194
00000012
@00063194
000000a5
@00065194
000000cd
@00067194
000000f7
@00061195
00000012
@00063195
000000a5
@00065195
000000cd
@00067195
000000f7
@00061196
00000012
@00063196
000000a5
@00065196
000000cd
@00067196
000000f7
@00061197
00000012
@00063197
000000a5
@00065197
000000cd
@00067197
000000f7
@00061198
00000012
@00063198
000000a5
@00065198
000000cd
@00067198
000000f7
@00061199
00000012
@00063199
000000a5
@00065199
000000cd
@00067199
000000f7
@0006119a
00000012
@0006319a
000000a5
@0006519a
000000cd
@0006719a
000000f7
@0006119b
00000012
@0006319b
000000a5
@0006519b
000000cd
@0006719b
000000f7
@0006119c
00000012
@0006319c
000000a5
@0006519c
000000cd
@0006719c
000000f7
@0006119d
00000012
@0006319d
000000a5
@0006519d
000000cd
@0006719d
000000f7
@0006119e
00000012
@0006319e
000000a5
@0006519e
000000cd
@0006719e
000000f7
@0006119f
00000012
@0006319f
000000a5
@0006519f
000000cd
@0006719f
000000f7
@000611a0
00000012
@000631a0
000000a5
@000651a0
000000cd
@000671a0
000000f7
@000611a1
00000012
@000631a1
000000a5
@000651a1
000000cd
@000671a1
000000f7
@000611a2
00000012
@000631a2
000000a5
@000651a2
000000cd
@000671a2
000000f7
@000611a3
00000012
@000631a3
000000a5
@000651a3
000000cd
@000671a3
000000f7
@000611a4
00000012
@000631a4
000000a5
@000651a4
000000cd
@000671a4
000000f7
@000611a5
00000012
@000631a5
000000a5
@000651a5
000000cd
@000671a5
000000f7
@000611a6
00000012
@000631a6
000000a5
@000651a6
000000cd
@000671a6
000000f7
@000611a7
00000012
@000631a7
000000a5
@000651a7
000000cd
@000671a7
000000f7
@000611a8
00000012
@000631a8
000000a5
@000651a8
000000cd
@000671a8
000000f7
@000611a9
00000012
@000631a9
000000a5
@000651a9
000000cd
@000671a9
000000f7
@000611aa
00000012
@000631aa
000000a5
@000651aa
000000cd
@000671aa
000000f7
@000611ab
00000012
@000631ab
000000a5
@000651ab
000000cd
@000671ab
000000f7
@000611ac
00000012
@000631ac
000000a5
@000651ac
000000cd
@000671ac
000000f7
@000611ad
00000012
@000631ad
000000a5
@000651ad
000000cd
@000671ad
000000f7
@000611ae
00000012
@000631ae
000000a5
@000651ae
000000cd
@000671ae
000000f7
@000611af
00000012
@000631af
000000a5
@000651af
000000cd
@000671af
000000f7
@000611b0
00000012
@000631b0
000000a5
@000651b0
000000cd
@000671b0
000000f7
@000611b1
00000012
@000631b1
000000a5
@000651b1
000000cd
@000671b1
000000f7
@000611b2
00000012
@000631b2
000000a5
@000651b2
000000cd
@000671b2
000000f7
@000611b3
00000012
@000631b3
000000a5
@000651b3
000000cd
@000671b3
000000f7
@000611b4
00000012
@000631b4
000000a5
@000651b4
000000cd
@000671b4
000000f7
@000611b5
00000012
@000631b5
000000a5
@000651b5
000000cd
@000671b5
000000f7
@000611b6
00000012
@000631b6
000000a5
@000651b6
000000cd
@000671b6
000000f7
@000611b7
00000012
@000631b7
000000a5
@000651b7
000000cd
@000671b7
000000f7
@000611b8
00000012
@000631b8
000000a5
@000651b8
000000cd
@000671b8
000000f7
@000611b9
00000012
@000631b9
000000a5
@000651b9
000000cd
@000671b9
000000f7
@000611ba
00000012
@000631ba
000000a5
@000651ba
000000cd
@000671ba
000000f7
@000611bb
00000012
@000631bb
000000a5
@000651bb
000000cd
@000671bb
000000f7
@000611bc
00000012
@000631bc
000000a5
@000651bc
000000cd
@000671bc
000000f7
@000611bd
00000012
@000631bd
000000a5
@000651bd
000000cd
@000671bd
000000f7
@000611be
00000012
@000631be
000000a5
@000651be
000000cd
@000671be
000000f7
@000611bf
00000012
@000631bf
000000a5
@000651bf
000000cd
@000671bf
000000f7
@000611c0
00000012
@000631c0
000000a5
@000651c0
000000cd
@000671c0
000000f7
@000611c1
00000012
@000631c1
000000a5
@000651c1
000000cd
@000671c1
000000f7
@000611c2
00000012
@000631c2
000000a5
@000651c2
000000cd
@000671c2
000000f7
@000611c3
00000012
@000631c3
000000a5
@000651c3
000000cd
@000671c3
000000f7
@000611c4
00000012
@000631c4
000000a5
@000651c4
000000cd
@000671c4
000000f7
@000611c5
00000012
@000631c5
000000a5
@000651c5
000000cd
@000671c5
000000f7
@000611c6
00000012
@000631c6
000000a5
@000651c6
000000cd
@000671c6
000000f7
@000611c7
00000012
@000631c7
000000a5
@000651c7
000000cd
@000671c7
000000f7
@000611c8
00000012
@000631c8
000000a5
@000651c8
000000cd
@000671c8
000000f7
@000611c9
00000012
@000631c9
000000a5
@000651c9
000000cd
@000671c9
000000f7
@000611ca
00000012
@000631ca
000000a5
@000651ca
000000cd
@000671ca
000000f7
@000611cb
00000012
@000631cb
000000a5
@000651cb
000000cd
@000671cb
000000f7
@000611cc
00000012
@000631cc
000000a5
@000651cc
000000cd
@000671cc
000000f7
@000611cd
00000012
@000631cd
000000a5
@000651cd
000000cd
@000671cd
000000f7
@000611ce
00000012
@000631ce
000000a5
@000651ce
000000cd
@000671ce
000000f7
@000611cf
00000012
@000631cf
000000a5
@000651cf
000000cd
@000671cf
000000f7
@000611d0
00000012
@000631d0
000000a5
@000651d0
000000cd
@000671d0
000000f7
@000611d1
00000012
@000631d1
000000a5
@000651d1
000000cd
@000671d1
000000f7
@000611d2
00000012
@000631d2
000000a5
@000651d2
000000cd
@000671d2
000000f7
@000611d3
00000012
@000631d3
000000a5
@000651d3
000000cd
@000671d3
000000f7
@000611d4
00000012
@000631d4
000000a5
@000651d4
000000cd
@000671d4
000000f7
@000611d5
00000012
@000631d5
000000a5
@000651d5
000000cd
@000671d5
000000f7
@000611d6
00000012
@000631d6
000000a5
@000651d6
000000cd
@000671d6
000000f7
@000611d7
00000012
@000631d7
000000a5
@000651d7
000000cd
@000671d7
000000f7
@000611d8
00000012
@000631d8
000000a5
@000651d8
000000cd
@000671d8
000000f7
@000611d9
00000012
@000631d9
000000a5
@000651d9
000000cd
@000671d9
000000f7
@000611da
00000012
@000631da
000000a5
@000651da
000000cd
@000671da
000000f7
@000611db
00000012
@000631db
000000a5
@000651db
000000cd
@000671db
000000f7
@000611dc
00000012
@000631dc
000000a5
@000651dc
000000cd
@000671dc
000000f7
@000611dd
00000012
@000631dd
000000a5
@000651dd
000000cd
@000671dd
000000f7
@000611de
00000012
@000631de
000000a5
@000651de
000000cd
@000671de
000000f7
@000611df
00000012
@000631df
000000a5
@000651df
000000cd
@000671df
000000f7
@000611e0
00000012
@000631e0
000000a5
@000651e0
000000cd
@000671e0
000000f7
@000611e1
00000012
@000631e1
000000a5
@000651e1
000000cd
@000671e1
000000f7
@000611e2
00000012
@000631e2
000000a5
@000651e2
000000cd
@000671e2
000000f7
@000611e3
00000012
@000631e3
000000a5
@000651e3
000000cd
@000671e3
000000f7
@000611e4
00000012
@000631e4
000000a5
@000651e4
000000cd
@000671e4
000000f7
@000611e5
00000012
@000631e5
000000a5
@000651e5
000000cd
@000671e5
000000f7
@000611e6
00000012
@000631e6
000000a5
@000651e6
000000cd
@000671e6
000000f7
@000611e7
00000012
@000631e7
000000a5
@000651e7
000000cd
@000671e7
000000f7
@000611e8
00000012
@000631e8
000000a5
@000651e8
000000cd
@000671e8
000000f7
@000611e9
00000012
@000631e9
000000a5
@000651e9
000000cd
@000671e9
000000f7
@000611ea
00000012
@000631ea
000000a5
@000651ea
000000cd
@000671ea
000000f7
@000611eb
00000012
@000631eb
000000a5
@000651eb
000000cd
@000671eb
000000f7
@000611ec
00000012
@000631ec
000000a5
@000651ec
000000cd
@000671ec
000000f7
@000611ed
00000012
@000631ed
000000a5
@000651ed
000000cd
@000671ed
000000f7
@000611ee
00000012
@000631ee
000000a5
@000651ee
000000cd
@000671ee
000000f7
@000611ef
00000012
@000631ef
000000a5
@000651ef
000000cd
@000671ef
000000f7
@000611f0
00000012
@000631f0
000000a5
@000651f0
000000cd
@000671f0
000000f7
@000611f1
00000012
@000631f1
000000a5
@000651f1
000000cd
@000671f1
000000f7
@000611f2
00000012
@000631f2
000000a5
@000651f2
000000cd
@000671f2
000000f7
@000611f3
00000012
@000631f3
000000a5
@000651f3
000000cd
@000671f3
000000f7
@000611f4
00000012
@000631f4
000000a5
@000651f4
000000cd
@000671f4
000000f7
@000611f5
00000012
@000631f5
000000a5
@000651f5
000000cd
@000671f5
000000f7
@000611f6
00000012
@000631f6
000000a5
@000651f6
000000cd
@000671f6
000000f7
@000611f7
00000012
@000631f7
000000a5
@000651f7
000000cd
@000671f7
000000f7
@000611f8
00000012
@000631f8
000000a5
@000651f8
000000cd
@000671f8
000000f7
@000611f9
00000012
@000631f9
000000a5
@000651f9
000000cd
@000671f9
000000f7
@000611fa
00000012
@000631fa
000000a5
@000651fa
000000cd
@000671fa
000000f7
@000611fb
00000012
@000631fb
000000a5
@000651fb
000000cd
@000671fb
000000f7
@000611fc
00000012
@000631fc
000000a5
@000651fc
000000cd
@000671fc
000000f7
@000611fd
00000012
@000631fd
000000a5
@000651fd
000000cd
@000671fd
000000f7
@000611fe
00000012
@000631fe
000000a5
@000651fe
000000cd
@000671fe
000000f7
@000611ff
00000012
@000631ff
000000a5
@000651ff
000000cd
@000671ff
000000f7
@00061200
00000012
@00063200
000000a5
@00065200
000000cd
@00067200
000000f7
@00061201
00000012
@00063201
000000a5
@00065201
000000cd
@00067201
000000f7
@00061202
00000012
@00063202
000000a5
@00065202
000000cd
@00067202
000000f7
@00061203
00000012
@00063203
000000a5
@00065203
000000cd
@00067203
000000f7
@00061204
00000012
@00063204
000000a5
@00065204
000000cd
@00067204
000000f7
@00061205
00000012
@00063205
000000a5
@00065205
000000cd
@00067205
000000f7
@00061206
00000012
@00063206
000000a5
@00065206
000000cd
@00067206
000000f7
@00061207
00000012
@00063207
000000a5
@00065207
000000cd
@00067207
000000f7
@00061208
00000012
@00063208
000000a5
@00065208
000000cd
@00067208
000000f7
@00061209
00000012
@00063209
000000a5
@00065209
000000cd
@00067209
000000f7
@0006120a
00000012
@0006320a
000000a5
@0006520a
000000cd
@0006720a
000000f7
@0006120b
00000012
@0006320b
000000a5
@0006520b
000000cd
@0006720b
000000f7
@0006120c
00000012
@0006320c
000000a5
@0006520c
000000cd
@0006720c
000000f7
@0006120d
00000012
@0006320d
000000a5
@0006520d
000000cd
@0006720d
000000f7
@0006120e
00000012
@0006320e
000000a5
@0006520e
000000cd
@0006720e
000000f7
@0006120f
00000012
@0006320f
000000a5
@0006520f
000000cd
@0006720f
000000f7
@00061210
00000012
@00063210
000000a5
@00065210
000000cd
@00067210
000000f7
@00061211
00000012
@00063211
000000a5
@00065211
000000cd
@00067211
000000f7
@00061212
00000012
@00063212
000000a5
@00065212
000000cd
@00067212
000000f7
@00061213
00000012
@00063213
000000a5
@00065213
000000cd
@00067213
000000f7
@00061214
00000012
@00063214
000000a5
@00065214
000000cd
@00067214
000000f7
@00061215
00000012
@00063215
000000a5
@00065215
000000cd
@00067215
000000f7
@00061216
00000012
@00063216
000000a5
@00065216
000000cd
@00067216
000000f7
@00061217
00000012
@00063217
000000a5
@00065217
000000cd
@00067217
000000f7
@00061218
00000012
@00063218
000000a5
@00065218
000000cd
@00067218
000000f7
@00061219
00000012
@00063219
000000a5
@00065219
000000cd
@00067219
000000f7
@0006121a
00000012
@0006321a
000000a5
@0006521a
000000cd
@0006721a
000000f7
@0006121b
00000012
@0006321b
000000a5
@0006521b
000000cd
@0006721b
000000f7
@0006121c
00000012
@0006321c
000000a5
@0006521c
000000cd
@0006721c
000000f7
@0006121d
00000012
@0006321d
000000a5
@0006521d
000000cd
@0006721d
000000f7
@0006121e
00000012
@0006321e
000000a5
@0006521e
000000cd
@0006721e
000000f7
@0006121f
00000012
@0006321f
000000a5
@0006521f
000000cd
@0006721f
000000f7
@00061220
00000012
@00063220
000000a5
@00065220
000000cd
@00067220
000000f7
@00061221
00000012
@00063221
000000a5
@00065221
000000cd
@00067221
000000f7
@00061222
00000012
@00063222
000000a5
@00065222
000000cd
@00067222
000000f7
@00061223
00000012
@00063223
000000a5
@00065223
000000cd
@00067223
000000f7
@00061224
00000012
@00063224
000000a5
@00065224
000000cd
@00067224
000000f7
@00061225
00000012
@00063225
000000a5
@00065225
000000cd
@00067225
000000f7
@00061226
00000012
@00063226
000000a5
@00065226
000000cd
@00067226
000000f7
@00061227
00000012
@00063227
000000a5
@00065227
000000cd
@00067227
000000f7
@00061228
00000012
@00063228
000000a5
@00065228
000000cd
@00067228
000000f7
@00061229
00000012
@00063229
000000a5
@00065229
000000cd
@00067229
000000f7
@0006122a
00000012
@0006322a
000000a5
@0006522a
000000cd
@0006722a
000000f7
@0006122b
00000012
@0006322b
000000a5
@0006522b
000000cd
@0006722b
000000f7
@0006122c
00000012
@0006322c
000000a5
@0006522c
000000cd
@0006722c
000000f7
@0006122d
00000012
@0006322d
000000a5
@0006522d
000000cd
@0006722d
000000f7
@0006122e
00000012
@0006322e
000000a5
@0006522e
000000cd
@0006722e
000000f7
@0006122f
00000012
@0006322f
000000a5
@0006522f
000000cd
@0006722f
000000f7
@00061230
00000012
@00063230
000000a5
@00065230
000000cd
@00067230
000000f7
@00061231
00000012
@00063231
000000a5
@00065231
000000cd
@00067231
000000f7
@00061232
00000012
@00063232
000000a5
@00065232
000000cd
@00067232
000000f7
@00061233
00000012
@00063233
000000a5
@00065233
000000cd
@00067233
000000f7
@00061234
00000012
@00063234
000000a5
@00065234
000000cd
@00067234
000000f7
@00061235
00000012
@00063235
000000a5
@00065235
000000cd
@00067235
000000f7
@00061236
00000012
@00063236
000000a5
@00065236
000000cd
@00067236
000000f7
@00061237
00000012
@00063237
000000a5
@00065237
000000cd
@00067237
000000f7
@00061238
00000012
@00063238
000000a5
@00065238
000000cd
@00067238
000000f7
@00061239
00000012
@00063239
000000a5
@00065239
000000cd
@00067239
000000f7
@0006123a
00000012
@0006323a
000000a5
@0006523a
000000cd
@0006723a
000000f7
@0006123b
00000012
@0006323b
000000a5
@0006523b
000000cd
@0006723b
000000f7
@0006123c
00000012
@0006323c
000000a5
@0006523c
000000cd
@0006723c
000000f7
@0006123d
00000012
@0006323d
000000a5
@0006523d
000000cd
@0006723d
000000f7
@0006123e
00000012
@0006323e
000000a5
@0006523e
000000cd
@0006723e
000000f7
@0006123f
00000012
@0006323f
000000a5
@0006523f
000000cd
@0006723f
000000f7
@00061240
00000012
@00063240
000000a5
@00065240
000000cd
@00067240
000000f7
@00061241
00000012
@00063241
000000a5
@00065241
000000cd
@00067241
000000f7
@00061242
00000012
@00063242
000000a5
@00065242
000000cd
@00067242
000000f7
@00061243
00000012
@00063243
000000a5
@00065243
000000cd
@00067243
000000f7
@00061244
00000012
@00063244
000000a5
@00065244
000000cd
@00067244
000000f7
@00061245
00000012
@00063245
000000a5
@00065245
000000cd
@00067245
000000f7
@00061246
00000012
@00063246
000000a5
@00065246
000000cd
@00067246
000000f7
@00061247
00000012
@00063247
000000a5
@00065247
000000cd
@00067247
000000f7
@00061248
00000012
@00063248
000000a5
@00065248
000000cd
@00067248
000000f7
@00061249
00000012
@00063249
000000a5
@00065249
000000cd
@00067249
000000f7
@0006124a
00000012
@0006324a
000000a5
@0006524a
000000cd
@0006724a
000000f7
@0006124b
00000012
@0006324b
000000a5
@0006524b
000000cd
@0006724b
000000f7
@0006124c
00000012
@0006324c
000000a5
@0006524c
000000cd
@0006724c
000000f7
@0006124d
00000012
@0006324d
000000a5
@0006524d
000000cd
@0006724d
000000f7
@0006124e
00000012
@0006324e
000000a5
@0006524e
000000cd
@0006724e
000000f7
@0006124f
00000012
@0006324f
000000a5
@0006524f
000000cd
@0006724f
000000f7
@00061250
00000012
@00063250
000000a5
@00065250
000000cd
@00067250
000000f7
@00061251
00000012
@00063251
000000a5
@00065251
000000cd
@00067251
000000f7
@00061252
00000012
@00063252
000000a5
@00065252
000000cd
@00067252
000000f7
@00061253
00000012
@00063253
000000a5
@00065253
000000cd
@00067253
000000f7
@00061254
00000012
@00063254
000000a5
@00065254
000000cd
@00067254
000000f7
@00061255
00000012
@00063255
000000a5
@00065255
000000cd
@00067255
000000f7
@00061256
00000012
@00063256
000000a5
@00065256
000000cd
@00067256
000000f7
@00061257
00000012
@00063257
000000a5
@00065257
000000cd
@00067257
000000f7
@00061258
00000012
@00063258
000000a5
@00065258
000000cd
@00067258
000000f7
@00061259
00000012
@00063259
000000a5
@00065259
000000cd
@00067259
000000f7
@0006125a
00000012
@0006325a
000000a5
@0006525a
000000cd
@0006725a
000000f7
@0006125b
00000012
@0006325b
000000a5
@0006525b
000000cd
@0006725b
000000f7
@0006125c
00000012
@0006325c
000000a5
@0006525c
000000cd
@0006725c
000000f7
@0006125d
00000012
@0006325d
000000a5
@0006525d
000000cd
@0006725d
000000f7
@0006125e
00000012
@0006325e
000000a5
@0006525e
000000cd
@0006725e
000000f7
@0006125f
00000012
@0006325f
000000a5
@0006525f
000000cd
@0006725f
000000f7
@00061260
00000012
@00063260
000000a5
@00065260
000000cd
@00067260
000000f7
@00061261
00000012
@00063261
000000a5
@00065261
000000cd
@00067261
000000f7
@00061262
00000012
@00063262
000000a5
@00065262
000000cd
@00067262
000000f7
@00061263
00000012
@00063263
000000a5
@00065263
000000cd
@00067263
000000f7
@00061264
00000012
@00063264
000000a5
@00065264
000000cd
@00067264
000000f7
@00061265
00000012
@00063265
000000a5
@00065265
000000cd
@00067265
000000f7
@00061266
00000012
@00063266
000000a5
@00065266
000000cd
@00067266
000000f7
@00061267
00000012
@00063267
000000a5
@00065267
000000cd
@00067267
000000f7
@00061268
00000012
@00063268
000000a5
@00065268
000000cd
@00067268
000000f7
@00061269
00000012
@00063269
000000a5
@00065269
000000cd
@00067269
000000f7
@0006126a
00000012
@0006326a
000000a5
@0006526a
000000cd
@0006726a
000000f7
@0006126b
00000012
@0006326b
000000a5
@0006526b
000000cd
@0006726b
000000f7
@0006126c
00000012
@0006326c
000000a5
@0006526c
000000cd
@0006726c
000000f7
@0006126d
00000012
@0006326d
000000a5
@0006526d
000000cd
@0006726d
000000f7
@0006126e
00000012
@0006326e
000000a5
@0006526e
000000cd
@0006726e
000000f7
@0006126f
00000012
@0006326f
000000a5
@0006526f
000000cd
@0006726f
000000f7
@00061270
00000012
@00063270
000000a5
@00065270
000000cd
@00067270
000000f7
@00061271
00000012
@00063271
000000a5
@00065271
000000cd
@00067271
000000f7
@00061272
00000012
@00063272
000000a5
@00065272
000000cd
@00067272
000000f7
@00061273
00000012
@00063273
000000a5
@00065273
000000cd
@00067273
000000f7
@00061274
00000012
@00063274
000000a5
@00065274
000000cd
@00067274
000000f7
@00061275
00000012
@00063275
000000a5
@00065275
000000cd
@00067275
000000f7
@00061276
00000012
@00063276
000000a5
@00065276
000000cd
@00067276
000000f7
@00061277
00000012
@00063277
000000a5
@00065277
000000cd
@00067277
000000f7
@00061278
00000012
@00063278
000000a5
@00065278
000000cd
@00067278
000000f7
@00061279
00000012
@00063279
000000a5
@00065279
000000cd
@00067279
000000f7
@0006127a
00000012
@0006327a
000000a5
@0006527a
000000cd
@0006727a
000000f7
@0006127b
00000012
@0006327b
000000a5
@0006527b
000000cd
@0006727b
000000f7
@0006127c
00000012
@0006327c
000000a5
@0006527c
000000cd
@0006727c
000000f7
@0006127d
00000012
@0006327d
000000a5
@0006527d
000000cd
@0006727d
000000f7
@0006127e
00000012
@0006327e
000000a5
@0006527e
000000cd
@0006727e
000000f7
@0006127f
00000012
@0006327f
000000a5
@0006527f
000000cd
@0006727f
000000f7
@00061280
00000012
@00063280
000000a5
@00065280
000000cd
@00067280
000000f7
@00061281
00000012
@00063281
000000a5
@00065281
000000cd
@00067281
000000f7
@00061282
00000012
@00063282
000000a5
@00065282
000000cd
@00067282
000000f7
@00061283
00000012
@00063283
000000a5
@00065283
000000cd
@00067283
000000f7
@00061284
00000012
@00063284
000000a5
@00065284
000000cd
@00067284
000000f7
@00061285
00000012
@00063285
000000a5
@00065285
000000cd
@00067285
000000f7
@00061286
00000012
@00063286
000000a5
@00065286
000000cd
@00067286
000000f7
@00061287
00000012
@00063287
000000a5
@00065287
000000cd
@00067287
000000f7
@00061288
00000012
@00063288
000000a5
@00065288
000000cd
@00067288
000000f7
@00061289
00000012
@00063289
000000a5
@00065289
000000cd
@00067289
000000f7
@0006128a
00000012
@0006328a
000000a5
@0006528a
000000cd
@0006728a
000000f7
@0006128b
00000012
@0006328b
000000a5
@0006528b
000000cd
@0006728b
000000f7
@0006128c
00000012
@0006328c
000000a5
@0006528c
000000cd
@0006728c
000000f7
@0006128d
00000012
@0006328d
000000a5
@0006528d
000000cd
@0006728d
000000f7
@0006128e
00000012
@0006328e
000000a5
@0006528e
000000cd
@0006728e
000000f7
@0006128f
00000012
@0006328f
000000a5
@0006528f
000000cd
@0006728f
000000f7
@00061290
00000012
@00063290
000000a5
@00065290
000000cd
@00067290
000000f7
@00061291
00000012
@00063291
000000a5
@00065291
000000cd
@00067291
000000f7
@00061292
00000012
@00063292
000000a5
@00065292
000000cd
@00067292
000000f7
@00061293
00000012
@00063293
000000a5
@00065293
000000cd
@00067293
000000f7
@00061294
00000012
@00063294
000000a5
@00065294
000000cd
@00067294
000000f7
@00061295
00000012
@00063295
000000a5
@00065295
000000cd
@00067295
000000f7
@00061296
00000012
@00063296
000000a5
@00065296
000000cd
@00067296
000000f7
@00061297
00000012
@00063297
000000a5
@00065297
000000cd
@00067297
000000f7
@00061298
00000012
@00063298
000000a5
@00065298
000000cd
@00067298
000000f7
@00061299
00000012
@00063299
000000a5
@00065299
000000cd
@00067299
000000f7
@0006129a
00000012
@0006329a
000000a5
@0006529a
000000cd
@0006729a
000000f7
@0006129b
00000012
@0006329b
000000a5
@0006529b
000000cd
@0006729b
000000f7
@0006129c
00000012
@0006329c
000000a5
@0006529c
000000cd
@0006729c
000000f7
@0006129d
00000012
@0006329d
000000a5
@0006529d
000000cd
@0006729d
000000f7
@0006129e
00000012
@0006329e
000000a5
@0006529e
000000cd
@0006729e
000000f7
@0006129f
00000012
@0006329f
000000a5
@0006529f
000000cd
@0006729f
000000f7
@000612a0
00000012
@000632a0
000000a5
@000652a0
000000cd
@000672a0
000000f7
@000612a1
00000012
@000632a1
000000a5
@000652a1
000000cd
@000672a1
000000f7
@000612a2
00000012
@000632a2
000000a5
@000652a2
000000cd
@000672a2
000000f7
@000612a3
00000012
@000632a3
000000a5
@000652a3
000000cd
@000672a3
000000f7
@000612a4
00000012
@000632a4
000000a5
@000652a4
000000cd
@000672a4
000000f7
@000612a5
00000012
@000632a5
000000a5
@000652a5
000000cd
@000672a5
000000f7
@000612a6
00000012
@000632a6
000000a5
@000652a6
000000cd
@000672a6
000000f7
@000612a7
00000012
@000632a7
000000a5
@000652a7
000000cd
@000672a7
000000f7
@000612a8
00000012
@000632a8
000000a5
@000652a8
000000cd
@000672a8
000000f7
@000612a9
00000012
@000632a9
000000a5
@000652a9
000000cd
@000672a9
000000f7
@000612aa
00000012
@000632aa
000000a5
@000652aa
000000cd
@000672aa
000000f7
@000612ab
00000012
@000632ab
000000a5
@000652ab
000000cd
@000672ab
000000f7
@000612ac
00000012
@000632ac
000000a5
@000652ac
000000cd
@000672ac
000000f7
@000612ad
00000012
@000632ad
000000a5
@000652ad
000000cd
@000672ad
000000f7
@000612ae
00000012
@000632ae
000000a5
@000652ae
000000cd
@000672ae
000000f7
@000612af
00000012
@000632af
000000a5
@000652af
000000cd
@000672af
000000f7
@000612b0
00000012
@000632b0
000000a5
@000652b0
000000cd
@000672b0
000000f7
@000612b1
00000012
@000632b1
000000a5
@000652b1
000000cd
@000672b1
000000f7
@000612b2
00000012
@000632b2
000000a5
@000652b2
000000cd
@000672b2
000000f7
@000612b3
00000012
@000632b3
000000a5
@000652b3
000000cd
@000672b3
000000f7
@000612b4
00000012
@000632b4
000000a5
@000652b4
000000cd
@000672b4
000000f7
@000612b5
00000012
@000632b5
000000a5
@000652b5
000000cd
@000672b5
000000f7
@000612b6
00000012
@000632b6
000000a5
@000652b6
000000cd
@000672b6
000000f7
@000612b7
00000012
@000632b7
000000a5
@000652b7
000000cd
@000672b7
000000f7
@000612b8
00000012
@000632b8
000000a5
@000652b8
000000cd
@000672b8
000000f7
@000612b9
00000012
@000632b9
000000a5
@000652b9
000000cd
@000672b9
000000f7
@000612ba
00000012
@000632ba
000000a5
@000652ba
000000cd
@000672ba
000000f7
@000612bb
00000012
@000632bb
000000a5
@000652bb
000000cd
@000672bb
000000f7
@000612bc
00000012
@000632bc
000000a5
@000652bc
000000cd
@000672bc
000000f7
@000612bd
00000012
@000632bd
000000a5
@000652bd
000000cd
@000672bd
000000f7
@000612be
00000012
@000632be
000000a5
@000652be
000000cd
@000672be
000000f7
@000612bf
00000012
@000632bf
000000a5
@000652bf
000000cd
@000672bf
000000f7
@000612c0
00000012
@000632c0
000000a5
@000652c0
000000cd
@000672c0
000000f7
@000612c1
00000012
@000632c1
000000a5
@000652c1
000000cd
@000672c1
000000f7
@000612c2
00000012
@000632c2
000000a5
@000652c2
000000cd
@000672c2
000000f7
@000612c3
00000012
@000632c3
000000a5
@000652c3
000000cd
@000672c3
000000f7
@000612c4
00000012
@000632c4
000000a5
@000652c4
000000cd
@000672c4
000000f7
@000612c5
00000012
@000632c5
000000a5
@000652c5
000000cd
@000672c5
000000f7
@000612c6
00000012
@000632c6
000000a5
@000652c6
000000cd
@000672c6
000000f7
@000612c7
00000012
@000632c7
000000a5
@000652c7
000000cd
@000672c7
000000f7
@000612c8
00000012
@000632c8
000000a5
@000652c8
000000cd
@000672c8
000000f7
@000612c9
00000012
@000632c9
000000a5
@000652c9
000000cd
@000672c9
000000f7
@000612ca
00000012
@000632ca
000000a5
@000652ca
000000cd
@000672ca
000000f7
@000612cb
00000012
@000632cb
000000a5
@000652cb
000000cd
@000672cb
000000f7
@000612cc
00000012
@000632cc
000000a5
@000652cc
000000cd
@000672cc
000000f7
@000612cd
00000012
@000632cd
000000a5
@000652cd
000000cd
@000672cd
000000f7
@000612ce
00000012
@000632ce
000000a5
@000652ce
000000cd
@000672ce
000000f7
@000612cf
00000012
@000632cf
000000a5
@000652cf
000000cd
@000672cf
000000f7
@000612d0
00000012
@000632d0
000000a5
@000652d0
000000cd
@000672d0
000000f7
@000612d1
00000012
@000632d1
000000a5
@000652d1
000000cd
@000672d1
000000f7
@000612d2
00000012
@000632d2
000000a5
@000652d2
000000cd
@000672d2
000000f7
@000612d3
00000012
@000632d3
000000a5
@000652d3
000000cd
@000672d3
000000f7
@000612d4
00000012
@000632d4
000000a5
@000652d4
000000cd
@000672d4
000000f7
@000612d5
00000012
@000632d5
000000a5
@000652d5
000000cd
@000672d5
000000f7
@000612d6
00000012
@000632d6
000000a5
@000652d6
000000cd
@000672d6
000000f7
@000612d7
00000012
@000632d7
000000a5
@000652d7
000000cd
@000672d7
000000f7
@000612d8
00000012
@000632d8
000000a5
@000652d8
000000cd
@000672d8
000000f7
@000612d9
00000012
@000632d9
000000a5
@000652d9
000000cd
@000672d9
000000f7
@000612da
00000012
@000632da
000000a5
@000652da
000000cd
@000672da
000000f7
@000612db
00000012
@000632db
000000a5
@000652db
000000cd
@000672db
000000f7
@000612dc
00000012
@000632dc
000000a5
@000652dc
000000cd
@000672dc
000000f7
@000612dd
00000012
@000632dd
000000a5
@000652dd
000000cd
@000672dd
000000f7
@000612de
00000012
@000632de
000000a5
@000652de
000000cd
@000672de
000000f7
@000612df
00000012
@000632df
000000a5
@000652df
000000cd
@000672df
000000f7
@000612e0
00000012
@000632e0
000000a5
@000652e0
000000cd
@000672e0
000000f7
@000612e1
00000012
@000632e1
000000a5
@000652e1
000000cd
@000672e1
000000f7
@000612e2
00000012
@000632e2
000000a5
@000652e2
000000cd
@000672e2
000000f7
@000612e3
00000012
@000632e3
000000a5
@000652e3
000000cd
@000672e3
000000f7
@000612e4
00000012
@000632e4
000000a5
@000652e4
000000cd
@000672e4
000000f7
@000612e5
00000012
@000632e5
000000a5
@000652e5
000000cd
@000672e5
000000f7
@000612e6
00000012
@000632e6
000000a5
@000652e6
000000cd
@000672e6
000000f7
@000612e7
00000012
@000632e7
000000a5
@000652e7
000000cd
@000672e7
000000f7
@000612e8
00000012
@000632e8
000000a5
@000652e8
000000cd
@000672e8
000000f7
@000612e9
00000012
@000632e9
000000a5
@000652e9
000000cd
@000672e9
000000f7
@000612ea
00000012
@000632ea
000000a5
@000652ea
000000cd
@000672ea
000000f7
@000612eb
00000012
@000632eb
000000a5
@000652eb
000000cd
@000672eb
000000f7
@000612ec
00000012
@000632ec
000000a5
@000652ec
000000cd
@000672ec
000000f7
@000612ed
00000012
@000632ed
000000a5
@000652ed
000000cd
@000672ed
000000f7
@000612ee
00000012
@000632ee
000000a5
@000652ee
000000cd
@000672ee
000000f7
@000612ef
00000012
@000632ef
000000a5
@000652ef
000000cd
@000672ef
000000f7
@000612f0
00000012
@000632f0
000000a5
@000652f0
000000cd
@000672f0
000000f7
@000612f1
00000012
@000632f1
000000a5
@000652f1
000000cd
@000672f1
000000f7
@000612f2
00000012
@000632f2
000000a5
@000652f2
000000cd
@000672f2
000000f7
@000612f3
00000012
@000632f3
000000a5
@000652f3
000000cd
@000672f3
000000f7
@000612f4
00000012
@000632f4
000000a5
@000652f4
000000cd
@000672f4
000000f7
@000612f5
00000012
@000632f5
000000a5
@000652f5
000000cd
@000672f5
000000f7
@000612f6
00000012
@000632f6
000000a5
@000652f6
000000cd
@000672f6
000000f7
@000612f7
00000012
@000632f7
000000a5
@000652f7
000000cd
@000672f7
000000f7
@000612f8
00000012
@000632f8
000000a5
@000652f8
000000cd
@000672f8
000000f7
@000612f9
00000012
@000632f9
000000a5
@000652f9
000000cd
@000672f9
000000f7
@000612fa
00000012
@000632fa
000000a5
@000652fa
000000cd
@000672fa
000000f7
@000612fb
00000012
@000632fb
000000a5
@000652fb
000000cd
@000672fb
000000f7
@000612fc
00000012
@000632fc
000000a5
@000652fc
000000cd
@000672fc
000000f7
@000612fd
00000012
@000632fd
000000a5
@000652fd
000000cd
@000672fd
000000f7
@000612fe
00000012
@000632fe
000000a5
@000652fe
000000cd
@000672fe
000000f7
@000612ff
00000012
@000632ff
000000a5
@000652ff
000000cd
@000672ff
000000f7
@00061300
00000012
@00063300
000000a5
@00065300
000000cd
@00067300
000000f7
@00061301
00000012
@00063301
000000a5
@00065301
000000cd
@00067301
000000f7
@00061302
00000012
@00063302
000000a5
@00065302
000000cd
@00067302
000000f7
@00061303
00000012
@00063303
000000a5
@00065303
000000cd
@00067303
000000f7
@00061304
00000012
@00063304
000000a5
@00065304
000000cd
@00067304
000000f7
@00061305
00000012
@00063305
000000a5
@00065305
000000cd
@00067305
000000f7
@00061306
00000012
@00063306
000000a5
@00065306
000000cd
@00067306
000000f7
@00061307
00000012
@00063307
000000a5
@00065307
000000cd
@00067307
000000f7
@00061308
00000012
@00063308
000000a5
@00065308
000000cd
@00067308
000000f7
@00061309
00000012
@00063309
000000a5
@00065309
000000cd
@00067309
000000f7
@0006130a
00000012
@0006330a
000000a5
@0006530a
000000cd
@0006730a
000000f7
@0006130b
00000012
@0006330b
000000a5
@0006530b
000000cd
@0006730b
000000f7
@0006130c
00000012
@0006330c
000000a5
@0006530c
000000cd
@0006730c
000000f7
@0006130d
00000012
@0006330d
000000a5
@0006530d
000000cd
@0006730d
000000f7
@0006130e
00000012
@0006330e
000000a5
@0006530e
000000cd
@0006730e
000000f7
@0006130f
00000012
@0006330f
000000a5
@0006530f
000000cd
@0006730f
000000f7
@00061310
00000012
@00063310
000000a5
@00065310
000000cd
@00067310
000000f7
@00061311
00000012
@00063311
000000a5
@00065311
000000cd
@00067311
000000f7
@00061312
00000012
@00063312
000000a5
@00065312
000000cd
@00067312
000000f7
@00061313
00000012
@00063313
000000a5
@00065313
000000cd
@00067313
000000f7
@00061314
00000012
@00063314
000000a5
@00065314
000000cd
@00067314
000000f7
@00061315
00000012
@00063315
000000a5
@00065315
000000cd
@00067315
000000f7
@00061316
00000012
@00063316
000000a5
@00065316
000000cd
@00067316
000000f7
@00061317
00000012
@00063317
000000a5
@00065317
000000cd
@00067317
000000f7
@00061318
00000012
@00063318
000000a5
@00065318
000000cd
@00067318
000000f7
@00061319
00000012
@00063319
000000a5
@00065319
000000cd
@00067319
000000f7
@0006131a
00000012
@0006331a
000000a5
@0006531a
000000cd
@0006731a
000000f7
@0006131b
00000012
@0006331b
000000a5
@0006531b
000000cd
@0006731b
000000f7
@0006131c
00000012
@0006331c
000000a5
@0006531c
000000cd
@0006731c
000000f7
@0006131d
00000012
@0006331d
000000a5
@0006531d
000000cd
@0006731d
000000f7
@0006131e
00000012
@0006331e
000000a5
@0006531e
000000cd
@0006731e
000000f7
@0006131f
00000012
@0006331f
000000a5
@0006531f
000000cd
@0006731f
000000f7
@00061320
00000012
@00063320
000000a5
@00065320
000000cd
@00067320
000000f7
@00061321
00000012
@00063321
000000a5
@00065321
000000cd
@00067321
000000f7
@00061322
00000012
@00063322
000000a5
@00065322
000000cd
@00067322
000000f7
@00061323
00000012
@00063323
000000a5
@00065323
000000cd
@00067323
000000f7
@00061324
00000012
@00063324
000000a5
@00065324
000000cd
@00067324
000000f7
@00061325
00000012
@00063325
000000a5
@00065325
000000cd
@00067325
000000f7
@00061326
00000012
@00063326
000000a5
@00065326
000000cd
@00067326
000000f7
@00061327
00000012
@00063327
000000a5
@00065327
000000cd
@00067327
000000f7
@00061328
00000012
@00063328
000000a5
@00065328
000000cd
@00067328
000000f7
@00061329
00000012
@00063329
000000a5
@00065329
000000cd
@00067329
000000f7
@0006132a
00000012
@0006332a
000000a5
@0006532a
000000cd
@0006732a
000000f7
@0006132b
00000012
@0006332b
000000a5
@0006532b
000000cd
@0006732b
000000f7
@0006132c
00000012
@0006332c
000000a5
@0006532c
000000cd
@0006732c
000000f7
@0006132d
00000012
@0006332d
000000a5
@0006532d
000000cd
@0006732d
000000f7
@0006132e
00000012
@0006332e
000000a5
@0006532e
000000cd
@0006732e
000000f7
@0006132f
00000012
@0006332f
000000a5
@0006532f
000000cd
@0006732f
000000f7
@00061330
00000012
@00063330
000000a5
@00065330
000000cd
@00067330
000000f7
@00061331
00000012
@00063331
000000a5
@00065331
000000cd
@00067331
000000f7
@00061332
00000012
@00063332
000000a5
@00065332
000000cd
@00067332
000000f7
@00061333
00000012
@00063333
000000a5
@00065333
000000cd
@00067333
000000f7
@00061334
00000012
@00063334
000000a5
@00065334
000000cd
@00067334
000000f7
@00061335
00000012
@00063335
000000a5
@00065335
000000cd
@00067335
000000f7
@00061336
00000012
@00063336
000000a5
@00065336
000000cd
@00067336
000000f7
@00061337
00000012
@00063337
000000a5
@00065337
000000cd
@00067337
000000f7
@00061338
00000012
@00063338
000000a5
@00065338
000000cd
@00067338
000000f7
@00061339
00000012
@00063339
000000a5
@00065339
000000cd
@00067339
000000f7
@0006133a
00000012
@0006333a
000000a5
@0006533a
000000cd
@0006733a
000000f7
@0006133b
00000012
@0006333b
000000a5
@0006533b
000000cd
@0006733b
000000f7
@0006133c
00000012
@0006333c
000000a5
@0006533c
000000cd
@0006733c
000000f7
@0006133d
00000012
@0006333d
000000a5
@0006533d
000000cd
@0006733d
000000f7
@0006133e
00000012
@0006333e
000000a5
@0006533e
000000cd
@0006733e
000000f7
@0006133f
00000012
@0006333f
000000a5
@0006533f
000000cd
@0006733f
000000f7
@00061340
00000012
@00063340
000000a5
@00065340
000000cd
@00067340
000000f7
@00061341
00000012
@00063341
000000a5
@00065341
000000cd
@00067341
000000f7
@00061342
00000012
@00063342
000000a5
@00065342
000000cd
@00067342
000000f7
@00061343
00000012
@00063343
000000a5
@00065343
000000cd
@00067343
000000f7
@00061344
00000012
@00063344
000000a5
@00065344
000000cd
@00067344
000000f7
@00061345
00000012
@00063345
000000a5
@00065345
000000cd
@00067345
000000f7
@00061346
00000012
@00063346
000000a5
@00065346
000000cd
@00067346
000000f7
@00061347
00000012
@00063347
000000a5
@00065347
000000cd
@00067347
000000f7
@00061348
00000012
@00063348
000000a5
@00065348
000000cd
@00067348
000000f7
@00061349
00000012
@00063349
000000a5
@00065349
000000cd
@00067349
000000f7
@0006134a
00000012
@0006334a
000000a5
@0006534a
000000cd
@0006734a
000000f7
@0006134b
00000012
@0006334b
000000a5
@0006534b
000000cd
@0006734b
000000f7
@0006134c
00000012
@0006334c
000000a5
@0006534c
000000cd
@0006734c
000000f7
@0006134d
00000012
@0006334d
000000a5
@0006534d
000000cd
@0006734d
000000f7
@0006134e
00000012
@0006334e
000000a5
@0006534e
000000cd
@0006734e
000000f7
@0006134f
00000012
@0006334f
000000a5
@0006534f
000000cd
@0006734f
000000f7
@00061350
00000012
@00063350
000000a5
@00065350
000000cd
@00067350
000000f7
@00061351
00000012
@00063351
000000a5
@00065351
000000cd
@00067351
000000f7
@00061352
00000012
@00063352
000000a5
@00065352
000000cd
@00067352
000000f7
@00061353
00000012
@00063353
000000a5
@00065353
000000cd
@00067353
000000f7
@00061354
00000012
@00063354
000000a5
@00065354
000000cd
@00067354
000000f7
@00061355
00000012
@00063355
000000a5
@00065355
000000cd
@00067355
000000f7
@00061356
00000012
@00063356
000000a5
@00065356
000000cd
@00067356
000000f7
@00061357
00000012
@00063357
000000a5
@00065357
000000cd
@00067357
000000f7
@00061358
00000012
@00063358
000000a5
@00065358
000000cd
@00067358
000000f7
@00061359
00000012
@00063359
000000a5
@00065359
000000cd
@00067359
000000f7
@0006135a
00000012
@0006335a
000000a5
@0006535a
000000cd
@0006735a
000000f7
@0006135b
00000012
@0006335b
000000a5
@0006535b
000000cd
@0006735b
000000f7
@0006135c
00000012
@0006335c
000000a5
@0006535c
000000cd
@0006735c
000000f7
@0006135d
00000012
@0006335d
000000a5
@0006535d
000000cd
@0006735d
000000f7
@0006135e
00000012
@0006335e
000000a5
@0006535e
000000cd
@0006735e
000000f7
@0006135f
00000012
@0006335f
000000a5
@0006535f
000000cd
@0006735f
000000f7
@00061360
00000012
@00063360
000000a5
@00065360
000000cd
@00067360
000000f7
@00061361
00000012
@00063361
000000a5
@00065361
000000cd
@00067361
000000f7
@00061362
00000012
@00063362
000000a5
@00065362
000000cd
@00067362
000000f7
@00061363
00000012
@00063363
000000a5
@00065363
000000cd
@00067363
000000f7
@00061364
00000012
@00063364
000000a5
@00065364
000000cd
@00067364
000000f7
@00061365
00000012
@00063365
000000a5
@00065365
000000cd
@00067365
000000f7
@00061366
00000012
@00063366
000000a5
@00065366
000000cd
@00067366
000000f7
@00061367
00000012
@00063367
000000a5
@00065367
000000cd
@00067367
000000f7
@00061368
00000012
@00063368
000000a5
@00065368
000000cd
@00067368
000000f7
@00061369
00000012
@00063369
000000a5
@00065369
000000cd
@00067369
000000f7
@0006136a
00000012
@0006336a
000000a5
@0006536a
000000cd
@0006736a
000000f7
@0006136b
00000012
@0006336b
000000a5
@0006536b
000000cd
@0006736b
000000f7
@0006136c
00000012
@0006336c
000000a5
@0006536c
000000cd
@0006736c
000000f7
@0006136d
00000012
@0006336d
000000a5
@0006536d
000000cd
@0006736d
000000f7
@0006136e
00000012
@0006336e
000000a5
@0006536e
000000cd
@0006736e
000000f7
@0006136f
00000012
@0006336f
000000a5
@0006536f
000000cd
@0006736f
000000f7
@00061370
00000012
@00063370
000000a5
@00065370
000000cd
@00067370
000000f7
@00061371
00000012
@00063371
000000a5
@00065371
000000cd
@00067371
000000f7
@00061372
00000012
@00063372
000000a5
@00065372
000000cd
@00067372
000000f7
@00061373
00000012
@00063373
000000a5
@00065373
000000cd
@00067373
000000f7
@00061374
00000012
@00063374
000000a5
@00065374
000000cd
@00067374
000000f7
@00061375
00000012
@00063375
000000a5
@00065375
000000cd
@00067375
000000f7
@00061376
00000012
@00063376
000000a5
@00065376
000000cd
@00067376
000000f7
@00061377
00000012
@00063377
000000a5
@00065377
000000cd
@00067377
000000f7
@00061378
00000012
@00063378
000000a5
@00065378
000000cd
@00067378
000000f7
@00061379
00000012
@00063379
000000a5
@00065379
000000cd
@00067379
000000f7
@0006137a
00000012
@0006337a
000000a5
@0006537a
000000cd
@0006737a
000000f7
@0006137b
00000012
@0006337b
000000a5
@0006537b
000000cd
@0006737b
000000f7
@0006137c
00000012
@0006337c
000000a5
@0006537c
000000cd
@0006737c
000000f7
@0006137d
00000012
@0006337d
000000a5
@0006537d
000000cd
@0006737d
000000f7
@0006137e
00000012
@0006337e
000000a5
@0006537e
000000cd
@0006737e
000000f7
@0006137f
00000012
@0006337f
000000a5
@0006537f
000000cd
@0006737f
000000f7
@00061380
00000012
@00063380
000000a5
@00065380
000000cd
@00067380
000000f7
@00061381
00000012
@00063381
000000a5
@00065381
000000cd
@00067381
000000f7
@00061382
00000012
@00063382
000000a5
@00065382
000000cd
@00067382
000000f7
@00061383
00000012
@00063383
000000a5
@00065383
000000cd
@00067383
000000f7
@00061384
00000012
@00063384
000000a5
@00065384
000000cd
@00067384
000000f7
@00061385
00000012
@00063385
000000a5
@00065385
000000cd
@00067385
000000f7
@00061386
00000012
@00063386
000000a5
@00065386
000000cd
@00067386
000000f7
@00061387
00000012
@00063387
000000a5
@00065387
000000cd
@00067387
000000f7
@00061388
00000012
@00063388
000000a5
@00065388
000000cd
@00067388
000000f7
@00061389
00000012
@00063389
000000a5
@00065389
000000cd
@00067389
000000f7
@0006138a
00000012
@0006338a
000000a5
@0006538a
000000cd
@0006738a
000000f7
@0006138b
00000012
@0006338b
000000a5
@0006538b
000000cd
@0006738b
000000f7
@0006138c
00000012
@0006338c
000000a5
@0006538c
000000cd
@0006738c
000000f7
@0006138d
00000012
@0006338d
000000a5
@0006538d
000000cd
@0006738d
000000f7
@0006138e
00000012
@0006338e
000000a5
@0006538e
000000cd
@0006738e
000000f7
@0006138f
00000012
@0006338f
000000a5
@0006538f
000000cd
@0006738f
000000f7
@00061390
00000012
@00063390
000000a5
@00065390
000000cd
@00067390
000000f7
@00061391
00000012
@00063391
000000a5
@00065391
000000cd
@00067391
000000f7
@00061392
00000012
@00063392
000000a5
@00065392
000000cd
@00067392
000000f7
@00061393
00000012
@00063393
000000a5
@00065393
000000cd
@00067393
000000f7
@00061394
00000012
@00063394
000000a5
@00065394
000000cd
@00067394
000000f7
@00061395
00000012
@00063395
000000a5
@00065395
000000cd
@00067395
000000f7
@00061396
00000012
@00063396
000000a5
@00065396
000000cd
@00067396
000000f7
@00061397
00000012
@00063397
000000a5
@00065397
000000cd
@00067397
000000f7
@00061398
00000012
@00063398
000000a5
@00065398
000000cd
@00067398
000000f7
@00061399
00000012
@00063399
000000a5
@00065399
000000cd
@00067399
000000f7
@0006139a
00000012
@0006339a
000000a5
@0006539a
000000cd
@0006739a
000000f7
@0006139b
00000012
@0006339b
000000a5
@0006539b
000000cd
@0006739b
000000f7
@0006139c
00000012
@0006339c
000000a5
@0006539c
000000cd
@0006739c
000000f7
@0006139d
00000012
@0006339d
000000a5
@0006539d
000000cd
@0006739d
000000f7
@0006139e
00000012
@0006339e
000000a5
@0006539e
000000cd
@0006739e
000000f7
@0006139f
00000012
@0006339f
000000a5
@0006539f
000000cd
@0006739f
000000f7
@000613a0
00000012
@000633a0
000000a5
@000653a0
000000cd
@000673a0
000000f7
@000613a1
00000012
@000633a1
000000a5
@000653a1
000000cd
@000673a1
000000f7
@000613a2
00000012
@000633a2
000000a5
@000653a2
000000cd
@000673a2
000000f7
@000613a3
00000012
@000633a3
000000a5
@000653a3
000000cd
@000673a3
000000f7
@000613a4
00000012
@000633a4
000000a5
@000653a4
000000cd
@000673a4
000000f7
@000613a5
00000012
@000633a5
000000a5
@000653a5
000000cd
@000673a5
000000f7
@000613a6
00000012
@000633a6
000000a5
@000653a6
000000cd
@000673a6
000000f7
@000613a7
00000012
@000633a7
000000a5
@000653a7
000000cd
@000673a7
000000f7
@000613a8
00000012
@000633a8
000000a5
@000653a8
000000cd
@000673a8
000000f7
@000613a9
00000012
@000633a9
000000a5
@000653a9
000000cd
@000673a9
000000f7
@000613aa
00000012
@000633aa
000000a5
@000653aa
000000cd
@000673aa
000000f7
@000613ab
00000012
@000633ab
000000a5
@000653ab
000000cd
@000673ab
000000f7
@000613ac
00000012
@000633ac
000000a5
@000653ac
000000cd
@000673ac
000000f7
@000613ad
00000012
@000633ad
000000a5
@000653ad
000000cd
@000673ad
000000f7
@000613ae
00000012
@000633ae
000000a5
@000653ae
000000cd
@000673ae
000000f7
@000613af
00000012
@000633af
000000a5
@000653af
000000cd
@000673af
000000f7
@000613b0
00000012
@000633b0
000000a5
@000653b0
000000cd
@000673b0
000000f7
@000613b1
00000012
@000633b1
000000a5
@000653b1
000000cd
@000673b1
000000f7
@000613b2
00000012
@000633b2
000000a5
@000653b2
000000cd
@000673b2
000000f7
@000613b3
00000012
@000633b3
000000a5
@000653b3
000000cd
@000673b3
000000f7
@000613b4
00000012
@000633b4
000000a5
@000653b4
000000cd
@000673b4
000000f7
@000613b5
00000012
@000633b5
000000a5
@000653b5
000000cd
@000673b5
000000f7
@000613b6
00000012
@000633b6
000000a5
@000653b6
000000cd
@000673b6
000000f7
@000613b7
00000012
@000633b7
000000a5
@000653b7
000000cd
@000673b7
000000f7
@000613b8
00000012
@000633b8
000000a5
@000653b8
000000cd
@000673b8
000000f7
@000613b9
00000012
@000633b9
000000a5
@000653b9
000000cd
@000673b9
000000f7
@000613ba
00000012
@000633ba
000000a5
@000653ba
000000cd
@000673ba
000000f7
@000613bb
00000012
@000633bb
000000a5
@000653bb
000000cd
@000673bb
000000f7
@000613bc
00000012
@000633bc
000000a5
@000653bc
000000cd
@000673bc
000000f7
@000613bd
00000012
@000633bd
000000a5
@000653bd
000000cd
@000673bd
000000f7
@000613be
00000012
@000633be
000000a5
@000653be
000000cd
@000673be
000000f7
@000613bf
00000012
@000633bf
000000a5
@000653bf
000000cd
@000673bf
000000f7
@000613c0
00000012
@000633c0
000000a5
@000653c0
000000cd
@000673c0
000000f7
@000613c1
00000012
@000633c1
000000a5
@000653c1
000000cd
@000673c1
000000f7
@000613c2
00000012
@000633c2
000000a5
@000653c2
000000cd
@000673c2
000000f7
@000613c3
00000012
@000633c3
000000a5
@000653c3
000000cd
@000673c3
000000f7
@000613c4
00000012
@000633c4
000000a5
@000653c4
000000cd
@000673c4
000000f7
@000613c5
00000012
@000633c5
000000a5
@000653c5
000000cd
@000673c5
000000f7
@000613c6
00000012
@000633c6
000000a5
@000653c6
000000cd
@000673c6
000000f7
@000613c7
00000012
@000633c7
000000a5
@000653c7
000000cd
@000673c7
000000f7
@000613c8
00000012
@000633c8
000000a5
@000653c8
000000cd
@000673c8
000000f7
@000613c9
00000012
@000633c9
000000a5
@000653c9
000000cd
@000673c9
000000f7
@000613ca
00000012
@000633ca
000000a5
@000653ca
000000cd
@000673ca
000000f7
@000613cb
00000012
@000633cb
000000a5
@000653cb
000000cd
@000673cb
000000f7
@000613cc
00000012
@000633cc
000000a5
@000653cc
000000cd
@000673cc
000000f7
@000613cd
00000012
@000633cd
000000a5
@000653cd
000000cd
@000673cd
000000f7
@000613ce
00000012
@000633ce
000000a5
@000653ce
000000cd
@000673ce
000000f7
@000613cf
00000012
@000633cf
000000a5
@000653cf
000000cd
@000673cf
000000f7
@000613d0
00000012
@000633d0
000000a5
@000653d0
000000cd
@000673d0
000000f7
@000613d1
00000012
@000633d1
000000a5
@000653d1
000000cd
@000673d1
000000f7
@000613d2
00000012
@000633d2
000000a5
@000653d2
000000cd
@000673d2
000000f7
@000613d3
00000012
@000633d3
000000a5
@000653d3
000000cd
@000673d3
000000f7
@000613d4
00000012
@000633d4
000000a5
@000653d4
000000cd
@000673d4
000000f7
@000613d5
00000012
@000633d5
000000a5
@000653d5
000000cd
@000673d5
000000f7
@000613d6
00000012
@000633d6
000000a5
@000653d6
000000cd
@000673d6
000000f7
@000613d7
00000012
@000633d7
000000a5
@000653d7
000000cd
@000673d7
000000f7
@000613d8
00000012
@000633d8
000000a5
@000653d8
000000cd
@000673d8
000000f7
@000613d9
00000012
@000633d9
000000a5
@000653d9
000000cd
@000673d9
000000f7
@000613da
00000012
@000633da
000000a5
@000653da
000000cd
@000673da
000000f7
@000613db
00000012
@000633db
000000a5
@000653db
000000cd
@000673db
000000f7
@000613dc
00000012
@000633dc
000000a5
@000653dc
000000cd
@000673dc
000000f7
@000613dd
00000012
@000633dd
000000a5
@000653dd
000000cd
@000673dd
000000f7
@000613de
00000012
@000633de
000000a5
@000653de
000000cd
@000673de
000000f7
@000613df
00000012
@000633df
000000a5
@000653df
000000cd
@000673df
000000f7
@000613e0
00000012
@000633e0
000000a5
@000653e0
000000cd
@000673e0
000000f7
@000613e1
00000012
@000633e1
000000a5
@000653e1
000000cd
@000673e1
000000f7
@000613e2
00000012
@000633e2
000000a5
@000653e2
000000cd
@000673e2
000000f7
@000613e3
00000012
@000633e3
000000a5
@000653e3
000000cd
@000673e3
000000f7
@000613e4
00000012
@000633e4
000000a5
@000653e4
000000cd
@000673e4
000000f7
@000613e5
00000012
@000633e5
000000a5
@000653e5
000000cd
@000673e5
000000f7
@000613e6
00000012
@000633e6
000000a5
@000653e6
000000cd
@000673e6
000000f7
@000613e7
00000012
@000633e7
000000a5
@000653e7
000000cd
@000673e7
000000f7
@000613e8
00000012
@000633e8
000000a5
@000653e8
000000cd
@000673e8
000000f7
@000613e9
00000012
@000633e9
000000a5
@000653e9
000000cd
@000673e9
000000f7
@000613ea
00000012
@000633ea
000000a5
@000653ea
000000cd
@000673ea
000000f7
@000613eb
00000012
@000633eb
000000a5
@000653eb
000000cd
@000673eb
000000f7
@000613ec
00000012
@000633ec
000000a5
@000653ec
000000cd
@000673ec
000000f7
@000613ed
00000012
@000633ed
000000a5
@000653ed
000000cd
@000673ed
000000f7
@000613ee
00000012
@000633ee
000000a5
@000653ee
000000cd
@000673ee
000000f7
@000613ef
00000012
@000633ef
000000a5
@000653ef
000000cd
@000673ef
000000f7
@000613f0
00000012
@000633f0
000000a5
@000653f0
000000cd
@000673f0
000000f7
@000613f1
00000012
@000633f1
000000a5
@000653f1
000000cd
@000673f1
000000f7
@000613f2
00000012
@000633f2
000000a5
@000653f2
000000cd
@000673f2
000000f7
@000613f3
00000012
@000633f3
000000a5
@000653f3
000000cd
@000673f3
000000f7
@000613f4
00000012
@000633f4
000000a5
@000653f4
000000cd
@000673f4
000000f7
@000613f5
00000012
@000633f5
000000a5
@000653f5
000000cd
@000673f5
000000f7
@000613f6
00000012
@000633f6
000000a5
@000653f6
000000cd
@000673f6
000000f7
@000613f7
00000012
@000633f7
000000a5
@000653f7
000000cd
@000673f7
000000f7
@000613f8
00000012
@000633f8
000000a5
@000653f8
000000cd
@000673f8
000000f7
@000613f9
00000012
@000633f9
000000a5
@000653f9
000000cd
@000673f9
000000f7
@000613fa
00000012
@000633fa
000000a5
@000653fa
000000cd
@000673fa
000000f7
@000613fb
00000012
@000633fb
000000a5
@000653fb
000000cd
@000673fb
000000f7
@000613fc
00000012
@000633fc
000000a5
@000653fc
000000cd
@000673fc
000000f7
@000613fd
00000012
@000633fd
000000a5
@000653fd
000000cd
@000673fd
000000f7
@000613fe
00000012
@000633fe
000000a5
@000653fe
000000cd
@000673fe
000000f7
@000613ff
00000012
@000633ff
000000a5
@000653ff
000000cd
@000673ff
000000f7
@00061400
00000012
@00063400
000000a5
@00065400
000000cd
@00067400
000000f7
@00061401
00000012
@00063401
000000a5
@00065401
000000cd
@00067401
000000f7
@00061402
00000012
@00063402
000000a5
@00065402
000000cd
@00067402
000000f7
@00061403
00000012
@00063403
000000a5
@00065403
000000cd
@00067403
000000f7
@00061404
00000012
@00063404
000000a5
@00065404
000000cd
@00067404
000000f7
@00061405
00000012
@00063405
000000a5
@00065405
000000cd
@00067405
000000f7
@00061406
00000012
@00063406
000000a5
@00065406
000000cd
@00067406
000000f7
@00061407
00000012
@00063407
000000a5
@00065407
000000cd
@00067407
000000f7
@00061408
00000012
@00063408
000000a5
@00065408
000000cd
@00067408
000000f7
@00061409
00000012
@00063409
000000a5
@00065409
000000cd
@00067409
000000f7
@0006140a
00000012
@0006340a
000000a5
@0006540a
000000cd
@0006740a
000000f7
@0006140b
00000012
@0006340b
000000a5
@0006540b
000000cd
@0006740b
000000f7
@0006140c
00000012
@0006340c
000000a5
@0006540c
000000cd
@0006740c
000000f7
@0006140d
00000012
@0006340d
000000a5
@0006540d
000000cd
@0006740d
000000f7
@0006140e
00000012
@0006340e
000000a5
@0006540e
000000cd
@0006740e
000000f7
@0006140f
00000012
@0006340f
000000a5
@0006540f
000000cd
@0006740f
000000f7
@00061410
00000012
@00063410
000000a5
@00065410
000000cd
@00067410
000000f7
@00061411
00000012
@00063411
000000a5
@00065411
000000cd
@00067411
000000f7
@00061412
00000012
@00063412
000000a5
@00065412
000000cd
@00067412
000000f7
@00061413
00000012
@00063413
000000a5
@00065413
000000cd
@00067413
000000f7
@00061414
00000012
@00063414
000000a5
@00065414
000000cd
@00067414
000000f7
@00061415
00000012
@00063415
000000a5
@00065415
000000cd
@00067415
000000f7
@00061416
00000012
@00063416
000000a5
@00065416
000000cd
@00067416
000000f7
@00061417
00000012
@00063417
000000a5
@00065417
000000cd
@00067417
000000f7
@00061418
00000012
@00063418
000000a5
@00065418
000000cd
@00067418
000000f7
@00061419
00000012
@00063419
000000a5
@00065419
000000cd
@00067419
000000f7
@0006141a
00000012
@0006341a
000000a5
@0006541a
000000cd
@0006741a
000000f7
@0006141b
00000012
@0006341b
000000a5
@0006541b
000000cd
@0006741b
000000f7
@0006141c
00000012
@0006341c
000000a5
@0006541c
000000cd
@0006741c
000000f7
@0006141d
00000012
@0006341d
000000a5
@0006541d
000000cd
@0006741d
000000f7
@0006141e
00000012
@0006341e
000000a5
@0006541e
000000cd
@0006741e
000000f7
@0006141f
00000012
@0006341f
000000a5
@0006541f
000000cd
@0006741f
000000f7
@00061420
00000012
@00063420
000000a5
@00065420
000000cd
@00067420
000000f7
@00061421
00000012
@00063421
000000a5
@00065421
000000cd
@00067421
000000f7
@00061422
00000012
@00063422
000000a5
@00065422
000000cd
@00067422
000000f7
@00061423
00000012
@00063423
000000a5
@00065423
000000cd
@00067423
000000f7
@00061424
00000012
@00063424
000000a5
@00065424
000000cd
@00067424
000000f7
@00061425
00000012
@00063425
000000a5
@00065425
000000cd
@00067425
000000f7
@00061426
00000012
@00063426
000000a5
@00065426
000000cd
@00067426
000000f7
@00061427
00000012
@00063427
000000a5
@00065427
000000cd
@00067427
000000f7
@00061428
00000012
@00063428
000000a5
@00065428
000000cd
@00067428
000000f7
@00061429
00000012
@00063429
000000a5
@00065429
000000cd
@00067429
000000f7
@0006142a
00000012
@0006342a
000000a5
@0006542a
000000cd
@0006742a
000000f7
@0006142b
00000012
@0006342b
000000a5
@0006542b
000000cd
@0006742b
000000f7
@0006142c
00000012
@0006342c
000000a5
@0006542c
000000cd
@0006742c
000000f7
@0006142d
00000012
@0006342d
000000a5
@0006542d
000000cd
@0006742d
000000f7
@0006142e
00000012
@0006342e
000000a5
@0006542e
000000cd
@0006742e
000000f7
@0006142f
00000012
@0006342f
000000a5
@0006542f
000000cd
@0006742f
000000f7
@00061430
00000012
@00063430
000000a5
@00065430
000000cd
@00067430
000000f7
@00061431
00000012
@00063431
000000a5
@00065431
000000cd
@00067431
000000f7
@00061432
00000012
@00063432
000000a5
@00065432
000000cd
@00067432
000000f7
@00061433
00000012
@00063433
000000a5
@00065433
000000cd
@00067433
000000f7
@00061434
00000012
@00063434
000000a5
@00065434
000000cd
@00067434
000000f7
@00061435
00000012
@00063435
000000a5
@00065435
000000cd
@00067435
000000f7
@00061436
00000012
@00063436
000000a5
@00065436
000000cd
@00067436
000000f7
@00061437
00000012
@00063437
000000a5
@00065437
000000cd
@00067437
000000f7
@00061438
00000012
@00063438
000000a5
@00065438
000000cd
@00067438
000000f7
@00061439
00000012
@00063439
000000a5
@00065439
000000cd
@00067439
000000f7
@0006143a
00000012
@0006343a
000000a5
@0006543a
000000cd
@0006743a
000000f7
@0006143b
00000012
@0006343b
000000a5
@0006543b
000000cd
@0006743b
000000f7
@0006143c
00000012
@0006343c
000000a5
@0006543c
000000cd
@0006743c
000000f7
@0006143d
00000012
@0006343d
000000a5
@0006543d
000000cd
@0006743d
000000f7
@0006143e
00000012
@0006343e
000000a5
@0006543e
000000cd
@0006743e
000000f7
@0006143f
00000012
@0006343f
000000a5
@0006543f
000000cd
@0006743f
000000f7
@00061440
00000012
@00063440
000000a5
@00065440
000000cd
@00067440
000000f7
@00061441
00000012
@00063441
000000a5
@00065441
000000cd
@00067441
000000f7
@00061442
00000012
@00063442
000000a5
@00065442
000000cd
@00067442
000000f7
@00061443
00000012
@00063443
000000a5
@00065443
000000cd
@00067443
000000f7
@00061444
00000012
@00063444
000000a5
@00065444
000000cd
@00067444
000000f7
@00061445
00000012
@00063445
000000a5
@00065445
000000cd
@00067445
000000f7
@00061446
00000012
@00063446
000000a5
@00065446
000000cd
@00067446
000000f7
@00061447
00000012
@00063447
000000a5
@00065447
000000cd
@00067447
000000f7
@00061448
00000012
@00063448
000000a5
@00065448
000000cd
@00067448
000000f7
@00061449
00000012
@00063449
000000a5
@00065449
000000cd
@00067449
000000f7
@0006144a
00000012
@0006344a
000000a5
@0006544a
000000cd
@0006744a
000000f7
@0006144b
00000012
@0006344b
000000a5
@0006544b
000000cd
@0006744b
000000f7
@0006144c
00000012
@0006344c
000000a5
@0006544c
000000cd
@0006744c
000000f7
@0006144d
00000012
@0006344d
000000a5
@0006544d
000000cd
@0006744d
000000f7
@0006144e
00000012
@0006344e
000000a5
@0006544e
000000cd
@0006744e
000000f7
@0006144f
00000012
@0006344f
000000a5
@0006544f
000000cd
@0006744f
000000f7
@00061450
00000012
@00063450
000000a5
@00065450
000000cd
@00067450
000000f7
@00061451
00000012
@00063451
000000a5
@00065451
000000cd
@00067451
000000f7
@00061452
00000012
@00063452
000000a5
@00065452
000000cd
@00067452
000000f7
@00061453
00000012
@00063453
000000a5
@00065453
000000cd
@00067453
000000f7
@00061454
00000012
@00063454
000000a5
@00065454
000000cd
@00067454
000000f7
@00061455
00000012
@00063455
000000a5
@00065455
000000cd
@00067455
000000f7
@00061456
00000012
@00063456
000000a5
@00065456
000000cd
@00067456
000000f7
@00061457
00000012
@00063457
000000a5
@00065457
000000cd
@00067457
000000f7
@00061458
00000012
@00063458
000000a5
@00065458
000000cd
@00067458
000000f7
@00061459
00000012
@00063459
000000a5
@00065459
000000cd
@00067459
000000f7
@0006145a
00000012
@0006345a
000000a5
@0006545a
000000cd
@0006745a
000000f7
@0006145b
00000012
@0006345b
000000a5
@0006545b
000000cd
@0006745b
000000f7
@0006145c
00000012
@0006345c
000000a5
@0006545c
000000cd
@0006745c
000000f7
@0006145d
00000012
@0006345d
000000a5
@0006545d
000000cd
@0006745d
000000f7
@0006145e
00000012
@0006345e
000000a5
@0006545e
000000cd
@0006745e
000000f7
@0006145f
00000012
@0006345f
000000a5
@0006545f
000000cd
@0006745f
000000f7
@00061460
00000012
@00063460
000000a5
@00065460
000000cd
@00067460
000000f7
@00061461
00000012
@00063461
000000a5
@00065461
000000cd
@00067461
000000f7
@00061462
00000012
@00063462
000000a5
@00065462
000000cd
@00067462
000000f7
@00061463
00000012
@00063463
000000a5
@00065463
000000cd
@00067463
000000f7
@00061464
00000012
@00063464
000000a5
@00065464
000000cd
@00067464
000000f7
@00061465
00000012
@00063465
000000a5
@00065465
000000cd
@00067465
000000f7
@00061466
00000012
@00063466
000000a5
@00065466
000000cd
@00067466
000000f7
@00061467
00000012
@00063467
000000a5
@00065467
000000cd
@00067467
000000f7
@00061468
00000012
@00063468
000000a5
@00065468
000000cd
@00067468
000000f7
@00061469
00000012
@00063469
000000a5
@00065469
000000cd
@00067469
000000f7
@0006146a
00000012
@0006346a
000000a5
@0006546a
000000cd
@0006746a
000000f7
@0006146b
00000012
@0006346b
000000a5
@0006546b
000000cd
@0006746b
000000f7
@0006146c
00000012
@0006346c
000000a5
@0006546c
000000cd
@0006746c
000000f7
@0006146d
00000012
@0006346d
000000a5
@0006546d
000000cd
@0006746d
000000f7
@0006146e
00000012
@0006346e
000000a5
@0006546e
000000cd
@0006746e
000000f7
@0006146f
00000012
@0006346f
000000a5
@0006546f
000000cd
@0006746f
000000f7
@00061470
00000012
@00063470
000000a5
@00065470
000000cd
@00067470
000000f7
@00061471
00000012
@00063471
000000a5
@00065471
000000cd
@00067471
000000f7
@00061472
00000012
@00063472
000000a5
@00065472
000000cd
@00067472
000000f7
@00061473
00000012
@00063473
000000a5
@00065473
000000cd
@00067473
000000f7
@00061474
00000012
@00063474
000000a5
@00065474
000000cd
@00067474
000000f7
@00061475
00000012
@00063475
000000a5
@00065475
000000cd
@00067475
000000f7
@00061476
00000012
@00063476
000000a5
@00065476
000000cd
@00067476
000000f7
@00061477
00000012
@00063477
000000a5
@00065477
000000cd
@00067477
000000f7
@00061478
00000012
@00063478
000000a5
@00065478
000000cd
@00067478
000000f7
@00061479
00000012
@00063479
000000a5
@00065479
000000cd
@00067479
000000f7
@0006147a
00000012
@0006347a
000000a5
@0006547a
000000cd
@0006747a
000000f7
@0006147b
00000012
@0006347b
000000a5
@0006547b
000000cd
@0006747b
000000f7
@0006147c
00000012
@0006347c
000000a5
@0006547c
000000cd
@0006747c
000000f7
@0006147d
00000012
@0006347d
000000a5
@0006547d
000000cd
@0006747d
000000f7
@0006147e
00000012
@0006347e
000000a5
@0006547e
000000cd
@0006747e
000000f7
@0006147f
00000012
@0006347f
000000a5
@0006547f
000000cd
@0006747f
000000f7
@00061480
00000012
@00063480
000000a5
@00065480
000000cd
@00067480
000000f7
@00061481
00000012
@00063481
000000a5
@00065481
000000cd
@00067481
000000f7
@00061482
00000012
@00063482
000000a5
@00065482
000000cd
@00067482
000000f7
@00061483
00000012
@00063483
000000a5
@00065483
000000cd
@00067483
000000f7
@00061484
00000012
@00063484
000000a5
@00065484
000000cd
@00067484
000000f7
@00061485
00000012
@00063485
000000a5
@00065485
000000cd
@00067485
000000f7
@00061486
00000012
@00063486
000000a5
@00065486
000000cd
@00067486
000000f7
@00061487
00000012
@00063487
000000a5
@00065487
000000cd
@00067487
000000f7
@00061488
00000012
@00063488
000000a5
@00065488
000000cd
@00067488
000000f7
@00061489
00000012
@00063489
000000a5
@00065489
000000cd
@00067489
000000f7
@0006148a
00000012
@0006348a
000000a5
@0006548a
000000cd
@0006748a
000000f7
@0006148b
00000012
@0006348b
000000a5
@0006548b
000000cd
@0006748b
000000f7
@0006148c
00000012
@0006348c
000000a5
@0006548c
000000cd
@0006748c
000000f7
@0006148d
00000012
@0006348d
000000a5
@0006548d
000000cd
@0006748d
000000f7
@0006148e
00000012
@0006348e
000000a5
@0006548e
000000cd
@0006748e
000000f7
@0006148f
00000012
@0006348f
000000a5
@0006548f
000000cd
@0006748f
000000f7
@00061490
00000012
@00063490
000000a5
@00065490
000000cd
@00067490
000000f7
@00061491
00000012
@00063491
000000a5
@00065491
000000cd
@00067491
000000f7
@00061492
00000012
@00063492
000000a5
@00065492
000000cd
@00067492
000000f7
@00061493
00000012
@00063493
000000a5
@00065493
000000cd
@00067493
000000f7
@00061494
00000012
@00063494
000000a5
@00065494
000000cd
@00067494
000000f7
@00061495
00000012
@00063495
000000a5
@00065495
000000cd
@00067495
000000f7
@00061496
00000012
@00063496
000000a5
@00065496
000000cd
@00067496
000000f7
@00061497
00000012
@00063497
000000a5
@00065497
000000cd
@00067497
000000f7
@00061498
00000012
@00063498
000000a5
@00065498
000000cd
@00067498
000000f7
@00061499
00000012
@00063499
000000a5
@00065499
000000cd
@00067499
000000f7
@0006149a
00000012
@0006349a
000000a5
@0006549a
000000cd
@0006749a
000000f7
@0006149b
00000012
@0006349b
000000a5
@0006549b
000000cd
@0006749b
000000f7
@0006149c
00000012
@0006349c
000000a5
@0006549c
000000cd
@0006749c
000000f7
@0006149d
00000012
@0006349d
000000a5
@0006549d
000000cd
@0006749d
000000f7
@0006149e
00000012
@0006349e
000000a5
@0006549e
000000cd
@0006749e
000000f7
@0006149f
00000012
@0006349f
000000a5
@0006549f
000000cd
@0006749f
000000f7
@000614a0
00000012
@000634a0
000000a5
@000654a0
000000cd
@000674a0
000000f7
@000614a1
00000012
@000634a1
000000a5
@000654a1
000000cd
@000674a1
000000f7
@000614a2
00000012
@000634a2
000000a5
@000654a2
000000cd
@000674a2
000000f7
@000614a3
00000012
@000634a3
000000a5
@000654a3
000000cd
@000674a3
000000f7
@000614a4
00000012
@000634a4
000000a5
@000654a4
000000cd
@000674a4
000000f7
@000614a5
00000012
@000634a5
000000a5
@000654a5
000000cd
@000674a5
000000f7
@000614a6
00000012
@000634a6
000000a5
@000654a6
000000cd
@000674a6
000000f7
@000614a7
00000012
@000634a7
000000a5
@000654a7
000000cd
@000674a7
000000f7
@000614a8
00000012
@000634a8
000000a5
@000654a8
000000cd
@000674a8
000000f7
@000614a9
00000012
@000634a9
000000a5
@000654a9
000000cd
@000674a9
000000f7
@000614aa
00000012
@000634aa
000000a5
@000654aa
000000cd
@000674aa
000000f7
@000614ab
00000012
@000634ab
000000a5
@000654ab
000000cd
@000674ab
000000f7
@000614ac
00000012
@000634ac
000000a5
@000654ac
000000cd
@000674ac
000000f7
@000614ad
00000012
@000634ad
000000a5
@000654ad
000000cd
@000674ad
000000f7
@000614ae
00000012
@000634ae
000000a5
@000654ae
000000cd
@000674ae
000000f7
@000614af
00000012
@000634af
000000a5
@000654af
000000cd
@000674af
000000f7
@000614b0
00000012
@000634b0
000000a5
@000654b0
000000cd
@000674b0
000000f7
@000614b1
00000012
@000634b1
000000a5
@000654b1
000000cd
@000674b1
000000f7
@000614b2
00000012
@000634b2
000000a5
@000654b2
000000cd
@000674b2
000000f7
@000614b3
00000012
@000634b3
000000a5
@000654b3
000000cd
@000674b3
000000f7
@000614b4
00000012
@000634b4
000000a5
@000654b4
000000cd
@000674b4
000000f7
@000614b5
00000012
@000634b5
000000a5
@000654b5
000000cd
@000674b5
000000f7
@000614b6
00000012
@000634b6
000000a5
@000654b6
000000cd
@000674b6
000000f7
@000614b7
00000012
@000634b7
000000a5
@000654b7
000000cd
@000674b7
000000f7
@000614b8
00000012
@000634b8
000000a5
@000654b8
000000cd
@000674b8
000000f7
@000614b9
00000012
@000634b9
000000a5
@000654b9
000000cd
@000674b9
000000f7
@000614ba
00000012
@000634ba
000000a5
@000654ba
000000cd
@000674ba
000000f7
@000614bb
00000012
@000634bb
000000a5
@000654bb
000000cd
@000674bb
000000f7
@000614bc
00000012
@000634bc
000000a5
@000654bc
000000cd
@000674bc
000000f7
@000614bd
00000012
@000634bd
000000a5
@000654bd
000000cd
@000674bd
000000f7
@000614be
00000012
@000634be
000000a5
@000654be
000000cd
@000674be
000000f7
@000614bf
00000012
@000634bf
000000a5
@000654bf
000000cd
@000674bf
000000f7
@000614c0
00000012
@000634c0
000000a5
@000654c0
000000cd
@000674c0
000000f7
@000614c1
00000012
@000634c1
000000a5
@000654c1
000000cd
@000674c1
000000f7
@000614c2
00000012
@000634c2
000000a5
@000654c2
000000cd
@000674c2
000000f7
@000614c3
00000012
@000634c3
000000a5
@000654c3
000000cd
@000674c3
000000f7
@000614c4
00000012
@000634c4
000000a5
@000654c4
000000cd
@000674c4
000000f7
@000614c5
00000012
@000634c5
000000a5
@000654c5
000000cd
@000674c5
000000f7
@000614c6
00000012
@000634c6
000000a5
@000654c6
000000cd
@000674c6
000000f7
@000614c7
00000012
@000634c7
000000a5
@000654c7
000000cd
@000674c7
000000f7
@000614c8
00000012
@000634c8
000000a5
@000654c8
000000cd
@000674c8
000000f7
@000614c9
00000012
@000634c9
000000a5
@000654c9
000000cd
@000674c9
000000f7
@000614ca
00000012
@000634ca
000000a5
@000654ca
000000cd
@000674ca
000000f7
@000614cb
00000012
@000634cb
000000a5
@000654cb
000000cd
@000674cb
000000f7
@000614cc
00000012
@000634cc
000000a5
@000654cc
000000cd
@000674cc
000000f7
@000614cd
00000012
@000634cd
000000a5
@000654cd
000000cd
@000674cd
000000f7
@000614ce
00000012
@000634ce
000000a5
@000654ce
000000cd
@000674ce
000000f7
@000614cf
00000012
@000634cf
000000a5
@000654cf
000000cd
@000674cf
000000f7
@000614d0
00000012
@000634d0
000000a5
@000654d0
000000cd
@000674d0
000000f7
@000614d1
00000012
@000634d1
000000a5
@000654d1
000000cd
@000674d1
000000f7
@000614d2
00000012
@000634d2
000000a5
@000654d2
000000cd
@000674d2
000000f7
@000614d3
00000012
@000634d3
000000a5
@000654d3
000000cd
@000674d3
000000f7
@000614d4
00000012
@000634d4
000000a5
@000654d4
000000cd
@000674d4
000000f7
@000614d5
00000012
@000634d5
000000a5
@000654d5
000000cd
@000674d5
000000f7
@000614d6
00000012
@000634d6
000000a5
@000654d6
000000cd
@000674d6
000000f7
@000614d7
00000012
@000634d7
000000a5
@000654d7
000000cd
@000674d7
000000f7
@000614d8
00000012
@000634d8
000000a5
@000654d8
000000cd
@000674d8
000000f7
@000614d9
00000012
@000634d9
000000a5
@000654d9
000000cd
@000674d9
000000f7
@000614da
00000012
@000634da
000000a5
@000654da
000000cd
@000674da
000000f7
@000614db
00000012
@000634db
000000a5
@000654db
000000cd
@000674db
000000f7
@000614dc
00000012
@000634dc
000000a5
@000654dc
000000cd
@000674dc
000000f7
@000614dd
00000012
@000634dd
000000a5
@000654dd
000000cd
@000674dd
000000f7
@000614de
00000012
@000634de
000000a5
@000654de
000000cd
@000674de
000000f7
@000614df
00000012
@000634df
000000a5
@000654df
000000cd
@000674df
000000f7
@000614e0
00000012
@000634e0
000000a5
@000654e0
000000cd
@000674e0
000000f7
@000614e1
00000012
@000634e1
000000a5
@000654e1
000000cd
@000674e1
000000f7
@000614e2
00000012
@000634e2
000000a5
@000654e2
000000cd
@000674e2
000000f7
@000614e3
00000012
@000634e3
000000a5
@000654e3
000000cd
@000674e3
000000f7
@000614e4
00000012
@000634e4
000000a5
@000654e4
000000cd
@000674e4
000000f7
@000614e5
00000012
@000634e5
000000a5
@000654e5
000000cd
@000674e5
000000f7
@000614e6
00000012
@000634e6
000000a5
@000654e6
000000cd
@000674e6
000000f7
@000614e7
00000012
@000634e7
000000a5
@000654e7
000000cd
@000674e7
000000f7
@000614e8
00000012
@000634e8
000000a5
@000654e8
000000cd
@000674e8
000000f7
@000614e9
00000012
@000634e9
000000a5
@000654e9
000000cd
@000674e9
000000f7
@000614ea
00000012
@000634ea
000000a5
@000654ea
000000cd
@000674ea
000000f7
@000614eb
00000012
@000634eb
000000a5
@000654eb
000000cd
@000674eb
000000f7
@000614ec
00000012
@000634ec
000000a5
@000654ec
000000cd
@000674ec
000000f7
@000614ed
00000012
@000634ed
000000a5
@000654ed
000000cd
@000674ed
000000f7
@000614ee
00000012
@000634ee
000000a5
@000654ee
000000cd
@000674ee
000000f7
@000614ef
00000012
@000634ef
000000a5
@000654ef
000000cd
@000674ef
000000f7
@000614f0
00000012
@000634f0
000000a5
@000654f0
000000cd
@000674f0
000000f7
@000614f1
00000012
@000634f1
000000a5
@000654f1
000000cd
@000674f1
000000f7
@000614f2
00000012
@000634f2
000000a5
@000654f2
000000cd
@000674f2
000000f7
@000614f3
00000012
@000634f3
000000a5
@000654f3
000000cd
@000674f3
000000f7
@000614f4
00000012
@000634f4
000000a5
@000654f4
000000cd
@000674f4
000000f7
@000614f5
00000012
@000634f5
000000a5
@000654f5
000000cd
@000674f5
000000f7
@000614f6
00000012
@000634f6
000000a5
@000654f6
000000cd
@000674f6
000000f7
@000614f7
00000012
@000634f7
000000a5
@000654f7
000000cd
@000674f7
000000f7
@000614f8
00000012
@000634f8
000000a5
@000654f8
000000cd
@000674f8
000000f7
@000614f9
00000012
@000634f9
000000a5
@000654f9
000000cd
@000674f9
000000f7
@000614fa
00000012
@000634fa
000000a5
@000654fa
000000cd
@000674fa
000000f7
@000614fb
00000012
@000634fb
000000a5
@000654fb
000000cd
@000674fb
000000f7
@000614fc
00000012
@000634fc
000000a5
@000654fc
000000cd
@000674fc
000000f7
@000614fd
00000012
@000634fd
000000a5
@000654fd
000000cd
@000674fd
000000f7
@000614fe
00000012
@000634fe
000000a5
@000654fe
000000cd
@000674fe
000000f7
@000614ff
00000012
@000634ff
000000a5
@000654ff
000000cd
@000674ff
000000f7
@00061500
00000012
@00063500
000000a5
@00065500
000000cd
@00067500
000000f7
@00061501
00000012
@00063501
000000a5
@00065501
000000cd
@00067501
000000f7
@00061502
00000012
@00063502
000000a5
@00065502
000000cd
@00067502
000000f7
@00061503
00000012
@00063503
000000a5
@00065503
000000cd
@00067503
000000f7
@00061504
00000012
@00063504
000000a5
@00065504
000000cd
@00067504
000000f7
@00061505
00000012
@00063505
000000a5
@00065505
000000cd
@00067505
000000f7
@00061506
00000012
@00063506
000000a5
@00065506
000000cd
@00067506
000000f7
@00061507
00000012
@00063507
000000a5
@00065507
000000cd
@00067507
000000f7
@00061508
00000012
@00063508
000000a5
@00065508
000000cd
@00067508
000000f7
@00061509
00000012
@00063509
000000a5
@00065509
000000cd
@00067509
000000f7
@0006150a
00000012
@0006350a
000000a5
@0006550a
000000cd
@0006750a
000000f7
@0006150b
00000012
@0006350b
000000a5
@0006550b
000000cd
@0006750b
000000f7
@0006150c
00000012
@0006350c
000000a5
@0006550c
000000cd
@0006750c
000000f7
@0006150d
00000012
@0006350d
000000a5
@0006550d
000000cd
@0006750d
000000f7
@0006150e
00000012
@0006350e
000000a5
@0006550e
000000cd
@0006750e
000000f7
@0006150f
00000012
@0006350f
000000a5
@0006550f
000000cd
@0006750f
000000f7
@00061510
00000012
@00063510
000000a5
@00065510
000000cd
@00067510
000000f7
@00061511
00000012
@00063511
000000a5
@00065511
000000cd
@00067511
000000f7
@00061512
00000012
@00063512
000000a5
@00065512
000000cd
@00067512
000000f7
@00061513
00000012
@00063513
000000a5
@00065513
000000cd
@00067513
000000f7
@00061514
00000012
@00063514
000000a5
@00065514
000000cd
@00067514
000000f7
@00061515
00000012
@00063515
000000a5
@00065515
000000cd
@00067515
000000f7
@00061516
00000012
@00063516
000000a5
@00065516
000000cd
@00067516
000000f7
@00061517
00000012
@00063517
000000a5
@00065517
000000cd
@00067517
000000f7
@00061518
00000012
@00063518
000000a5
@00065518
000000cd
@00067518
000000f7
@00061519
00000012
@00063519
000000a5
@00065519
000000cd
@00067519
000000f7
@0006151a
00000012
@0006351a
000000a5
@0006551a
000000cd
@0006751a
000000f7
@0006151b
00000012
@0006351b
000000a5
@0006551b
000000cd
@0006751b
000000f7
@0006151c
00000012
@0006351c
000000a5
@0006551c
000000cd
@0006751c
000000f7
@0006151d
00000012
@0006351d
000000a5
@0006551d
000000cd
@0006751d
000000f7
@0006151e
00000012
@0006351e
000000a5
@0006551e
000000cd
@0006751e
000000f7
@0006151f
00000012
@0006351f
000000a5
@0006551f
000000cd
@0006751f
000000f7
@00061520
00000012
@00063520
000000a5
@00065520
000000cd
@00067520
000000f7
@00061521
00000012
@00063521
000000a5
@00065521
000000cd
@00067521
000000f7
@00061522
00000012
@00063522
000000a5
@00065522
000000cd
@00067522
000000f7
@00061523
00000012
@00063523
000000a5
@00065523
000000cd
@00067523
000000f7
@00061524
00000012
@00063524
000000a5
@00065524
000000cd
@00067524
000000f7
@00061525
00000012
@00063525
000000a5
@00065525
000000cd
@00067525
000000f7
@00061526
00000012
@00063526
000000a5
@00065526
000000cd
@00067526
000000f7
@00061527
00000012
@00063527
000000a5
@00065527
000000cd
@00067527
000000f7
@00061528
00000012
@00063528
000000a5
@00065528
000000cd
@00067528
000000f7
@00061529
00000012
@00063529
000000a5
@00065529
000000cd
@00067529
000000f7
@0006152a
00000012
@0006352a
000000a5
@0006552a
000000cd
@0006752a
000000f7
@0006152b
00000012
@0006352b
000000a5
@0006552b
000000cd
@0006752b
000000f7
@0006152c
00000012
@0006352c
000000a5
@0006552c
000000cd
@0006752c
000000f7
@0006152d
00000012
@0006352d
000000a5
@0006552d
000000cd
@0006752d
000000f7
@0006152e
00000012
@0006352e
000000a5
@0006552e
000000cd
@0006752e
000000f7
@0006152f
00000012
@0006352f
000000a5
@0006552f
000000cd
@0006752f
000000f7
@00061530
00000012
@00063530
000000a5
@00065530
000000cd
@00067530
000000f7
@00061531
00000012
@00063531
000000a5
@00065531
000000cd
@00067531
000000f7
@00061532
00000012
@00063532
000000a5
@00065532
000000cd
@00067532
000000f7
@00061533
00000012
@00063533
000000a5
@00065533
000000cd
@00067533
000000f7
@00061534
00000012
@00063534
000000a5
@00065534
000000cd
@00067534
000000f7
@00061535
00000012
@00063535
000000a5
@00065535
000000cd
@00067535
000000f7
@00061536
00000012
@00063536
000000a5
@00065536
000000cd
@00067536
000000f7
@00061537
00000012
@00063537
000000a5
@00065537
000000cd
@00067537
000000f7
@00061538
00000012
@00063538
000000a5
@00065538
000000cd
@00067538
000000f7
@00061539
00000012
@00063539
000000a5
@00065539
000000cd
@00067539
000000f7
@0006153a
00000012
@0006353a
000000a5
@0006553a
000000cd
@0006753a
000000f7
@0006153b
00000012
@0006353b
000000a5
@0006553b
000000cd
@0006753b
000000f7
@0006153c
00000012
@0006353c
000000a5
@0006553c
000000cd
@0006753c
000000f7
@0006153d
00000012
@0006353d
000000a5
@0006553d
000000cd
@0006753d
000000f7
@0006153e
00000012
@0006353e
000000a5
@0006553e
000000cd
@0006753e
000000f7
@0006153f
00000012
@0006353f
000000a5
@0006553f
000000cd
@0006753f
000000f7
@00061540
00000012
@00063540
000000a5
@00065540
000000cd
@00067540
000000f7
@00061541
00000012
@00063541
000000a5
@00065541
000000cd
@00067541
000000f7
@00061542
00000012
@00063542
000000a5
@00065542
000000cd
@00067542
000000f7
@00061543
00000012
@00063543
000000a5
@00065543
000000cd
@00067543
000000f7
@00061544
00000012
@00063544
000000a5
@00065544
000000cd
@00067544
000000f7
@00061545
00000012
@00063545
000000a5
@00065545
000000cd
@00067545
000000f7
@00061546
00000012
@00063546
000000a5
@00065546
000000cd
@00067546
000000f7
@00061547
00000012
@00063547
000000a5
@00065547
000000cd
@00067547
000000f7
@00061548
00000012
@00063548
000000a5
@00065548
000000cd
@00067548
000000f7
@00061549
00000012
@00063549
000000a5
@00065549
000000cd
@00067549
000000f7
@0006154a
00000012
@0006354a
000000a5
@0006554a
000000cd
@0006754a
000000f7
@0006154b
00000012
@0006354b
000000a5
@0006554b
000000cd
@0006754b
000000f7
@0006154c
00000012
@0006354c
000000a5
@0006554c
000000cd
@0006754c
000000f7
@0006154d
00000012
@0006354d
000000a5
@0006554d
000000cd
@0006754d
000000f7
@0006154e
00000012
@0006354e
000000a5
@0006554e
000000cd
@0006754e
000000f7
@0006154f
00000012
@0006354f
000000a5
@0006554f
000000cd
@0006754f
000000f7
@00061550
00000012
@00063550
000000a5
@00065550
000000cd
@00067550
000000f7
@00061551
00000012
@00063551
000000a5
@00065551
000000cd
@00067551
000000f7
@00061552
00000012
@00063552
000000a5
@00065552
000000cd
@00067552
000000f7
@00061553
00000012
@00063553
000000a5
@00065553
000000cd
@00067553
000000f7
@00061554
00000012
@00063554
000000a5
@00065554
000000cd
@00067554
000000f7
@00061555
00000012
@00063555
000000a5
@00065555
000000cd
@00067555
000000f7
@00061556
00000012
@00063556
000000a5
@00065556
000000cd
@00067556
000000f7
@00061557
00000012
@00063557
000000a5
@00065557
000000cd
@00067557
000000f7
@00061558
00000012
@00063558
000000a5
@00065558
000000cd
@00067558
000000f7
@00061559
00000012
@00063559
000000a5
@00065559
000000cd
@00067559
000000f7
@0006155a
00000012
@0006355a
000000a5
@0006555a
000000cd
@0006755a
000000f7
@0006155b
00000012
@0006355b
000000a5
@0006555b
000000cd
@0006755b
000000f7
@0006155c
00000012
@0006355c
000000a5
@0006555c
000000cd
@0006755c
000000f7
@0006155d
00000012
@0006355d
000000a5
@0006555d
000000cd
@0006755d
000000f7
@0006155e
00000012
@0006355e
000000a5
@0006555e
000000cd
@0006755e
000000f7
@0006155f
00000012
@0006355f
000000a5
@0006555f
000000cd
@0006755f
000000f7
@00061560
00000012
@00063560
000000a5
@00065560
000000cd
@00067560
000000f7
@00061561
00000012
@00063561
000000a5
@00065561
000000cd
@00067561
000000f7
@00061562
00000012
@00063562
000000a5
@00065562
000000cd
@00067562
000000f7
@00061563
00000012
@00063563
000000a5
@00065563
000000cd
@00067563
000000f7
@00061564
00000012
@00063564
000000a5
@00065564
000000cd
@00067564
000000f7
@00061565
00000012
@00063565
000000a5
@00065565
000000cd
@00067565
000000f7
@00061566
00000012
@00063566
000000a5
@00065566
000000cd
@00067566
000000f7
@00061567
00000012
@00063567
000000a5
@00065567
000000cd
@00067567
000000f7
@00061568
00000012
@00063568
000000a5
@00065568
000000cd
@00067568
000000f7
@00061569
00000012
@00063569
000000a5
@00065569
000000cd
@00067569
000000f7
@0006156a
00000012
@0006356a
000000a5
@0006556a
000000cd
@0006756a
000000f7
@0006156b
00000012
@0006356b
000000a5
@0006556b
000000cd
@0006756b
000000f7
@0006156c
00000012
@0006356c
000000a5
@0006556c
000000cd
@0006756c
000000f7
@0006156d
00000012
@0006356d
000000a5
@0006556d
000000cd
@0006756d
000000f7
@0006156e
00000012
@0006356e
000000a5
@0006556e
000000cd
@0006756e
000000f7
@0006156f
00000012
@0006356f
000000a5
@0006556f
000000cd
@0006756f
000000f7
@00061570
00000012
@00063570
000000a5
@00065570
000000cd
@00067570
000000f7
@00061571
00000012
@00063571
000000a5
@00065571
000000cd
@00067571
000000f7
@00061572
00000012
@00063572
000000a5
@00065572
000000cd
@00067572
000000f7
@00061573
00000012
@00063573
000000a5
@00065573
000000cd
@00067573
000000f7
@00061574
00000012
@00063574
000000a5
@00065574
000000cd
@00067574
000000f7
@00061575
00000012
@00063575
000000a5
@00065575
000000cd
@00067575
000000f7
@00061576
00000012
@00063576
000000a5
@00065576
000000cd
@00067576
000000f7
@00061577
00000012
@00063577
000000a5
@00065577
000000cd
@00067577
000000f7
@00061578
00000012
@00063578
000000a5
@00065578
000000cd
@00067578
000000f7
@00061579
00000012
@00063579
000000a5
@00065579
000000cd
@00067579
000000f7
@0006157a
00000012
@0006357a
000000a5
@0006557a
000000cd
@0006757a
000000f7
@0006157b
00000012
@0006357b
000000a5
@0006557b
000000cd
@0006757b
000000f7
@0006157c
00000012
@0006357c
000000a5
@0006557c
000000cd
@0006757c
000000f7
@0006157d
00000012
@0006357d
000000a5
@0006557d
000000cd
@0006757d
000000f7
@0006157e
00000012
@0006357e
000000a5
@0006557e
000000cd
@0006757e
000000f7
@0006157f
00000012
@0006357f
000000a5
@0006557f
000000cd
@0006757f
000000f7
@00061580
00000012
@00063580
000000a5
@00065580
000000cd
@00067580
000000f7
@00061581
00000012
@00063581
000000a5
@00065581
000000cd
@00067581
000000f7
@00061582
00000012
@00063582
000000a5
@00065582
000000cd
@00067582
000000f7
@00061583
00000012
@00063583
000000a5
@00065583
000000cd
@00067583
000000f7
@00061584
00000012
@00063584
000000a5
@00065584
000000cd
@00067584
000000f7
@00061585
00000012
@00063585
000000a5
@00065585
000000cd
@00067585
000000f7
@00061586
00000012
@00063586
000000a5
@00065586
000000cd
@00067586
000000f7
@00061587
00000012
@00063587
000000a5
@00065587
000000cd
@00067587
000000f7
@00061588
00000012
@00063588
000000a5
@00065588
000000cd
@00067588
000000f7
@00061589
00000012
@00063589
000000a5
@00065589
000000cd
@00067589
000000f7
@0006158a
00000012
@0006358a
000000a5
@0006558a
000000cd
@0006758a
000000f7
@0006158b
00000012
@0006358b
000000a5
@0006558b
000000cd
@0006758b
000000f7
@0006158c
00000012
@0006358c
000000a5
@0006558c
000000cd
@0006758c
000000f7
@0006158d
00000012
@0006358d
000000a5
@0006558d
000000cd
@0006758d
000000f7
@0006158e
00000012
@0006358e
000000a5
@0006558e
000000cd
@0006758e
000000f7
@0006158f
00000012
@0006358f
000000a5
@0006558f
000000cd
@0006758f
000000f7
@00061590
00000012
@00063590
000000a5
@00065590
000000cd
@00067590
000000f7
@00061591
00000012
@00063591
000000a5
@00065591
000000cd
@00067591
000000f7
@00061592
00000012
@00063592
000000a5
@00065592
000000cd
@00067592
000000f7
@00061593
00000012
@00063593
000000a5
@00065593
000000cd
@00067593
000000f7
@00061594
00000012
@00063594
000000a5
@00065594
000000cd
@00067594
000000f7
@00061595
00000012
@00063595
000000a5
@00065595
000000cd
@00067595
000000f7
@00061596
00000012
@00063596
000000a5
@00065596
000000cd
@00067596
000000f7
@00061597
00000012
@00063597
000000a5
@00065597
000000cd
@00067597
000000f7
@00061598
00000012
@00063598
000000a5
@00065598
000000cd
@00067598
000000f7
@00061599
00000012
@00063599
000000a5
@00065599
000000cd
@00067599
000000f7
@0006159a
00000012
@0006359a
000000a5
@0006559a
000000cd
@0006759a
000000f7
@0006159b
00000012
@0006359b
000000a5
@0006559b
000000cd
@0006759b
000000f7
@0006159c
00000012
@0006359c
000000a5
@0006559c
000000cd
@0006759c
000000f7
@0006159d
00000012
@0006359d
000000a5
@0006559d
000000cd
@0006759d
000000f7
@0006159e
00000012
@0006359e
000000a5
@0006559e
000000cd
@0006759e
000000f7
@0006159f
00000012
@0006359f
000000a5
@0006559f
000000cd
@0006759f
000000f7
@000615a0
00000012
@000635a0
000000a5
@000655a0
000000cd
@000675a0
000000f7
@000615a1
00000012
@000635a1
000000a5
@000655a1
000000cd
@000675a1
000000f7
@000615a2
00000012
@000635a2
000000a5
@000655a2
000000cd
@000675a2
000000f7
@000615a3
00000012
@000635a3
000000a5
@000655a3
000000cd
@000675a3
000000f7
@000615a4
00000012
@000635a4
000000a5
@000655a4
000000cd
@000675a4
000000f7
@000615a5
00000012
@000635a5
000000a5
@000655a5
000000cd
@000675a5
000000f7
@000615a6
00000012
@000635a6
000000a5
@000655a6
000000cd
@000675a6
000000f7
@000615a7
00000012
@000635a7
000000a5
@000655a7
000000cd
@000675a7
000000f7
@000615a8
00000012
@000635a8
000000a5
@000655a8
000000cd
@000675a8
000000f7
@000615a9
00000012
@000635a9
000000a5
@000655a9
000000cd
@000675a9
000000f7
@000615aa
00000012
@000635aa
000000a5
@000655aa
000000cd
@000675aa
000000f7
@000615ab
00000012
@000635ab
000000a5
@000655ab
000000cd
@000675ab
000000f7
@000615ac
00000012
@000635ac
000000a5
@000655ac
000000cd
@000675ac
000000f7
@000615ad
00000012
@000635ad
000000a5
@000655ad
000000cd
@000675ad
000000f7
@000615ae
00000012
@000635ae
000000a5
@000655ae
000000cd
@000675ae
000000f7
@000615af
00000012
@000635af
000000a5
@000655af
000000cd
@000675af
000000f7
@000615b0
00000012
@000635b0
000000a5
@000655b0
000000cd
@000675b0
000000f7
@000615b1
00000012
@000635b1
000000a5
@000655b1
000000cd
@000675b1
000000f7
@000615b2
00000012
@000635b2
000000a5
@000655b2
000000cd
@000675b2
000000f7
@000615b3
00000012
@000635b3
000000a5
@000655b3
000000cd
@000675b3
000000f7
@000615b4
00000012
@000635b4
000000a5
@000655b4
000000cd
@000675b4
000000f7
@000615b5
00000012
@000635b5
000000a5
@000655b5
000000cd
@000675b5
000000f7
@000615b6
00000012
@000635b6
000000a5
@000655b6
000000cd
@000675b6
000000f7
@000615b7
00000012
@000635b7
000000a5
@000655b7
000000cd
@000675b7
000000f7
@000615b8
00000012
@000635b8
000000a5
@000655b8
000000cd
@000675b8
000000f7
@000615b9
00000012
@000635b9
000000a5
@000655b9
000000cd
@000675b9
000000f7
@000615ba
00000012
@000635ba
000000a5
@000655ba
000000cd
@000675ba
000000f7
@000615bb
00000012
@000635bb
000000a5
@000655bb
000000cd
@000675bb
000000f7
@000615bc
00000012
@000635bc
000000a5
@000655bc
000000cd
@000675bc
000000f7
@000615bd
00000012
@000635bd
000000a5
@000655bd
000000cd
@000675bd
000000f7
@000615be
00000012
@000635be
000000a5
@000655be
000000cd
@000675be
000000f7
@000615bf
00000012
@000635bf
000000a5
@000655bf
000000cd
@000675bf
000000f7
@000615c0
00000012
@000635c0
000000a5
@000655c0
000000cd
@000675c0
000000f7
@000615c1
00000012
@000635c1
000000a5
@000655c1
000000cd
@000675c1
000000f7
@000615c2
00000012
@000635c2
000000a5
@000655c2
000000cd
@000675c2
000000f7
@000615c3
00000012
@000635c3
000000a5
@000655c3
000000cd
@000675c3
000000f7
@000615c4
00000012
@000635c4
000000a5
@000655c4
000000cd
@000675c4
000000f7
@000615c5
00000012
@000635c5
000000a5
@000655c5
000000cd
@000675c5
000000f7
@000615c6
00000012
@000635c6
000000a5
@000655c6
000000cd
@000675c6
000000f7
@000615c7
00000012
@000635c7
000000a5
@000655c7
000000cd
@000675c7
000000f7
@000615c8
00000012
@000635c8
000000a5
@000655c8
000000cd
@000675c8
000000f7
@000615c9
00000012
@000635c9
000000a5
@000655c9
000000cd
@000675c9
000000f7
@000615ca
00000012
@000635ca
000000a5
@000655ca
000000cd
@000675ca
000000f7
@000615cb
00000012
@000635cb
000000a5
@000655cb
000000cd
@000675cb
000000f7
@000615cc
00000012
@000635cc
000000a5
@000655cc
000000cd
@000675cc
000000f7
@000615cd
00000012
@000635cd
000000a5
@000655cd
000000cd
@000675cd
000000f7
@000615ce
00000012
@000635ce
000000a5
@000655ce
000000cd
@000675ce
000000f7
@000615cf
00000012
@000635cf
000000a5
@000655cf
000000cd
@000675cf
000000f7
@000615d0
00000012
@000635d0
000000a5
@000655d0
000000cd
@000675d0
000000f7
@000615d1
00000012
@000635d1
000000a5
@000655d1
000000cd
@000675d1
000000f7
@000615d2
00000012
@000635d2
000000a5
@000655d2
000000cd
@000675d2
000000f7
@000615d3
00000012
@000635d3
000000a5
@000655d3
000000cd
@000675d3
000000f7
@000615d4
00000012
@000635d4
000000a5
@000655d4
000000cd
@000675d4
000000f7
@000615d5
00000012
@000635d5
000000a5
@000655d5
000000cd
@000675d5
000000f7
@000615d6
00000012
@000635d6
000000a5
@000655d6
000000cd
@000675d6
000000f7
@000615d7
00000012
@000635d7
000000a5
@000655d7
000000cd
@000675d7
000000f7
@000615d8
00000012
@000635d8
000000a5
@000655d8
000000cd
@000675d8
000000f7
@000615d9
00000012
@000635d9
000000a5
@000655d9
000000cd
@000675d9
000000f7
@000615da
00000012
@000635da
000000a5
@000655da
000000cd
@000675da
000000f7
@000615db
00000012
@000635db
000000a5
@000655db
000000cd
@000675db
000000f7
@000615dc
00000012
@000635dc
000000a5
@000655dc
000000cd
@000675dc
000000f7
@000615dd
00000012
@000635dd
000000a5
@000655dd
000000cd
@000675dd
000000f7
@000615de
00000012
@000635de
000000a5
@000655de
000000cd
@000675de
000000f7
@000615df
00000012
@000635df
000000a5
@000655df
000000cd
@000675df
000000f7
@000615e0
00000012
@000635e0
000000a5
@000655e0
000000cd
@000675e0
000000f7
@000615e1
00000012
@000635e1
000000a5
@000655e1
000000cd
@000675e1
000000f7
@000615e2
00000012
@000635e2
000000a5
@000655e2
000000cd
@000675e2
000000f7
@000615e3
00000012
@000635e3
000000a5
@000655e3
000000cd
@000675e3
000000f7
@000615e4
00000012
@000635e4
000000a5
@000655e4
000000cd
@000675e4
000000f7
@000615e5
00000012
@000635e5
000000a5
@000655e5
000000cd
@000675e5
000000f7
@000615e6
00000012
@000635e6
000000a5
@000655e6
000000cd
@000675e6
000000f7
@000615e7
00000012
@000635e7
000000a5
@000655e7
000000cd
@000675e7
000000f7
@000615e8
00000012
@000635e8
000000a5
@000655e8
000000cd
@000675e8
000000f7
@000615e9
00000012
@000635e9
000000a5
@000655e9
000000cd
@000675e9
000000f7
@000615ea
00000012
@000635ea
000000a5
@000655ea
000000cd
@000675ea
000000f7
@000615eb
00000012
@000635eb
000000a5
@000655eb
000000cd
@000675eb
000000f7
@000615ec
00000012
@000635ec
000000a5
@000655ec
000000cd
@000675ec
000000f7
@000615ed
00000012
@000635ed
000000a5
@000655ed
000000cd
@000675ed
000000f7
@000615ee
00000012
@000635ee
000000a5
@000655ee
000000cd
@000675ee
000000f7
@000615ef
00000012
@000635ef
000000a5
@000655ef
000000cd
@000675ef
000000f7
@000615f0
00000012
@000635f0
000000a5
@000655f0
000000cd
@000675f0
000000f7
@000615f1
00000012
@000635f1
000000a5
@000655f1
000000cd
@000675f1
000000f7
@000615f2
00000012
@000635f2
000000a5
@000655f2
000000cd
@000675f2
000000f7
@000615f3
00000012
@000635f3
000000a5
@000655f3
000000cd
@000675f3
000000f7
@000615f4
00000012
@000635f4
000000a5
@000655f4
000000cd
@000675f4
000000f7
@000615f5
00000012
@000635f5
000000a5
@000655f5
000000cd
@000675f5
000000f7
@000615f6
00000012
@000635f6
000000a5
@000655f6
000000cd
@000675f6
000000f7
@000615f7
00000012
@000635f7
000000a5
@000655f7
000000cd
@000675f7
000000f7
@000615f8
00000012
@000635f8
000000a5
@000655f8
000000cd
@000675f8
000000f7
@000615f9
00000012
@000635f9
000000a5
@000655f9
000000cd
@000675f9
000000f7
@000615fa
00000012
@000635fa
000000a5
@000655fa
000000cd
@000675fa
000000f7
@000615fb
00000012
@000635fb
000000a5
@000655fb
000000cd
@000675fb
000000f7
@000615fc
00000012
@000635fc
000000a5
@000655fc
000000cd
@000675fc
000000f7
@000615fd
00000012
@000635fd
000000a5
@000655fd
000000cd
@000675fd
000000f7
@000615fe
00000012
@000635fe
000000a5
@000655fe
000000cd
@000675fe
000000f7
@000615ff
00000012
@000635ff
000000a5
@000655ff
000000cd
@000675ff
000000f7
@00061600
00000012
@00063600
000000a5
@00065600
000000cd
@00067600
000000f7
@00061601
00000012
@00063601
000000a5
@00065601
000000cd
@00067601
000000f7
@00061602
00000012
@00063602
000000a5
@00065602
000000cd
@00067602
000000f7
@00061603
00000012
@00063603
000000a5
@00065603
000000cd
@00067603
000000f7
@00061604
00000012
@00063604
000000a5
@00065604
000000cd
@00067604
000000f7
@00061605
00000012
@00063605
000000a5
@00065605
000000cd
@00067605
000000f7
@00061606
00000012
@00063606
000000a5
@00065606
000000cd
@00067606
000000f7
@00061607
00000012
@00063607
000000a5
@00065607
000000cd
@00067607
000000f7
@00061608
00000012
@00063608
000000a5
@00065608
000000cd
@00067608
000000f7
@00061609
00000012
@00063609
000000a5
@00065609
000000cd
@00067609
000000f7
@0006160a
00000012
@0006360a
000000a5
@0006560a
000000cd
@0006760a
000000f7
@0006160b
00000012
@0006360b
000000a5
@0006560b
000000cd
@0006760b
000000f7
@0006160c
00000012
@0006360c
000000a5
@0006560c
000000cd
@0006760c
000000f7
@0006160d
00000012
@0006360d
000000a5
@0006560d
000000cd
@0006760d
000000f7
@0006160e
00000012
@0006360e
000000a5
@0006560e
000000cd
@0006760e
000000f7
@0006160f
00000012
@0006360f
000000a5
@0006560f
000000cd
@0006760f
000000f7
@00061610
00000012
@00063610
000000a5
@00065610
000000cd
@00067610
000000f7
@00061611
00000012
@00063611
000000a5
@00065611
000000cd
@00067611
000000f7
@00061612
00000012
@00063612
000000a5
@00065612
000000cd
@00067612
000000f7
@00061613
00000012
@00063613
000000a5
@00065613
000000cd
@00067613
000000f7
@00061614
00000012
@00063614
000000a5
@00065614
000000cd
@00067614
000000f7
@00061615
00000012
@00063615
000000a5
@00065615
000000cd
@00067615
000000f7
@00061616
00000012
@00063616
000000a5
@00065616
000000cd
@00067616
000000f7
@00061617
00000012
@00063617
000000a5
@00065617
000000cd
@00067617
000000f7
@00061618
00000012
@00063618
000000a5
@00065618
000000cd
@00067618
000000f7
@00061619
00000012
@00063619
000000a5
@00065619
000000cd
@00067619
000000f7
@0006161a
00000012
@0006361a
000000a5
@0006561a
000000cd
@0006761a
000000f7
@0006161b
00000012
@0006361b
000000a5
@0006561b
000000cd
@0006761b
000000f7
@0006161c
00000012
@0006361c
000000a5
@0006561c
000000cd
@0006761c
000000f7
@0006161d
00000012
@0006361d
000000a5
@0006561d
000000cd
@0006761d
000000f7
@0006161e
00000012
@0006361e
000000a5
@0006561e
000000cd
@0006761e
000000f7
@0006161f
00000012
@0006361f
000000a5
@0006561f
000000cd
@0006761f
000000f7
@00061620
00000012
@00063620
000000a5
@00065620
000000cd
@00067620
000000f7
@00061621
00000012
@00063621
000000a5
@00065621
000000cd
@00067621
000000f7
@00061622
00000012
@00063622
000000a5
@00065622
000000cd
@00067622
000000f7
@00061623
00000012
@00063623
000000a5
@00065623
000000cd
@00067623
000000f7
@00061624
00000012
@00063624
000000a5
@00065624
000000cd
@00067624
000000f7
@00061625
00000012
@00063625
000000a5
@00065625
000000cd
@00067625
000000f7
@00061626
00000012
@00063626
000000a5
@00065626
000000cd
@00067626
000000f7
@00061627
00000012
@00063627
000000a5
@00065627
000000cd
@00067627
000000f7
@00061628
00000012
@00063628
000000a5
@00065628
000000cd
@00067628
000000f7
@00061629
00000012
@00063629
000000a5
@00065629
000000cd
@00067629
000000f7
@0006162a
00000012
@0006362a
000000a5
@0006562a
000000cd
@0006762a
000000f7
@0006162b
00000012
@0006362b
000000a5
@0006562b
000000cd
@0006762b
000000f7
@0006162c
00000012
@0006362c
000000a5
@0006562c
000000cd
@0006762c
000000f7
@0006162d
00000012
@0006362d
000000a5
@0006562d
000000cd
@0006762d
000000f7
@0006162e
00000012
@0006362e
000000a5
@0006562e
000000cd
@0006762e
000000f7
@0006162f
00000012
@0006362f
000000a5
@0006562f
000000cd
@0006762f
000000f7
@00061630
00000012
@00063630
000000a5
@00065630
000000cd
@00067630
000000f7
@00061631
00000012
@00063631
000000a5
@00065631
000000cd
@00067631
000000f7
@00061632
00000012
@00063632
000000a5
@00065632
000000cd
@00067632
000000f7
@00061633
00000012
@00063633
000000a5
@00065633
000000cd
@00067633
000000f7
@00061634
00000012
@00063634
000000a5
@00065634
000000cd
@00067634
000000f7
@00061635
00000012
@00063635
000000a5
@00065635
000000cd
@00067635
000000f7
@00061636
00000012
@00063636
000000a5
@00065636
000000cd
@00067636
000000f7
@00061637
00000012
@00063637
000000a5
@00065637
000000cd
@00067637
000000f7
@00061638
00000012
@00063638
000000a5
@00065638
000000cd
@00067638
000000f7
@00061639
00000012
@00063639
000000a5
@00065639
000000cd
@00067639
000000f7
@0006163a
00000012
@0006363a
000000a5
@0006563a
000000cd
@0006763a
000000f7
@0006163b
00000012
@0006363b
000000a5
@0006563b
000000cd
@0006763b
000000f7
@0006163c
00000012
@0006363c
000000a5
@0006563c
000000cd
@0006763c
000000f7
@0006163d
00000012
@0006363d
000000a5
@0006563d
000000cd
@0006763d
000000f7
@0006163e
00000012
@0006363e
000000a5
@0006563e
000000cd
@0006763e
000000f7
@0006163f
00000012
@0006363f
000000a5
@0006563f
000000cd
@0006763f
000000f7
@00061640
00000012
@00063640
000000a5
@00065640
000000cd
@00067640
000000f7
@00061641
00000012
@00063641
000000a5
@00065641
000000cd
@00067641
000000f7
@00061642
00000012
@00063642
000000a5
@00065642
000000cd
@00067642
000000f7
@00061643
00000012
@00063643
000000a5
@00065643
000000cd
@00067643
000000f7
@00061644
00000012
@00063644
000000a5
@00065644
000000cd
@00067644
000000f7
@00061645
00000012
@00063645
000000a5
@00065645
000000cd
@00067645
000000f7
@00061646
00000012
@00063646
000000a5
@00065646
000000cd
@00067646
000000f7
@00061647
00000012
@00063647
000000a5
@00065647
000000cd
@00067647
000000f7
@00061648
00000012
@00063648
000000a5
@00065648
000000cd
@00067648
000000f7
@00061649
00000012
@00063649
000000a5
@00065649
000000cd
@00067649
000000f7
@0006164a
00000012
@0006364a
000000a5
@0006564a
000000cd
@0006764a
000000f7
@0006164b
00000012
@0006364b
000000a5
@0006564b
000000cd
@0006764b
000000f7
@0006164c
00000012
@0006364c
000000a5
@0006564c
000000cd
@0006764c
000000f7
@0006164d
00000012
@0006364d
000000a5
@0006564d
000000cd
@0006764d
000000f7
@0006164e
00000012
@0006364e
000000a5
@0006564e
000000cd
@0006764e
000000f7
@0006164f
00000012
@0006364f
000000a5
@0006564f
000000cd
@0006764f
000000f7
@00061650
00000012
@00063650
000000a5
@00065650
000000cd
@00067650
000000f7
@00061651
00000012
@00063651
000000a5
@00065651
000000cd
@00067651
000000f7
@00061652
00000012
@00063652
000000a5
@00065652
000000cd
@00067652
000000f7
@00061653
00000012
@00063653
000000a5
@00065653
000000cd
@00067653
000000f7
@00061654
00000012
@00063654
000000a5
@00065654
000000cd
@00067654
000000f7
@00061655
00000012
@00063655
000000a5
@00065655
000000cd
@00067655
000000f7
@00061656
00000012
@00063656
000000a5
@00065656
000000cd
@00067656
000000f7
@00061657
00000012
@00063657
000000a5
@00065657
000000cd
@00067657
000000f7
@00061658
00000012
@00063658
000000a5
@00065658
000000cd
@00067658
000000f7
@00061659
00000012
@00063659
000000a5
@00065659
000000cd
@00067659
000000f7
@0006165a
00000012
@0006365a
000000a5
@0006565a
000000cd
@0006765a
000000f7
@0006165b
00000012
@0006365b
000000a5
@0006565b
000000cd
@0006765b
000000f7
@0006165c
00000012
@0006365c
000000a5
@0006565c
000000cd
@0006765c
000000f7
@0006165d
00000012
@0006365d
000000a5
@0006565d
000000cd
@0006765d
000000f7
@0006165e
00000012
@0006365e
000000a5
@0006565e
000000cd
@0006765e
000000f7
@0006165f
00000012
@0006365f
000000a5
@0006565f
000000cd
@0006765f
000000f7
@00061660
00000012
@00063660
000000a5
@00065660
000000cd
@00067660
000000f7
@00061661
00000012
@00063661
000000a5
@00065661
000000cd
@00067661
000000f7
@00061662
00000012
@00063662
000000a5
@00065662
000000cd
@00067662
000000f7
@00061663
00000012
@00063663
000000a5
@00065663
000000cd
@00067663
000000f7
@00061664
00000012
@00063664
000000a5
@00065664
000000cd
@00067664
000000f7
@00061665
00000012
@00063665
000000a5
@00065665
000000cd
@00067665
000000f7
@00061666
00000012
@00063666
000000a5
@00065666
000000cd
@00067666
000000f7
@00061667
00000012
@00063667
000000a5
@00065667
000000cd
@00067667
000000f7
@00061668
00000012
@00063668
000000a5
@00065668
000000cd
@00067668
000000f7
@00061669
00000012
@00063669
000000a5
@00065669
000000cd
@00067669
000000f7
@0006166a
00000012
@0006366a
000000a5
@0006566a
000000cd
@0006766a
000000f7
@0006166b
00000012
@0006366b
000000a5
@0006566b
000000cd
@0006766b
000000f7
@0006166c
00000012
@0006366c
000000a5
@0006566c
000000cd
@0006766c
000000f7
@0006166d
00000012
@0006366d
000000a5
@0006566d
000000cd
@0006766d
000000f7
@0006166e
00000012
@0006366e
000000a5
@0006566e
000000cd
@0006766e
000000f7
@0006166f
00000012
@0006366f
000000a5
@0006566f
000000cd
@0006766f
000000f7
@00061670
00000012
@00063670
000000a5
@00065670
000000cd
@00067670
000000f7
@00061671
00000012
@00063671
000000a5
@00065671
000000cd
@00067671
000000f7
@00061672
00000012
@00063672
000000a5
@00065672
000000cd
@00067672
000000f7
@00061673
00000012
@00063673
000000a5
@00065673
000000cd
@00067673
000000f7
@00061674
00000012
@00063674
000000a5
@00065674
000000cd
@00067674
000000f7
@00061675
00000012
@00063675
000000a5
@00065675
000000cd
@00067675
000000f7
@00061676
00000012
@00063676
000000a5
@00065676
000000cd
@00067676
000000f7
@00061677
00000012
@00063677
000000a5
@00065677
000000cd
@00067677
000000f7
@00061678
00000012
@00063678
000000a5
@00065678
000000cd
@00067678
000000f7
@00061679
00000012
@00063679
000000a5
@00065679
000000cd
@00067679
000000f7
@0006167a
00000012
@0006367a
000000a5
@0006567a
000000cd
@0006767a
000000f7
@0006167b
00000012
@0006367b
000000a5
@0006567b
000000cd
@0006767b
000000f7
@0006167c
00000012
@0006367c
000000a5
@0006567c
000000cd
@0006767c
000000f7
@0006167d
00000012
@0006367d
000000a5
@0006567d
000000cd
@0006767d
000000f7
@0006167e
00000012
@0006367e
000000a5
@0006567e
000000cd
@0006767e
000000f7
@0006167f
00000012
@0006367f
000000a5
@0006567f
000000cd
@0006767f
000000f7
@00061680
00000012
@00063680
000000a5
@00065680
000000cd
@00067680
000000f7
@00061681
00000012
@00063681
000000a5
@00065681
000000cd
@00067681
000000f7
@00061682
00000012
@00063682
000000a5
@00065682
000000cd
@00067682
000000f7
@00061683
00000012
@00063683
000000a5
@00065683
000000cd
@00067683
000000f7
@00061684
00000012
@00063684
000000a5
@00065684
000000cd
@00067684
000000f7
@00061685
00000012
@00063685
000000a5
@00065685
000000cd
@00067685
000000f7
@00061686
00000012
@00063686
000000a5
@00065686
000000cd
@00067686
000000f7
@00061687
00000012
@00063687
000000a5
@00065687
000000cd
@00067687
000000f7
@00061688
00000012
@00063688
000000a5
@00065688
000000cd
@00067688
000000f7
@00061689
00000012
@00063689
000000a5
@00065689
000000cd
@00067689
000000f7
@0006168a
00000012
@0006368a
000000a5
@0006568a
000000cd
@0006768a
000000f7
@0006168b
00000012
@0006368b
000000a5
@0006568b
000000cd
@0006768b
000000f7
@0006168c
00000012
@0006368c
000000a5
@0006568c
000000cd
@0006768c
000000f7
@0006168d
00000012
@0006368d
000000a5
@0006568d
000000cd
@0006768d
000000f7
@0006168e
00000012
@0006368e
000000a5
@0006568e
000000cd
@0006768e
000000f7
@0006168f
00000012
@0006368f
000000a5
@0006568f
000000cd
@0006768f
000000f7
@00061690
00000012
@00063690
000000a5
@00065690
000000cd
@00067690
000000f7
@00061691
00000012
@00063691
000000a5
@00065691
000000cd
@00067691
000000f7
@00061692
00000012
@00063692
000000a5
@00065692
000000cd
@00067692
000000f7
@00061693
00000012
@00063693
000000a5
@00065693
000000cd
@00067693
000000f7
@00061694
00000012
@00063694
000000a5
@00065694
000000cd
@00067694
000000f7
@00061695
00000012
@00063695
000000a5
@00065695
000000cd
@00067695
000000f7
@00061696
00000012
@00063696
000000a5
@00065696
000000cd
@00067696
000000f7
@00061697
00000012
@00063697
000000a5
@00065697
000000cd
@00067697
000000f7
@00061698
00000012
@00063698
000000a5
@00065698
000000cd
@00067698
000000f7
@00061699
00000012
@00063699
000000a5
@00065699
000000cd
@00067699
000000f7
@0006169a
00000012
@0006369a
000000a5
@0006569a
000000cd
@0006769a
000000f7
@0006169b
00000012
@0006369b
000000a5
@0006569b
000000cd
@0006769b
000000f7
@0006169c
00000012
@0006369c
000000a5
@0006569c
000000cd
@0006769c
000000f7
@0006169d
00000012
@0006369d
000000a5
@0006569d
000000cd
@0006769d
000000f7
@0006169e
00000012
@0006369e
000000a5
@0006569e
000000cd
@0006769e
000000f7
@0006169f
00000012
@0006369f
000000a5
@0006569f
000000cd
@0006769f
000000f7
@000616a0
00000012
@000636a0
000000a5
@000656a0
000000cd
@000676a0
000000f7
@000616a1
00000012
@000636a1
000000a5
@000656a1
000000cd
@000676a1
000000f7
@000616a2
00000012
@000636a2
000000a5
@000656a2
000000cd
@000676a2
000000f7
@000616a3
00000012
@000636a3
000000a5
@000656a3
000000cd
@000676a3
000000f7
@000616a4
00000012
@000636a4
000000a5
@000656a4
000000cd
@000676a4
000000f7
@000616a5
00000012
@000636a5
000000a5
@000656a5
000000cd
@000676a5
000000f7
@000616a6
00000012
@000636a6
000000a5
@000656a6
000000cd
@000676a6
000000f7
@000616a7
00000012
@000636a7
000000a5
@000656a7
000000cd
@000676a7
000000f7
@000616a8
00000012
@000636a8
000000a5
@000656a8
000000cd
@000676a8
000000f7
@000616a9
00000012
@000636a9
000000a5
@000656a9
000000cd
@000676a9
000000f7
@000616aa
00000012
@000636aa
000000a5
@000656aa
000000cd
@000676aa
000000f7
@000616ab
00000012
@000636ab
000000a5
@000656ab
000000cd
@000676ab
000000f7
@000616ac
00000012
@000636ac
000000a5
@000656ac
000000cd
@000676ac
000000f7
@000616ad
00000012
@000636ad
000000a5
@000656ad
000000cd
@000676ad
000000f7
@000616ae
00000012
@000636ae
000000a5
@000656ae
000000cd
@000676ae
000000f7
@000616af
00000012
@000636af
000000a5
@000656af
000000cd
@000676af
000000f7
@000616b0
00000012
@000636b0
000000a5
@000656b0
000000cd
@000676b0
000000f7
@000616b1
00000012
@000636b1
000000a5
@000656b1
000000cd
@000676b1
000000f7
@000616b2
00000012
@000636b2
000000a5
@000656b2
000000cd
@000676b2
000000f7
@000616b3
00000012
@000636b3
000000a5
@000656b3
000000cd
@000676b3
000000f7
@000616b4
00000012
@000636b4
000000a5
@000656b4
000000cd
@000676b4
000000f7
@000616b5
00000012
@000636b5
000000a5
@000656b5
000000cd
@000676b5
000000f7
@000616b6
00000012
@000636b6
000000a5
@000656b6
000000cd
@000676b6
000000f7
@000616b7
00000012
@000636b7
000000a5
@000656b7
000000cd
@000676b7
000000f7
@000616b8
00000012
@000636b8
000000a5
@000656b8
000000cd
@000676b8
000000f7
@000616b9
00000012
@000636b9
000000a5
@000656b9
000000cd
@000676b9
000000f7
@000616ba
00000012
@000636ba
000000a5
@000656ba
000000cd
@000676ba
000000f7
@000616bb
00000012
@000636bb
000000a5
@000656bb
000000cd
@000676bb
000000f7
@000616bc
00000012
@000636bc
000000a5
@000656bc
000000cd
@000676bc
000000f7
@000616bd
00000012
@000636bd
000000a5
@000656bd
000000cd
@000676bd
000000f7
@000616be
00000012
@000636be
000000a5
@000656be
000000cd
@000676be
000000f7
@000616bf
00000012
@000636bf
000000a5
@000656bf
000000cd
@000676bf
000000f7
@000616c0
00000012
@000636c0
000000a5
@000656c0
000000cd
@000676c0
000000f7
@000616c1
00000012
@000636c1
000000a5
@000656c1
000000cd
@000676c1
000000f7
@000616c2
00000012
@000636c2
000000a5
@000656c2
000000cd
@000676c2
000000f7
@000616c3
00000012
@000636c3
000000a5
@000656c3
000000cd
@000676c3
000000f7
@000616c4
00000012
@000636c4
000000a5
@000656c4
000000cd
@000676c4
000000f7
@000616c5
00000012
@000636c5
000000a5
@000656c5
000000cd
@000676c5
000000f7
@000616c6
00000012
@000636c6
000000a5
@000656c6
000000cd
@000676c6
000000f7
@000616c7
00000012
@000636c7
000000a5
@000656c7
000000cd
@000676c7
000000f7
@000616c8
00000012
@000636c8
000000a5
@000656c8
000000cd
@000676c8
000000f7
@000616c9
00000012
@000636c9
000000a5
@000656c9
000000cd
@000676c9
000000f7
@000616ca
00000012
@000636ca
000000a5
@000656ca
000000cd
@000676ca
000000f7
@000616cb
00000012
@000636cb
000000a5
@000656cb
000000cd
@000676cb
000000f7
@000616cc
00000012
@000636cc
000000a5
@000656cc
000000cd
@000676cc
000000f7
@000616cd
00000012
@000636cd
000000a5
@000656cd
000000cd
@000676cd
000000f7
@000616ce
00000012
@000636ce
000000a5
@000656ce
000000cd
@000676ce
000000f7
@000616cf
00000012
@000636cf
000000a5
@000656cf
000000cd
@000676cf
000000f7
@000616d0
00000012
@000636d0
000000a5
@000656d0
000000cd
@000676d0
000000f7
@000616d1
00000012
@000636d1
000000a5
@000656d1
000000cd
@000676d1
000000f7
@000616d2
00000012
@000636d2
000000a5
@000656d2
000000cd
@000676d2
000000f7
@000616d3
00000012
@000636d3
000000a5
@000656d3
000000cd
@000676d3
000000f7
@000616d4
00000012
@000636d4
000000a5
@000656d4
000000cd
@000676d4
000000f7
@000616d5
00000012
@000636d5
000000a5
@000656d5
000000cd
@000676d5
000000f7
@000616d6
00000012
@000636d6
000000a5
@000656d6
000000cd
@000676d6
000000f7
@000616d7
00000012
@000636d7
000000a5
@000656d7
000000cd
@000676d7
000000f7
@000616d8
00000012
@000636d8
000000a5
@000656d8
000000cd
@000676d8
000000f7
@000616d9
00000012
@000636d9
000000a5
@000656d9
000000cd
@000676d9
000000f7
@000616da
00000012
@000636da
000000a5
@000656da
000000cd
@000676da
000000f7
@000616db
00000012
@000636db
000000a5
@000656db
000000cd
@000676db
000000f7
@000616dc
00000012
@000636dc
000000a5
@000656dc
000000cd
@000676dc
000000f7
@000616dd
00000012
@000636dd
000000a5
@000656dd
000000cd
@000676dd
000000f7
@000616de
00000012
@000636de
000000a5
@000656de
000000cd
@000676de
000000f7
@000616df
00000012
@000636df
000000a5
@000656df
000000cd
@000676df
000000f7
@000616e0
00000012
@000636e0
000000a5
@000656e0
000000cd
@000676e0
000000f7
@000616e1
00000012
@000636e1
000000a5
@000656e1
000000cd
@000676e1
000000f7
@000616e2
00000012
@000636e2
000000a5
@000656e2
000000cd
@000676e2
000000f7
@000616e3
00000012
@000636e3
000000a5
@000656e3
000000cd
@000676e3
000000f7
@000616e4
00000012
@000636e4
000000a5
@000656e4
000000cd
@000676e4
000000f7
@000616e5
00000012
@000636e5
000000a5
@000656e5
000000cd
@000676e5
000000f7
@000616e6
00000012
@000636e6
000000a5
@000656e6
000000cd
@000676e6
000000f7
@000616e7
00000012
@000636e7
000000a5
@000656e7
000000cd
@000676e7
000000f7
@000616e8
00000012
@000636e8
000000a5
@000656e8
000000cd
@000676e8
000000f7
@000616e9
00000012
@000636e9
000000a5
@000656e9
000000cd
@000676e9
000000f7
@000616ea
00000012
@000636ea
000000a5
@000656ea
000000cd
@000676ea
000000f7
@000616eb
00000012
@000636eb
000000a5
@000656eb
000000cd
@000676eb
000000f7
@000616ec
00000012
@000636ec
000000a5
@000656ec
000000cd
@000676ec
000000f7
@000616ed
00000012
@000636ed
000000a5
@000656ed
000000cd
@000676ed
000000f7
@000616ee
00000012
@000636ee
000000a5
@000656ee
000000cd
@000676ee
000000f7
@000616ef
00000012
@000636ef
000000a5
@000656ef
000000cd
@000676ef
000000f7
@000616f0
00000012
@000636f0
000000a5
@000656f0
000000cd
@000676f0
000000f7
@000616f1
00000012
@000636f1
000000a5
@000656f1
000000cd
@000676f1
000000f7
@000616f2
00000012
@000636f2
000000a5
@000656f2
000000cd
@000676f2
000000f7
@000616f3
00000012
@000636f3
000000a5
@000656f3
000000cd
@000676f3
000000f7
@000616f4
00000012
@000636f4
000000a5
@000656f4
000000cd
@000676f4
000000f7
@000616f5
00000012
@000636f5
000000a5
@000656f5
000000cd
@000676f5
000000f7
@000616f6
00000012
@000636f6
000000a5
@000656f6
000000cd
@000676f6
000000f7
@000616f7
00000012
@000636f7
000000a5
@000656f7
000000cd
@000676f7
000000f7
@000616f8
00000012
@000636f8
000000a5
@000656f8
000000cd
@000676f8
000000f7
@000616f9
00000012
@000636f9
000000a5
@000656f9
000000cd
@000676f9
000000f7
@000616fa
00000012
@000636fa
000000a5
@000656fa
000000cd
@000676fa
000000f7
@000616fb
00000012
@000636fb
000000a5
@000656fb
000000cd
@000676fb
000000f7
@000616fc
00000012
@000636fc
000000a5
@000656fc
000000cd
@000676fc
000000f7
@000616fd
00000012
@000636fd
000000a5
@000656fd
000000cd
@000676fd
000000f7
@000616fe
00000012
@000636fe
000000a5
@000656fe
000000cd
@000676fe
000000f7
@000616ff
00000012
@000636ff
000000a5
@000656ff
000000cd
@000676ff
000000f7
@00061700
00000012
@00063700
000000a5
@00065700
000000cd
@00067700
000000f7
@00061701
00000012
@00063701
000000a5
@00065701
000000cd
@00067701
000000f7
@00061702
00000012
@00063702
000000a5
@00065702
000000cd
@00067702
000000f7
@00061703
00000012
@00063703
000000a5
@00065703
000000cd
@00067703
000000f7
@00061704
00000012
@00063704
000000a5
@00065704
000000cd
@00067704
000000f7
@00061705
00000012
@00063705
000000a5
@00065705
000000cd
@00067705
000000f7
@00061706
00000012
@00063706
000000a5
@00065706
000000cd
@00067706
000000f7
@00061707
00000012
@00063707
000000a5
@00065707
000000cd
@00067707
000000f7
@00061708
00000012
@00063708
000000a5
@00065708
000000cd
@00067708
000000f7
@00061709
00000012
@00063709
000000a5
@00065709
000000cd
@00067709
000000f7
@0006170a
00000012
@0006370a
000000a5
@0006570a
000000cd
@0006770a
000000f7
@0006170b
00000012
@0006370b
000000a5
@0006570b
000000cd
@0006770b
000000f7
@0006170c
00000012
@0006370c
000000a5
@0006570c
000000cd
@0006770c
000000f7
@0006170d
00000012
@0006370d
000000a5
@0006570d
000000cd
@0006770d
000000f7
@0006170e
00000012
@0006370e
000000a5
@0006570e
000000cd
@0006770e
000000f7
@0006170f
00000012
@0006370f
000000a5
@0006570f
000000cd
@0006770f
000000f7
@00061710
00000012
@00063710
000000a5
@00065710
000000cd
@00067710
000000f7
@00061711
00000012
@00063711
000000a5
@00065711
000000cd
@00067711
000000f7
@00061712
00000012
@00063712
000000a5
@00065712
000000cd
@00067712
000000f7
@00061713
00000012
@00063713
000000a5
@00065713
000000cd
@00067713
000000f7
@00061714
00000012
@00063714
000000a5
@00065714
000000cd
@00067714
000000f7
@00061715
00000012
@00063715
000000a5
@00065715
000000cd
@00067715
000000f7
@00061716
00000012
@00063716
000000a5
@00065716
000000cd
@00067716
000000f7
@00061717
00000012
@00063717
000000a5
@00065717
000000cd
@00067717
000000f7
@00061718
00000012
@00063718
000000a5
@00065718
000000cd
@00067718
000000f7
@00061719
00000012
@00063719
000000a5
@00065719
000000cd
@00067719
000000f7
@0006171a
00000012
@0006371a
000000a5
@0006571a
000000cd
@0006771a
000000f7
@0006171b
00000012
@0006371b
000000a5
@0006571b
000000cd
@0006771b
000000f7
@0006171c
00000012
@0006371c
000000a5
@0006571c
000000cd
@0006771c
000000f7
@0006171d
00000012
@0006371d
000000a5
@0006571d
000000cd
@0006771d
000000f7
@0006171e
00000012
@0006371e
000000a5
@0006571e
000000cd
@0006771e
000000f7
@0006171f
00000012
@0006371f
000000a5
@0006571f
000000cd
@0006771f
000000f7
@00061720
00000012
@00063720
000000a5
@00065720
000000cd
@00067720
000000f7
@00061721
00000012
@00063721
000000a5
@00065721
000000cd
@00067721
000000f7
@00061722
00000012
@00063722
000000a5
@00065722
000000cd
@00067722
000000f7
@00061723
00000012
@00063723
000000a5
@00065723
000000cd
@00067723
000000f7
@00061724
00000012
@00063724
000000a5
@00065724
000000cd
@00067724
000000f7
@00061725
00000012
@00063725
000000a5
@00065725
000000cd
@00067725
000000f7
@00061726
00000012
@00063726
000000a5
@00065726
000000cd
@00067726
000000f7
@00061727
00000012
@00063727
000000a5
@00065727
000000cd
@00067727
000000f7
@00061728
00000012
@00063728
000000a5
@00065728
000000cd
@00067728
000000f7
@00061729
00000012
@00063729
000000a5
@00065729
000000cd
@00067729
000000f7
@0006172a
00000012
@0006372a
000000a5
@0006572a
000000cd
@0006772a
000000f7
@0006172b
00000012
@0006372b
000000a5
@0006572b
000000cd
@0006772b
000000f7
@0006172c
00000012
@0006372c
000000a5
@0006572c
000000cd
@0006772c
000000f7
@0006172d
00000012
@0006372d
000000a5
@0006572d
000000cd
@0006772d
000000f7
@0006172e
00000012
@0006372e
000000a5
@0006572e
000000cd
@0006772e
000000f7
@0006172f
00000012
@0006372f
000000a5
@0006572f
000000cd
@0006772f
000000f7
@00061730
00000012
@00063730
000000a5
@00065730
000000cd
@00067730
000000f7
@00061731
00000012
@00063731
000000a5
@00065731
000000cd
@00067731
000000f7
@00061732
00000012
@00063732
000000a5
@00065732
000000cd
@00067732
000000f7
@00061733
00000012
@00063733
000000a5
@00065733
000000cd
@00067733
000000f7
@00061734
00000012
@00063734
000000a5
@00065734
000000cd
@00067734
000000f7
@00061735
00000012
@00063735
000000a5
@00065735
000000cd
@00067735
000000f7
@00061736
00000012
@00063736
000000a5
@00065736
000000cd
@00067736
000000f7
@00061737
00000012
@00063737
000000a5
@00065737
000000cd
@00067737
000000f7
@00061738
00000012
@00063738
000000a5
@00065738
000000cd
@00067738
000000f7
@00061739
00000012
@00063739
000000a5
@00065739
000000cd
@00067739
000000f7
@0006173a
00000012
@0006373a
000000a5
@0006573a
000000cd
@0006773a
000000f7
@0006173b
00000012
@0006373b
000000a5
@0006573b
000000cd
@0006773b
000000f7
@0006173c
00000012
@0006373c
000000a5
@0006573c
000000cd
@0006773c
000000f7
@0006173d
00000012
@0006373d
000000a5
@0006573d
000000cd
@0006773d
000000f7
@0006173e
00000012
@0006373e
000000a5
@0006573e
000000cd
@0006773e
000000f7
@0006173f
00000012
@0006373f
000000a5
@0006573f
000000cd
@0006773f
000000f7
@00061740
00000012
@00063740
000000a5
@00065740
000000cd
@00067740
000000f7
@00061741
00000012
@00063741
000000a5
@00065741
000000cd
@00067741
000000f7
@00061742
00000012
@00063742
000000a5
@00065742
000000cd
@00067742
000000f7
@00061743
00000012
@00063743
000000a5
@00065743
000000cd
@00067743
000000f7
@00061744
00000012
@00063744
000000a5
@00065744
000000cd
@00067744
000000f7
@00061745
00000012
@00063745
000000a5
@00065745
000000cd
@00067745
000000f7
@00061746
00000012
@00063746
000000a5
@00065746
000000cd
@00067746
000000f7
@00061747
00000012
@00063747
000000a5
@00065747
000000cd
@00067747
000000f7
@00061748
00000012
@00063748
000000a5
@00065748
000000cd
@00067748
000000f7
@00061749
00000012
@00063749
000000a5
@00065749
000000cd
@00067749
000000f7
@0006174a
00000012
@0006374a
000000a5
@0006574a
000000cd
@0006774a
000000f7
@0006174b
00000012
@0006374b
000000a5
@0006574b
000000cd
@0006774b
000000f7
@0006174c
00000012
@0006374c
000000a5
@0006574c
000000cd
@0006774c
000000f7
@0006174d
00000012
@0006374d
000000a5
@0006574d
000000cd
@0006774d
000000f7
@0006174e
00000012
@0006374e
000000a5
@0006574e
000000cd
@0006774e
000000f7
@0006174f
00000012
@0006374f
000000a5
@0006574f
000000cd
@0006774f
000000f7
@00061750
00000012
@00063750
000000a5
@00065750
000000cd
@00067750
000000f7
@00061751
00000012
@00063751
000000a5
@00065751
000000cd
@00067751
000000f7
@00061752
00000012
@00063752
000000a5
@00065752
000000cd
@00067752
000000f7
@00061753
00000012
@00063753
000000a5
@00065753
000000cd
@00067753
000000f7
@00061754
00000012
@00063754
000000a5
@00065754
000000cd
@00067754
000000f7
@00061755
00000012
@00063755
000000a5
@00065755
000000cd
@00067755
000000f7
@00061756
00000012
@00063756
000000a5
@00065756
000000cd
@00067756
000000f7
@00061757
00000012
@00063757
000000a5
@00065757
000000cd
@00067757
000000f7
@00061758
00000012
@00063758
000000a5
@00065758
000000cd
@00067758
000000f7
@00061759
00000012
@00063759
000000a5
@00065759
000000cd
@00067759
000000f7
@0006175a
00000012
@0006375a
000000a5
@0006575a
000000cd
@0006775a
000000f7
@0006175b
00000012
@0006375b
000000a5
@0006575b
000000cd
@0006775b
000000f7
@0006175c
00000012
@0006375c
000000a5
@0006575c
000000cd
@0006775c
000000f7
@0006175d
00000012
@0006375d
000000a5
@0006575d
000000cd
@0006775d
000000f7
@0006175e
00000012
@0006375e
000000a5
@0006575e
000000cd
@0006775e
000000f7
@0006175f
00000012
@0006375f
000000a5
@0006575f
000000cd
@0006775f
000000f7
@00061760
00000012
@00063760
000000a5
@00065760
000000cd
@00067760
000000f7
@00061761
00000012
@00063761
000000a5
@00065761
000000cd
@00067761
000000f7
@00061762
00000012
@00063762
000000a5
@00065762
000000cd
@00067762
000000f7
@00061763
00000012
@00063763
000000a5
@00065763
000000cd
@00067763
000000f7
@00061764
00000012
@00063764
000000a5
@00065764
000000cd
@00067764
000000f7
@00061765
00000012
@00063765
000000a5
@00065765
000000cd
@00067765
000000f7
@00061766
00000012
@00063766
000000a5
@00065766
000000cd
@00067766
000000f7
@00061767
00000012
@00063767
000000a5
@00065767
000000cd
@00067767
000000f7
@00061768
00000012
@00063768
000000a5
@00065768
000000cd
@00067768
000000f7
@00061769
00000012
@00063769
000000a5
@00065769
000000cd
@00067769
000000f7
@0006176a
00000012
@0006376a
000000a5
@0006576a
000000cd
@0006776a
000000f7
@0006176b
00000012
@0006376b
000000a5
@0006576b
000000cd
@0006776b
000000f7
@0006176c
00000012
@0006376c
000000a5
@0006576c
000000cd
@0006776c
000000f7
@0006176d
00000012
@0006376d
000000a5
@0006576d
000000cd
@0006776d
000000f7
@0006176e
00000012
@0006376e
000000a5
@0006576e
000000cd
@0006776e
000000f7
@0006176f
00000012
@0006376f
000000a5
@0006576f
000000cd
@0006776f
000000f7
@00061770
00000012
@00063770
000000a5
@00065770
000000cd
@00067770
000000f7
@00061771
00000012
@00063771
000000a5
@00065771
000000cd
@00067771
000000f7
@00061772
00000012
@00063772
000000a5
@00065772
000000cd
@00067772
000000f7
@00061773
00000012
@00063773
000000a5
@00065773
000000cd
@00067773
000000f7
@00061774
00000012
@00063774
000000a5
@00065774
000000cd
@00067774
000000f7
@00061775
00000012
@00063775
000000a5
@00065775
000000cd
@00067775
000000f7
@00061776
00000012
@00063776
000000a5
@00065776
000000cd
@00067776
000000f7
@00061777
00000012
@00063777
000000a5
@00065777
000000cd
@00067777
000000f7
@00061778
00000012
@00063778
000000a5
@00065778
000000cd
@00067778
000000f7
@00061779
00000012
@00063779
000000a5
@00065779
000000cd
@00067779
000000f7
@0006177a
00000012
@0006377a
000000a5
@0006577a
000000cd
@0006777a
000000f7
@0006177b
00000012
@0006377b
000000a5
@0006577b
000000cd
@0006777b
000000f7
@0006177c
00000012
@0006377c
000000a5
@0006577c
000000cd
@0006777c
000000f7
@0006177d
00000012
@0006377d
000000a5
@0006577d
000000cd
@0006777d
000000f7
@0006177e
00000012
@0006377e
000000a5
@0006577e
000000cd
@0006777e
000000f7
@0006177f
00000012
@0006377f
000000a5
@0006577f
000000cd
@0006777f
000000f7
@00061780
00000012
@00063780
000000a5
@00065780
000000cd
@00067780
000000f7
@00061781
00000012
@00063781
000000a5
@00065781
000000cd
@00067781
000000f7
@00061782
00000012
@00063782
000000a5
@00065782
000000cd
@00067782
000000f7
@00061783
00000012
@00063783
000000a5
@00065783
000000cd
@00067783
000000f7
@00061784
00000012
@00063784
000000a5
@00065784
000000cd
@00067784
000000f7
@00061785
00000012
@00063785
000000a5
@00065785
000000cd
@00067785
000000f7
@00061786
00000012
@00063786
000000a5
@00065786
000000cd
@00067786
000000f7
@00061787
00000012
@00063787
000000a5
@00065787
000000cd
@00067787
000000f7
@00061788
00000012
@00063788
000000a5
@00065788
000000cd
@00067788
000000f7
@00061789
00000012
@00063789
000000a5
@00065789
000000cd
@00067789
000000f7
@0006178a
00000012
@0006378a
000000a5
@0006578a
000000cd
@0006778a
000000f7
@0006178b
00000012
@0006378b
000000a5
@0006578b
000000cd
@0006778b
000000f7
@0006178c
00000012
@0006378c
000000a5
@0006578c
000000cd
@0006778c
000000f7
@0006178d
00000012
@0006378d
000000a5
@0006578d
000000cd
@0006778d
000000f7
@0006178e
00000012
@0006378e
000000a5
@0006578e
000000cd
@0006778e
000000f7
@0006178f
00000012
@0006378f
000000a5
@0006578f
000000cd
@0006778f
000000f7
@00061790
00000012
@00063790
000000a5
@00065790
000000cd
@00067790
000000f7
@00061791
00000012
@00063791
000000a5
@00065791
000000cd
@00067791
000000f7
@00061792
00000012
@00063792
000000a5
@00065792
000000cd
@00067792
000000f7
@00061793
00000012
@00063793
000000a5
@00065793
000000cd
@00067793
000000f7
@00061794
00000012
@00063794
000000a5
@00065794
000000cd
@00067794
000000f7
@00061795
00000012
@00063795
000000a5
@00065795
000000cd
@00067795
000000f7
@00061796
00000012
@00063796
000000a5
@00065796
000000cd
@00067796
000000f7
@00061797
00000012
@00063797
000000a5
@00065797
000000cd
@00067797
000000f7
@00061798
00000012
@00063798
000000a5
@00065798
000000cd
@00067798
000000f7
@00061799
00000012
@00063799
000000a5
@00065799
000000cd
@00067799
000000f7
@0006179a
00000012
@0006379a
000000a5
@0006579a
000000cd
@0006779a
000000f7
@0006179b
00000012
@0006379b
000000a5
@0006579b
000000cd
@0006779b
000000f7
@0006179c
00000012
@0006379c
000000a5
@0006579c
000000cd
@0006779c
000000f7
@0006179d
00000012
@0006379d
000000a5
@0006579d
000000cd
@0006779d
000000f7
@0006179e
00000012
@0006379e
000000a5
@0006579e
000000cd
@0006779e
000000f7
@0006179f
00000012
@0006379f
000000a5
@0006579f
000000cd
@0006779f
000000f7
@000617a0
00000012
@000637a0
000000a5
@000657a0
000000cd
@000677a0
000000f7
@000617a1
00000012
@000637a1
000000a5
@000657a1
000000cd
@000677a1
000000f7
@000617a2
00000012
@000637a2
000000a5
@000657a2
000000cd
@000677a2
000000f7
@000617a3
00000012
@000637a3
000000a5
@000657a3
000000cd
@000677a3
000000f7
@000617a4
00000012
@000637a4
000000a5
@000657a4
000000cd
@000677a4
000000f7
@000617a5
00000012
@000637a5
000000a5
@000657a5
000000cd
@000677a5
000000f7
@000617a6
00000012
@000637a6
000000a5
@000657a6
000000cd
@000677a6
000000f7
@000617a7
00000012
@000637a7
000000a5
@000657a7
000000cd
@000677a7
000000f7
@000617a8
00000012
@000637a8
000000a5
@000657a8
000000cd
@000677a8
000000f7
@000617a9
00000012
@000637a9
000000a5
@000657a9
000000cd
@000677a9
000000f7
@000617aa
00000012
@000637aa
000000a5
@000657aa
000000cd
@000677aa
000000f7
@000617ab
00000012
@000637ab
000000a5
@000657ab
000000cd
@000677ab
000000f7
@000617ac
00000012
@000637ac
000000a5
@000657ac
000000cd
@000677ac
000000f7
@000617ad
00000012
@000637ad
000000a5
@000657ad
000000cd
@000677ad
000000f7
@000617ae
00000012
@000637ae
000000a5
@000657ae
000000cd
@000677ae
000000f7
@000617af
00000012
@000637af
000000a5
@000657af
000000cd
@000677af
000000f7
@000617b0
00000012
@000637b0
000000a5
@000657b0
000000cd
@000677b0
000000f7
@000617b1
00000012
@000637b1
000000a5
@000657b1
000000cd
@000677b1
000000f7
@000617b2
00000012
@000637b2
000000a5
@000657b2
000000cd
@000677b2
000000f7
@000617b3
00000012
@000637b3
000000a5
@000657b3
000000cd
@000677b3
000000f7
@000617b4
00000012
@000637b4
000000a5
@000657b4
000000cd
@000677b4
000000f7
@000617b5
00000012
@000637b5
000000a5
@000657b5
000000cd
@000677b5
000000f7
@000617b6
00000012
@000637b6
000000a5
@000657b6
000000cd
@000677b6
000000f7
@000617b7
00000012
@000637b7
000000a5
@000657b7
000000cd
@000677b7
000000f7
@000617b8
00000012
@000637b8
000000a5
@000657b8
000000cd
@000677b8
000000f7
@000617b9
00000012
@000637b9
000000a5
@000657b9
000000cd
@000677b9
000000f7
@000617ba
00000012
@000637ba
000000a5
@000657ba
000000cd
@000677ba
000000f7
@000617bb
00000012
@000637bb
000000a5
@000657bb
000000cd
@000677bb
000000f7
@000617bc
00000012
@000637bc
000000a5
@000657bc
000000cd
@000677bc
000000f7
@000617bd
00000012
@000637bd
000000a5
@000657bd
000000cd
@000677bd
000000f7
@000617be
00000012
@000637be
000000a5
@000657be
000000cd
@000677be
000000f7
@000617bf
00000012
@000637bf
000000a5
@000657bf
000000cd
@000677bf
000000f7
@000617c0
00000012
@000637c0
000000a5
@000657c0
000000cd
@000677c0
000000f7
@000617c1
00000012
@000637c1
000000a5
@000657c1
000000cd
@000677c1
000000f7
@000617c2
00000012
@000637c2
000000a5
@000657c2
000000cd
@000677c2
000000f7
@000617c3
00000012
@000637c3
000000a5
@000657c3
000000cd
@000677c3
000000f7
@000617c4
00000012
@000637c4
000000a5
@000657c4
000000cd
@000677c4
000000f7
@000617c5
00000012
@000637c5
000000a5
@000657c5
000000cd
@000677c5
000000f7
@000617c6
00000012
@000637c6
000000a5
@000657c6
000000cd
@000677c6
000000f7
@000617c7
00000012
@000637c7
000000a5
@000657c7
000000cd
@000677c7
000000f7
@000617c8
00000012
@000637c8
000000a5
@000657c8
000000cd
@000677c8
000000f7
@000617c9
00000012
@000637c9
000000a5
@000657c9
000000cd
@000677c9
000000f7
@000617ca
00000012
@000637ca
000000a5
@000657ca
000000cd
@000677ca
000000f7
@000617cb
00000012
@000637cb
000000a5
@000657cb
000000cd
@000677cb
000000f7
@000617cc
00000012
@000637cc
000000a5
@000657cc
000000cd
@000677cc
000000f7
@000617cd
00000012
@000637cd
000000a5
@000657cd
000000cd
@000677cd
000000f7
@000617ce
00000012
@000637ce
000000a5
@000657ce
000000cd
@000677ce
000000f7
@000617cf
00000012
@000637cf
000000a5
@000657cf
000000cd
@000677cf
000000f7
@000617d0
00000012
@000637d0
000000a5
@000657d0
000000cd
@000677d0
000000f7
@000617d1
00000012
@000637d1
000000a5
@000657d1
000000cd
@000677d1
000000f7
@000617d2
00000012
@000637d2
000000a5
@000657d2
000000cd
@000677d2
000000f7
@000617d3
00000012
@000637d3
000000a5
@000657d3
000000cd
@000677d3
000000f7
@000617d4
00000012
@000637d4
000000a5
@000657d4
000000cd
@000677d4
000000f7
@000617d5
00000012
@000637d5
000000a5
@000657d5
000000cd
@000677d5
000000f7
@000617d6
00000012
@000637d6
000000a5
@000657d6
000000cd
@000677d6
000000f7
@000617d7
00000012
@000637d7
000000a5
@000657d7
000000cd
@000677d7
000000f7
@000617d8
00000012
@000637d8
000000a5
@000657d8
000000cd
@000677d8
000000f7
@000617d9
00000012
@000637d9
000000a5
@000657d9
000000cd
@000677d9
000000f7
@000617da
00000012
@000637da
000000a5
@000657da
000000cd
@000677da
000000f7
@000617db
00000012
@000637db
000000a5
@000657db
000000cd
@000677db
000000f7
@000617dc
00000012
@000637dc
000000a5
@000657dc
000000cd
@000677dc
000000f7
@000617dd
00000012
@000637dd
000000a5
@000657dd
000000cd
@000677dd
000000f7
@000617de
00000012
@000637de
000000a5
@000657de
000000cd
@000677de
000000f7
@000617df
00000012
@000637df
000000a5
@000657df
000000cd
@000677df
000000f7
@000617e0
00000012
@000637e0
000000a5
@000657e0
000000cd
@000677e0
000000f7
@000617e1
00000012
@000637e1
000000a5
@000657e1
000000cd
@000677e1
000000f7
@000617e2
00000012
@000637e2
000000a5
@000657e2
000000cd
@000677e2
000000f7
@000617e3
00000012
@000637e3
000000a5
@000657e3
000000cd
@000677e3
000000f7
@000617e4
00000012
@000637e4
000000a5
@000657e4
000000cd
@000677e4
000000f7
@000617e5
00000012
@000637e5
000000a5
@000657e5
000000cd
@000677e5
000000f7
@000617e6
00000012
@000637e6
000000a5
@000657e6
000000cd
@000677e6
000000f7
@000617e7
00000012
@000637e7
000000a5
@000657e7
000000cd
@000677e7
000000f7
@000617e8
00000012
@000637e8
000000a5
@000657e8
000000cd
@000677e8
000000f7
@000617e9
00000012
@000637e9
000000a5
@000657e9
000000cd
@000677e9
000000f7
@000617ea
00000012
@000637ea
000000a5
@000657ea
000000cd
@000677ea
000000f7
@000617eb
00000012
@000637eb
000000a5
@000657eb
000000cd
@000677eb
000000f7
@000617ec
00000012
@000637ec
000000a5
@000657ec
000000cd
@000677ec
000000f7
@000617ed
00000012
@000637ed
000000a5
@000657ed
000000cd
@000677ed
000000f7
@000617ee
00000012
@000637ee
000000a5
@000657ee
000000cd
@000677ee
000000f7
@000617ef
00000012
@000637ef
000000a5
@000657ef
000000cd
@000677ef
000000f7
@000617f0
00000012
@000637f0
000000a5
@000657f0
000000cd
@000677f0
000000f7
@000617f1
00000012
@000637f1
000000a5
@000657f1
000000cd
@000677f1
000000f7
@000617f2
00000012
@000637f2
000000a5
@000657f2
000000cd
@000677f2
000000f7
@000617f3
00000012
@000637f3
000000a5
@000657f3
000000cd
@000677f3
000000f7
@000617f4
00000012
@000637f4
000000a5
@000657f4
000000cd
@000677f4
000000f7
@000617f5
00000012
@000637f5
000000a5
@000657f5
000000cd
@000677f5
000000f7
@000617f6
00000012
@000637f6
000000a5
@000657f6
000000cd
@000677f6
000000f7
@000617f7
00000012
@000637f7
000000a5
@000657f7
000000cd
@000677f7
000000f7
@000617f8
00000012
@000637f8
000000a5
@000657f8
000000cd
@000677f8
000000f7
@000617f9
00000012
@000637f9
000000a5
@000657f9
000000cd
@000677f9
000000f7
@000617fa
00000012
@000637fa
000000a5
@000657fa
000000cd
@000677fa
000000f7
@000617fb
00000012
@000637fb
000000a5
@000657fb
000000cd
@000677fb
000000f7
@000617fc
00000012
@000637fc
000000a5
@000657fc
000000cd
@000677fc
000000f7
@000617fd
00000012
@000637fd
000000a5
@000657fd
000000cd
@000677fd
000000f7
@000617fe
00000012
@000637fe
000000a5
@000657fe
000000cd
@000677fe
000000f7
@000617ff
00000012
@000637ff
000000a5
@000657ff
000000cd
@000677ff
000000f7
@00061800
00000012
@00063800
000000a5
@00065800
000000cd
@00067800
000000f7
@00061801
00000012
@00063801
000000a5
@00065801
000000cd
@00067801
000000f7
@00061802
00000012
@00063802
000000a5
@00065802
000000cd
@00067802
000000f7
@00061803
00000012
@00063803
000000a5
@00065803
000000cd
@00067803
000000f7
@00061804
00000012
@00063804
000000a5
@00065804
000000cd
@00067804
000000f7
@00061805
00000012
@00063805
000000a5
@00065805
000000cd
@00067805
000000f7
@00061806
00000012
@00063806
000000a5
@00065806
000000cd
@00067806
000000f7
@00061807
00000012
@00063807
000000a5
@00065807
000000cd
@00067807
000000f7
@00061808
00000012
@00063808
000000a5
@00065808
000000cd
@00067808
000000f7
@00061809
00000012
@00063809
000000a5
@00065809
000000cd
@00067809
000000f7
@0006180a
00000012
@0006380a
000000a5
@0006580a
000000cd
@0006780a
000000f7
@0006180b
00000012
@0006380b
000000a5
@0006580b
000000cd
@0006780b
000000f7
@0006180c
00000012
@0006380c
000000a5
@0006580c
000000cd
@0006780c
000000f7
@0006180d
00000012
@0006380d
000000a5
@0006580d
000000cd
@0006780d
000000f7
@0006180e
00000012
@0006380e
000000a5
@0006580e
000000cd
@0006780e
000000f7
@0006180f
00000012
@0006380f
000000a5
@0006580f
000000cd
@0006780f
000000f7
@00061810
00000012
@00063810
000000a5
@00065810
000000cd
@00067810
000000f7
@00061811
00000012
@00063811
000000a5
@00065811
000000cd
@00067811
000000f7
@00061812
00000012
@00063812
000000a5
@00065812
000000cd
@00067812
000000f7
@00061813
00000012
@00063813
000000a5
@00065813
000000cd
@00067813
000000f7
@00061814
00000012
@00063814
000000a5
@00065814
000000cd
@00067814
000000f7
@00061815
00000012
@00063815
000000a5
@00065815
000000cd
@00067815
000000f7
@00061816
00000012
@00063816
000000a5
@00065816
000000cd
@00067816
000000f7
@00061817
00000012
@00063817
000000a5
@00065817
000000cd
@00067817
000000f7
@00061818
00000012
@00063818
000000a5
@00065818
000000cd
@00067818
000000f7
@00061819
00000012
@00063819
000000a5
@00065819
000000cd
@00067819
000000f7
@0006181a
00000012
@0006381a
000000a5
@0006581a
000000cd
@0006781a
000000f7
@0006181b
00000012
@0006381b
000000a5
@0006581b
000000cd
@0006781b
000000f7
@0006181c
00000012
@0006381c
000000a5
@0006581c
000000cd
@0006781c
000000f7
@0006181d
00000012
@0006381d
000000a5
@0006581d
000000cd
@0006781d
000000f7
@0006181e
00000012
@0006381e
000000a5
@0006581e
000000cd
@0006781e
000000f7
@0006181f
00000012
@0006381f
000000a5
@0006581f
000000cd
@0006781f
000000f7
@00061820
00000012
@00063820
000000a5
@00065820
000000cd
@00067820
000000f7
@00061821
00000012
@00063821
000000a5
@00065821
000000cd
@00067821
000000f7
@00061822
00000012
@00063822
000000a5
@00065822
000000cd
@00067822
000000f7
@00061823
00000012
@00063823
000000a5
@00065823
000000cd
@00067823
000000f7
@00061824
00000012
@00063824
000000a5
@00065824
000000cd
@00067824
000000f7
@00061825
00000012
@00063825
000000a5
@00065825
000000cd
@00067825
000000f7
@00061826
00000012
@00063826
000000a5
@00065826
000000cd
@00067826
000000f7
@00061827
00000012
@00063827
000000a5
@00065827
000000cd
@00067827
000000f7
@00061828
00000012
@00063828
000000a5
@00065828
000000cd
@00067828
000000f7
@00061829
00000012
@00063829
000000a5
@00065829
000000cd
@00067829
000000f7
@0006182a
00000012
@0006382a
000000a5
@0006582a
000000cd
@0006782a
000000f7
@0006182b
00000012
@0006382b
000000a5
@0006582b
000000cd
@0006782b
000000f7
@0006182c
00000012
@0006382c
000000a5
@0006582c
000000cd
@0006782c
000000f7
@0006182d
00000012
@0006382d
000000a5
@0006582d
000000cd
@0006782d
000000f7
@0006182e
00000012
@0006382e
000000a5
@0006582e
000000cd
@0006782e
000000f7
@0006182f
00000012
@0006382f
000000a5
@0006582f
000000cd
@0006782f
000000f7
@00061830
00000012
@00063830
000000a5
@00065830
000000cd
@00067830
000000f7
@00061831
00000012
@00063831
000000a5
@00065831
000000cd
@00067831
000000f7
@00061832
00000012
@00063832
000000a5
@00065832
000000cd
@00067832
000000f7
@00061833
00000012
@00063833
000000a5
@00065833
000000cd
@00067833
000000f7
@00061834
00000012
@00063834
000000a5
@00065834
000000cd
@00067834
000000f7
@00061835
00000012
@00063835
000000a5
@00065835
000000cd
@00067835
000000f7
@00061836
00000012
@00063836
000000a5
@00065836
000000cd
@00067836
000000f7
@00061837
00000012
@00063837
000000a5
@00065837
000000cd
@00067837
000000f7
@00061838
00000012
@00063838
000000a5
@00065838
000000cd
@00067838
000000f7
@00061839
00000012
@00063839
000000a5
@00065839
000000cd
@00067839
000000f7
@0006183a
00000012
@0006383a
000000a5
@0006583a
000000cd
@0006783a
000000f7
@0006183b
00000012
@0006383b
000000a5
@0006583b
000000cd
@0006783b
000000f7
@0006183c
00000012
@0006383c
000000a5
@0006583c
000000cd
@0006783c
000000f7
@0006183d
00000012
@0006383d
000000a5
@0006583d
000000cd
@0006783d
000000f7
@0006183e
00000012
@0006383e
000000a5
@0006583e
000000cd
@0006783e
000000f7
@0006183f
00000012
@0006383f
000000a5
@0006583f
000000cd
@0006783f
000000f7
@00061840
00000012
@00063840
000000a5
@00065840
000000cd
@00067840
000000f7
@00061841
00000012
@00063841
000000a5
@00065841
000000cd
@00067841
000000f7
@00061842
00000012
@00063842
000000a5
@00065842
000000cd
@00067842
000000f7
@00061843
00000012
@00063843
000000a5
@00065843
000000cd
@00067843
000000f7
@00061844
00000012
@00063844
000000a5
@00065844
000000cd
@00067844
000000f7
@00061845
00000012
@00063845
000000a5
@00065845
000000cd
@00067845
000000f7
@00061846
00000012
@00063846
000000a5
@00065846
000000cd
@00067846
000000f7
@00061847
00000012
@00063847
000000a5
@00065847
000000cd
@00067847
000000f7
@00061848
00000012
@00063848
000000a5
@00065848
000000cd
@00067848
000000f7
@00061849
00000012
@00063849
000000a5
@00065849
000000cd
@00067849
000000f7
@0006184a
00000012
@0006384a
000000a5
@0006584a
000000cd
@0006784a
000000f7
@0006184b
00000012
@0006384b
000000a5
@0006584b
000000cd
@0006784b
000000f7
@0006184c
00000012
@0006384c
000000a5
@0006584c
000000cd
@0006784c
000000f7
@0006184d
00000012
@0006384d
000000a5
@0006584d
000000cd
@0006784d
000000f7
@0006184e
00000012
@0006384e
000000a5
@0006584e
000000cd
@0006784e
000000f7
@0006184f
00000012
@0006384f
000000a5
@0006584f
000000cd
@0006784f
000000f7
@00061850
00000012
@00063850
000000a5
@00065850
000000cd
@00067850
000000f7
@00061851
00000012
@00063851
000000a5
@00065851
000000cd
@00067851
000000f7
@00061852
00000012
@00063852
000000a5
@00065852
000000cd
@00067852
000000f7
@00061853
00000012
@00063853
000000a5
@00065853
000000cd
@00067853
000000f7
@00061854
00000012
@00063854
000000a5
@00065854
000000cd
@00067854
000000f7
@00061855
00000012
@00063855
000000a5
@00065855
000000cd
@00067855
000000f7
@00061856
00000012
@00063856
000000a5
@00065856
000000cd
@00067856
000000f7
@00061857
00000012
@00063857
000000a5
@00065857
000000cd
@00067857
000000f7
@00061858
00000012
@00063858
000000a5
@00065858
000000cd
@00067858
000000f7
@00061859
00000012
@00063859
000000a5
@00065859
000000cd
@00067859
000000f7
@0006185a
00000012
@0006385a
000000a5
@0006585a
000000cd
@0006785a
000000f7
@0006185b
00000012
@0006385b
000000a5
@0006585b
000000cd
@0006785b
000000f7
@0006185c
00000012
@0006385c
000000a5
@0006585c
000000cd
@0006785c
000000f7
@0006185d
00000012
@0006385d
000000a5
@0006585d
000000cd
@0006785d
000000f7
@0006185e
00000012
@0006385e
000000a5
@0006585e
000000cd
@0006785e
000000f7
@0006185f
00000012
@0006385f
000000a5
@0006585f
000000cd
@0006785f
000000f7
@00061860
00000012
@00063860
000000a5
@00065860
000000cd
@00067860
000000f7
@00061861
00000012
@00063861
000000a5
@00065861
000000cd
@00067861
000000f7
@00061862
00000012
@00063862
000000a5
@00065862
000000cd
@00067862
000000f7
@00061863
00000012
@00063863
000000a5
@00065863
000000cd
@00067863
000000f7
@00061864
00000012
@00063864
000000a5
@00065864
000000cd
@00067864
000000f7
@00061865
00000012
@00063865
000000a5
@00065865
000000cd
@00067865
000000f7
@00061866
00000012
@00063866
000000a5
@00065866
000000cd
@00067866
000000f7
@00061867
00000012
@00063867
000000a5
@00065867
000000cd
@00067867
000000f7
@00061868
00000012
@00063868
000000a5
@00065868
000000cd
@00067868
000000f7
@00061869
00000012
@00063869
000000a5
@00065869
000000cd
@00067869
000000f7
@0006186a
00000012
@0006386a
000000a5
@0006586a
000000cd
@0006786a
000000f7
@0006186b
00000012
@0006386b
000000a5
@0006586b
000000cd
@0006786b
000000f7
@0006186c
00000012
@0006386c
000000a5
@0006586c
000000cd
@0006786c
000000f7
@0006186d
00000012
@0006386d
000000a5
@0006586d
000000cd
@0006786d
000000f7
@0006186e
00000012
@0006386e
000000a5
@0006586e
000000cd
@0006786e
000000f7
@0006186f
00000012
@0006386f
000000a5
@0006586f
000000cd
@0006786f
000000f7
@00061870
00000012
@00063870
000000a5
@00065870
000000cd
@00067870
000000f7
@00061871
00000012
@00063871
000000a5
@00065871
000000cd
@00067871
000000f7
@00061872
00000012
@00063872
000000a5
@00065872
000000cd
@00067872
000000f7
@00061873
00000012
@00063873
000000a5
@00065873
000000cd
@00067873
000000f7
@00061874
00000012
@00063874
000000a5
@00065874
000000cd
@00067874
000000f7
@00061875
00000012
@00063875
000000a5
@00065875
000000cd
@00067875
000000f7
@00061876
00000012
@00063876
000000a5
@00065876
000000cd
@00067876
000000f7
@00061877
00000012
@00063877
000000a5
@00065877
000000cd
@00067877
000000f7
@00061878
00000012
@00063878
000000a5
@00065878
000000cd
@00067878
000000f7
@00061879
00000012
@00063879
000000a5
@00065879
000000cd
@00067879
000000f7
@0006187a
00000012
@0006387a
000000a5
@0006587a
000000cd
@0006787a
000000f7
@0006187b
00000012
@0006387b
000000a5
@0006587b
000000cd
@0006787b
000000f7
@0006187c
00000012
@0006387c
000000a5
@0006587c
000000cd
@0006787c
000000f7
@0006187d
00000012
@0006387d
000000a5
@0006587d
000000cd
@0006787d
000000f7
@0006187e
00000012
@0006387e
000000a5
@0006587e
000000cd
@0006787e
000000f7
@0006187f
00000012
@0006387f
000000a5
@0006587f
000000cd
@0006787f
000000f7
@00061880
00000012
@00063880
000000a5
@00065880
000000cd
@00067880
000000f7
@00061881
00000012
@00063881
000000a5
@00065881
000000cd
@00067881
000000f7
@00061882
00000012
@00063882
000000a5
@00065882
000000cd
@00067882
000000f7
@00061883
00000012
@00063883
000000a5
@00065883
000000cd
@00067883
000000f7
@00061884
00000012
@00063884
000000a5
@00065884
000000cd
@00067884
000000f7
@00061885
00000012
@00063885
000000a5
@00065885
000000cd
@00067885
000000f7
@00061886
00000012
@00063886
000000a5
@00065886
000000cd
@00067886
000000f7
@00061887
00000012
@00063887
000000a5
@00065887
000000cd
@00067887
000000f7
@00061888
00000012
@00063888
000000a5
@00065888
000000cd
@00067888
000000f7
@00061889
00000012
@00063889
000000a5
@00065889
000000cd
@00067889
000000f7
@0006188a
00000012
@0006388a
000000a5
@0006588a
000000cd
@0006788a
000000f7
@0006188b
00000012
@0006388b
000000a5
@0006588b
000000cd
@0006788b
000000f7
@0006188c
00000012
@0006388c
000000a5
@0006588c
000000cd
@0006788c
000000f7
@0006188d
00000012
@0006388d
000000a5
@0006588d
000000cd
@0006788d
000000f7
@0006188e
00000012
@0006388e
000000a5
@0006588e
000000cd
@0006788e
000000f7
@0006188f
00000012
@0006388f
000000a5
@0006588f
000000cd
@0006788f
000000f7
@00061890
00000012
@00063890
000000a5
@00065890
000000cd
@00067890
000000f7
@00061891
00000012
@00063891
000000a5
@00065891
000000cd
@00067891
000000f7
@00061892
00000012
@00063892
000000a5
@00065892
000000cd
@00067892
000000f7
@00061893
00000012
@00063893
000000a5
@00065893
000000cd
@00067893
000000f7
@00061894
00000012
@00063894
000000a5
@00065894
000000cd
@00067894
000000f7
@00061895
00000012
@00063895
000000a5
@00065895
000000cd
@00067895
000000f7
@00061896
00000012
@00063896
000000a5
@00065896
000000cd
@00067896
000000f7
@00061897
00000012
@00063897
000000a5
@00065897
000000cd
@00067897
000000f7
@00061898
00000012
@00063898
000000a5
@00065898
000000cd
@00067898
000000f7
@00061899
00000012
@00063899
000000a5
@00065899
000000cd
@00067899
000000f7
@0006189a
00000012
@0006389a
000000a5
@0006589a
000000cd
@0006789a
000000f7
@0006189b
00000012
@0006389b
000000a5
@0006589b
000000cd
@0006789b
000000f7
@0006189c
00000012
@0006389c
000000a5
@0006589c
000000cd
@0006789c
000000f7
@0006189d
00000012
@0006389d
000000a5
@0006589d
000000cd
@0006789d
000000f7
@0006189e
00000012
@0006389e
000000a5
@0006589e
000000cd
@0006789e
000000f7
@0006189f
00000012
@0006389f
000000a5
@0006589f
000000cd
@0006789f
000000f7
@000618a0
00000012
@000638a0
000000a5
@000658a0
000000cd
@000678a0
000000f7
@000618a1
00000012
@000638a1
000000a5
@000658a1
000000cd
@000678a1
000000f7
@000618a2
00000012
@000638a2
000000a5
@000658a2
000000cd
@000678a2
000000f7
@000618a3
00000012
@000638a3
000000a5
@000658a3
000000cd
@000678a3
000000f7
@000618a4
00000012
@000638a4
000000a5
@000658a4
000000cd
@000678a4
000000f7
@000618a5
00000012
@000638a5
000000a5
@000658a5
000000cd
@000678a5
000000f7
@000618a6
00000012
@000638a6
000000a5
@000658a6
000000cd
@000678a6
000000f7
@000618a7
00000012
@000638a7
000000a5
@000658a7
000000cd
@000678a7
000000f7
@000618a8
00000012
@000638a8
000000a5
@000658a8
000000cd
@000678a8
000000f7
@000618a9
00000012
@000638a9
000000a5
@000658a9
000000cd
@000678a9
000000f7
@000618aa
00000012
@000638aa
000000a5
@000658aa
000000cd
@000678aa
000000f7
@000618ab
00000012
@000638ab
000000a5
@000658ab
000000cd
@000678ab
000000f7
@000618ac
00000012
@000638ac
000000a5
@000658ac
000000cd
@000678ac
000000f7
@000618ad
00000012
@000638ad
000000a5
@000658ad
000000cd
@000678ad
000000f7
@000618ae
00000012
@000638ae
000000a5
@000658ae
000000cd
@000678ae
000000f7
@000618af
00000012
@000638af
000000a5
@000658af
000000cd
@000678af
000000f7
@000618b0
00000012
@000638b0
000000a5
@000658b0
000000cd
@000678b0
000000f7
@000618b1
00000012
@000638b1
000000a5
@000658b1
000000cd
@000678b1
000000f7
@000618b2
00000012
@000638b2
000000a5
@000658b2
000000cd
@000678b2
000000f7
@000618b3
00000012
@000638b3
000000a5
@000658b3
000000cd
@000678b3
000000f7
@000618b4
00000012
@000638b4
000000a5
@000658b4
000000cd
@000678b4
000000f7
@000618b5
00000012
@000638b5
000000a5
@000658b5
000000cd
@000678b5
000000f7
@000618b6
00000012
@000638b6
000000a5
@000658b6
000000cd
@000678b6
000000f7
@000618b7
00000012
@000638b7
000000a5
@000658b7
000000cd
@000678b7
000000f7
@000618b8
00000012
@000638b8
000000a5
@000658b8
000000cd
@000678b8
000000f7
@000618b9
00000012
@000638b9
000000a5
@000658b9
000000cd
@000678b9
000000f7
@000618ba
00000012
@000638ba
000000a5
@000658ba
000000cd
@000678ba
000000f7
@000618bb
00000012
@000638bb
000000a5
@000658bb
000000cd
@000678bb
000000f7
@000618bc
00000012
@000638bc
000000a5
@000658bc
000000cd
@000678bc
000000f7
@000618bd
00000012
@000638bd
000000a5
@000658bd
000000cd
@000678bd
000000f7
@000618be
00000012
@000638be
000000a5
@000658be
000000cd
@000678be
000000f7
@000618bf
00000012
@000638bf
000000a5
@000658bf
000000cd
@000678bf
000000f7
@000618c0
00000012
@000638c0
000000a5
@000658c0
000000cd
@000678c0
000000f7
@000618c1
00000012
@000638c1
000000a5
@000658c1
000000cd
@000678c1
000000f7
@000618c2
00000012
@000638c2
000000a5
@000658c2
000000cd
@000678c2
000000f7
@000618c3
00000012
@000638c3
000000a5
@000658c3
000000cd
@000678c3
000000f7
@000618c4
00000012
@000638c4
000000a5
@000658c4
000000cd
@000678c4
000000f7
@000618c5
00000012
@000638c5
000000a5
@000658c5
000000cd
@000678c5
000000f7
@000618c6
00000012
@000638c6
000000a5
@000658c6
000000cd
@000678c6
000000f7
@000618c7
00000012
@000638c7
000000a5
@000658c7
000000cd
@000678c7
000000f7
@000618c8
00000012
@000638c8
000000a5
@000658c8
000000cd
@000678c8
000000f7
@000618c9
00000012
@000638c9
000000a5
@000658c9
000000cd
@000678c9
000000f7
@000618ca
00000012
@000638ca
000000a5
@000658ca
000000cd
@000678ca
000000f7
@000618cb
00000012
@000638cb
000000a5
@000658cb
000000cd
@000678cb
000000f7
@000618cc
00000012
@000638cc
000000a5
@000658cc
000000cd
@000678cc
000000f7
@000618cd
00000012
@000638cd
000000a5
@000658cd
000000cd
@000678cd
000000f7
@000618ce
00000012
@000638ce
000000a5
@000658ce
000000cd
@000678ce
000000f7
@000618cf
00000012
@000638cf
000000a5
@000658cf
000000cd
@000678cf
000000f7
@000618d0
00000012
@000638d0
000000a5
@000658d0
000000cd
@000678d0
000000f7
@000618d1
00000012
@000638d1
000000a5
@000658d1
000000cd
@000678d1
000000f7
@000618d2
00000012
@000638d2
000000a5
@000658d2
000000cd
@000678d2
000000f7
@000618d3
00000012
@000638d3
000000a5
@000658d3
000000cd
@000678d3
000000f7
@000618d4
00000012
@000638d4
000000a5
@000658d4
000000cd
@000678d4
000000f7
@000618d5
00000012
@000638d5
000000a5
@000658d5
000000cd
@000678d5
000000f7
@000618d6
00000012
@000638d6
000000a5
@000658d6
000000cd
@000678d6
000000f7
@000618d7
00000012
@000638d7
000000a5
@000658d7
000000cd
@000678d7
000000f7
@000618d8
00000012
@000638d8
000000a5
@000658d8
000000cd
@000678d8
000000f7
@000618d9
00000012
@000638d9
000000a5
@000658d9
000000cd
@000678d9
000000f7
@000618da
00000012
@000638da
000000a5
@000658da
000000cd
@000678da
000000f7
@000618db
00000012
@000638db
000000a5
@000658db
000000cd
@000678db
000000f7
@000618dc
00000012
@000638dc
000000a5
@000658dc
000000cd
@000678dc
000000f7
@000618dd
00000012
@000638dd
000000a5
@000658dd
000000cd
@000678dd
000000f7
@000618de
00000012
@000638de
000000a5
@000658de
000000cd
@000678de
000000f7
@000618df
00000012
@000638df
000000a5
@000658df
000000cd
@000678df
000000f7
@000618e0
00000012
@000638e0
000000a5
@000658e0
000000cd
@000678e0
000000f7
@000618e1
00000012
@000638e1
000000a5
@000658e1
000000cd
@000678e1
000000f7
@000618e2
00000012
@000638e2
000000a5
@000658e2
000000cd
@000678e2
000000f7
@000618e3
00000012
@000638e3
000000a5
@000658e3
000000cd
@000678e3
000000f7
@000618e4
00000012
@000638e4
000000a5
@000658e4
000000cd
@000678e4
000000f7
@000618e5
00000012
@000638e5
000000a5
@000658e5
000000cd
@000678e5
000000f7
@000618e6
00000012
@000638e6
000000a5
@000658e6
000000cd
@000678e6
000000f7
@000618e7
00000012
@000638e7
000000a5
@000658e7
000000cd
@000678e7
000000f7
@000618e8
00000012
@000638e8
000000a5
@000658e8
000000cd
@000678e8
000000f7
@000618e9
00000012
@000638e9
000000a5
@000658e9
000000cd
@000678e9
000000f7
@000618ea
00000012
@000638ea
000000a5
@000658ea
000000cd
@000678ea
000000f7
@000618eb
00000012
@000638eb
000000a5
@000658eb
000000cd
@000678eb
000000f7
@000618ec
00000012
@000638ec
000000a5
@000658ec
000000cd
@000678ec
000000f7
@000618ed
00000012
@000638ed
000000a5
@000658ed
000000cd
@000678ed
000000f7
@000618ee
00000012
@000638ee
000000a5
@000658ee
000000cd
@000678ee
000000f7
@000618ef
00000012
@000638ef
000000a5
@000658ef
000000cd
@000678ef
000000f7
@000618f0
00000012
@000638f0
000000a5
@000658f0
000000cd
@000678f0
000000f7
@000618f1
00000012
@000638f1
000000a5
@000658f1
000000cd
@000678f1
000000f7
@000618f2
00000012
@000638f2
000000a5
@000658f2
000000cd
@000678f2
000000f7
@000618f3
00000012
@000638f3
000000a5
@000658f3
000000cd
@000678f3
000000f7
@000618f4
00000012
@000638f4
000000a5
@000658f4
000000cd
@000678f4
000000f7
@000618f5
00000012
@000638f5
000000a5
@000658f5
000000cd
@000678f5
000000f7
@000618f6
00000012
@000638f6
000000a5
@000658f6
000000cd
@000678f6
000000f7
@000618f7
00000012
@000638f7
000000a5
@000658f7
000000cd
@000678f7
000000f7
@000618f8
00000012
@000638f8
000000a5
@000658f8
000000cd
@000678f8
000000f7
@000618f9
00000012
@000638f9
000000a5
@000658f9
000000cd
@000678f9
000000f7
@000618fa
00000012
@000638fa
000000a5
@000658fa
000000cd
@000678fa
000000f7
@000618fb
00000012
@000638fb
000000a5
@000658fb
000000cd
@000678fb
000000f7
@000618fc
00000012
@000638fc
000000a5
@000658fc
000000cd
@000678fc
000000f7
@000618fd
00000012
@000638fd
000000a5
@000658fd
000000cd
@000678fd
000000f7
@000618fe
00000012
@000638fe
000000a5
@000658fe
000000cd
@000678fe
000000f7
@000618ff
00000012
@000638ff
000000a5
@000658ff
000000cd
@000678ff
000000f7
@00061900
00000012
@00063900
000000a5
@00065900
000000cd
@00067900
000000f7
@00061901
00000012
@00063901
000000a5
@00065901
000000cd
@00067901
000000f7
@00061902
00000012
@00063902
000000a5
@00065902
000000cd
@00067902
000000f7
@00061903
00000012
@00063903
000000a5
@00065903
000000cd
@00067903
000000f7
@00061904
00000012
@00063904
000000a5
@00065904
000000cd
@00067904
000000f7
@00061905
00000012
@00063905
000000a5
@00065905
000000cd
@00067905
000000f7
@00061906
00000012
@00063906
000000a5
@00065906
000000cd
@00067906
000000f7
@00061907
00000012
@00063907
000000a5
@00065907
000000cd
@00067907
000000f7
@00061908
00000012
@00063908
000000a5
@00065908
000000cd
@00067908
000000f7
@00061909
00000012
@00063909
000000a5
@00065909
000000cd
@00067909
000000f7
@0006190a
00000012
@0006390a
000000a5
@0006590a
000000cd
@0006790a
000000f7
@0006190b
00000012
@0006390b
000000a5
@0006590b
000000cd
@0006790b
000000f7
@0006190c
00000012
@0006390c
000000a5
@0006590c
000000cd
@0006790c
000000f7
@0006190d
00000012
@0006390d
000000a5
@0006590d
000000cd
@0006790d
000000f7
@0006190e
00000012
@0006390e
000000a5
@0006590e
000000cd
@0006790e
000000f7
@0006190f
00000012
@0006390f
000000a5
@0006590f
000000cd
@0006790f
000000f7
@00061910
00000012
@00063910
000000a5
@00065910
000000cd
@00067910
000000f7
@00061911
00000012
@00063911
000000a5
@00065911
000000cd
@00067911
000000f7
@00061912
00000012
@00063912
000000a5
@00065912
000000cd
@00067912
000000f7
@00061913
00000012
@00063913
000000a5
@00065913
000000cd
@00067913
000000f7
@00061914
00000012
@00063914
000000a5
@00065914
000000cd
@00067914
000000f7
@00061915
00000012
@00063915
000000a5
@00065915
000000cd
@00067915
000000f7
@00061916
00000012
@00063916
000000a5
@00065916
000000cd
@00067916
000000f7
@00061917
00000012
@00063917
000000a5
@00065917
000000cd
@00067917
000000f7
@00061918
00000012
@00063918
000000a5
@00065918
000000cd
@00067918
000000f7
@00061919
00000012
@00063919
000000a5
@00065919
000000cd
@00067919
000000f7
@0006191a
00000012
@0006391a
000000a5
@0006591a
000000cd
@0006791a
000000f7
@0006191b
00000012
@0006391b
000000a5
@0006591b
000000cd
@0006791b
000000f7
@0006191c
00000012
@0006391c
000000a5
@0006591c
000000cd
@0006791c
000000f7
@0006191d
00000012
@0006391d
000000a5
@0006591d
000000cd
@0006791d
000000f7
@0006191e
00000012
@0006391e
000000a5
@0006591e
000000cd
@0006791e
000000f7
@0006191f
00000012
@0006391f
000000a5
@0006591f
000000cd
@0006791f
000000f7
@00061920
00000012
@00063920
000000a5
@00065920
000000cd
@00067920
000000f7
@00061921
00000012
@00063921
000000a5
@00065921
000000cd
@00067921
000000f7
@00061922
00000012
@00063922
000000a5
@00065922
000000cd
@00067922
000000f7
@00061923
00000012
@00063923
000000a5
@00065923
000000cd
@00067923
000000f7
@00061924
00000012
@00063924
000000a5
@00065924
000000cd
@00067924
000000f7
@00061925
00000012
@00063925
000000a5
@00065925
000000cd
@00067925
000000f7
@00061926
00000012
@00063926
000000a5
@00065926
000000cd
@00067926
000000f7
@00061927
00000012
@00063927
000000a5
@00065927
000000cd
@00067927
000000f7
@00061928
00000012
@00063928
000000a5
@00065928
000000cd
@00067928
000000f7
@00061929
00000012
@00063929
000000a5
@00065929
000000cd
@00067929
000000f7
@0006192a
00000012
@0006392a
000000a5
@0006592a
000000cd
@0006792a
000000f7
@0006192b
00000012
@0006392b
000000a5
@0006592b
000000cd
@0006792b
000000f7
@0006192c
00000012
@0006392c
000000a5
@0006592c
000000cd
@0006792c
000000f7
@0006192d
00000012
@0006392d
000000a5
@0006592d
000000cd
@0006792d
000000f7
@0006192e
00000012
@0006392e
000000a5
@0006592e
000000cd
@0006792e
000000f7
@0006192f
00000012
@0006392f
000000a5
@0006592f
000000cd
@0006792f
000000f7
@00061930
00000012
@00063930
000000a5
@00065930
000000cd
@00067930
000000f7
@00061931
00000012
@00063931
000000a5
@00065931
000000cd
@00067931
000000f7
@00061932
00000012
@00063932
000000a5
@00065932
000000cd
@00067932
000000f7
@00061933
00000012
@00063933
000000a5
@00065933
000000cd
@00067933
000000f7
@00061934
00000012
@00063934
000000a5
@00065934
000000cd
@00067934
000000f7
@00061935
00000012
@00063935
000000a5
@00065935
000000cd
@00067935
000000f7
@00061936
00000012
@00063936
000000a5
@00065936
000000cd
@00067936
000000f7
@00061937
00000012
@00063937
000000a5
@00065937
000000cd
@00067937
000000f7
@00061938
00000012
@00063938
000000a5
@00065938
000000cd
@00067938
000000f7
@00061939
00000012
@00063939
000000a5
@00065939
000000cd
@00067939
000000f7
@0006193a
00000012
@0006393a
000000a5
@0006593a
000000cd
@0006793a
000000f7
@0006193b
00000012
@0006393b
000000a5
@0006593b
000000cd
@0006793b
000000f7
@0006193c
00000012
@0006393c
000000a5
@0006593c
000000cd
@0006793c
000000f7
@0006193d
00000012
@0006393d
000000a5
@0006593d
000000cd
@0006793d
000000f7
@0006193e
00000012
@0006393e
000000a5
@0006593e
000000cd
@0006793e
000000f7
@0006193f
00000012
@0006393f
000000a5
@0006593f
000000cd
@0006793f
000000f7
@00061940
00000012
@00063940
000000a5
@00065940
000000cd
@00067940
000000f7
@00061941
00000012
@00063941
000000a5
@00065941
000000cd
@00067941
000000f7
@00061942
00000012
@00063942
000000a5
@00065942
000000cd
@00067942
000000f7
@00061943
00000012
@00063943
000000a5
@00065943
000000cd
@00067943
000000f7
@00061944
00000012
@00063944
000000a5
@00065944
000000cd
@00067944
000000f7
@00061945
00000012
@00063945
000000a5
@00065945
000000cd
@00067945
000000f7
@00061946
00000012
@00063946
000000a5
@00065946
000000cd
@00067946
000000f7
@00061947
00000012
@00063947
000000a5
@00065947
000000cd
@00067947
000000f7
@00061948
00000012
@00063948
000000a5
@00065948
000000cd
@00067948
000000f7
@00061949
00000012
@00063949
000000a5
@00065949
000000cd
@00067949
000000f7
@0006194a
00000012
@0006394a
000000a5
@0006594a
000000cd
@0006794a
000000f7
@0006194b
00000012
@0006394b
000000a5
@0006594b
000000cd
@0006794b
000000f7
@0006194c
00000012
@0006394c
000000a5
@0006594c
000000cd
@0006794c
000000f7
@0006194d
00000012
@0006394d
000000a5
@0006594d
000000cd
@0006794d
000000f7
@0006194e
00000012
@0006394e
000000a5
@0006594e
000000cd
@0006794e
000000f7
@0006194f
00000012
@0006394f
000000a5
@0006594f
000000cd
@0006794f
000000f7
@00061950
00000012
@00063950
000000a5
@00065950
000000cd
@00067950
000000f7
@00061951
00000012
@00063951
000000a5
@00065951
000000cd
@00067951
000000f7
@00061952
00000012
@00063952
000000a5
@00065952
000000cd
@00067952
000000f7
@00061953
00000012
@00063953
000000a5
@00065953
000000cd
@00067953
000000f7
@00061954
00000012
@00063954
000000a5
@00065954
000000cd
@00067954
000000f7
@00061955
00000012
@00063955
000000a5
@00065955
000000cd
@00067955
000000f7
@00061956
00000012
@00063956
000000a5
@00065956
000000cd
@00067956
000000f7
@00061957
00000012
@00063957
000000a5
@00065957
000000cd
@00067957
000000f7
@00061958
00000012
@00063958
000000a5
@00065958
000000cd
@00067958
000000f7
@00061959
00000012
@00063959
000000a5
@00065959
000000cd
@00067959
000000f7
@0006195a
00000012
@0006395a
000000a5
@0006595a
000000cd
@0006795a
000000f7
@0006195b
00000012
@0006395b
000000a5
@0006595b
000000cd
@0006795b
000000f7
@0006195c
00000012
@0006395c
000000a5
@0006595c
000000cd
@0006795c
000000f7
@0006195d
00000012
@0006395d
000000a5
@0006595d
000000cd
@0006795d
000000f7
@0006195e
00000012
@0006395e
000000a5
@0006595e
000000cd
@0006795e
000000f7
@0006195f
00000012
@0006395f
000000a5
@0006595f
000000cd
@0006795f
000000f7
@00061960
00000012
@00063960
000000a5
@00065960
000000cd
@00067960
000000f7
@00061961
00000012
@00063961
000000a5
@00065961
000000cd
@00067961
000000f7
@00061962
00000012
@00063962
000000a5
@00065962
000000cd
@00067962
000000f7
@00061963
00000012
@00063963
000000a5
@00065963
000000cd
@00067963
000000f7
@00061964
00000012
@00063964
000000a5
@00065964
000000cd
@00067964
000000f7
@00061965
00000012
@00063965
000000a5
@00065965
000000cd
@00067965
000000f7
@00061966
00000012
@00063966
000000a5
@00065966
000000cd
@00067966
000000f7
@00061967
00000012
@00063967
000000a5
@00065967
000000cd
@00067967
000000f7
@00061968
00000012
@00063968
000000a5
@00065968
000000cd
@00067968
000000f7
@00061969
00000012
@00063969
000000a5
@00065969
000000cd
@00067969
000000f7
@0006196a
00000012
@0006396a
000000a5
@0006596a
000000cd
@0006796a
000000f7
@0006196b
00000012
@0006396b
000000a5
@0006596b
000000cd
@0006796b
000000f7
@0006196c
00000012
@0006396c
000000a5
@0006596c
000000cd
@0006796c
000000f7
@0006196d
00000012
@0006396d
000000a5
@0006596d
000000cd
@0006796d
000000f7
@0006196e
00000012
@0006396e
000000a5
@0006596e
000000cd
@0006796e
000000f7
@0006196f
00000012
@0006396f
000000a5
@0006596f
000000cd
@0006796f
000000f7
@00061970
00000012
@00063970
000000a5
@00065970
000000cd
@00067970
000000f7
@00061971
00000012
@00063971
000000a5
@00065971
000000cd
@00067971
000000f7
@00061972
00000012
@00063972
000000a5
@00065972
000000cd
@00067972
000000f7
@00061973
00000012
@00063973
000000a5
@00065973
000000cd
@00067973
000000f7
@00061974
00000012
@00063974
000000a5
@00065974
000000cd
@00067974
000000f7
@00061975
00000012
@00063975
000000a5
@00065975
000000cd
@00067975
000000f7
@00061976
00000012
@00063976
000000a5
@00065976
000000cd
@00067976
000000f7
@00061977
00000012
@00063977
000000a5
@00065977
000000cd
@00067977
000000f7
@00061978
00000012
@00063978
000000a5
@00065978
000000cd
@00067978
000000f7
@00061979
00000012
@00063979
000000a5
@00065979
000000cd
@00067979
000000f7
@0006197a
00000012
@0006397a
000000a5
@0006597a
000000cd
@0006797a
000000f7
@0006197b
00000012
@0006397b
000000a5
@0006597b
000000cd
@0006797b
000000f7
@0006197c
00000012
@0006397c
000000a5
@0006597c
000000cd
@0006797c
000000f7
@0006197d
00000012
@0006397d
000000a5
@0006597d
000000cd
@0006797d
000000f7
@0006197e
00000012
@0006397e
000000a5
@0006597e
000000cd
@0006797e
000000f7
@0006197f
00000012
@0006397f
000000a5
@0006597f
000000cd
@0006797f
000000f7
@00061980
00000012
@00063980
000000a5
@00065980
000000cd
@00067980
000000f7
@00061981
00000012
@00063981
000000a5
@00065981
000000cd
@00067981
000000f7
@00061982
00000012
@00063982
000000a5
@00065982
000000cd
@00067982
000000f7
@00061983
00000012
@00063983
000000a5
@00065983
000000cd
@00067983
000000f7
@00061984
00000012
@00063984
000000a5
@00065984
000000cd
@00067984
000000f7
@00061985
00000012
@00063985
000000a5
@00065985
000000cd
@00067985
000000f7
@00061986
00000012
@00063986
000000a5
@00065986
000000cd
@00067986
000000f7
@00061987
00000012
@00063987
000000a5
@00065987
000000cd
@00067987
000000f7
@00061988
00000012
@00063988
000000a5
@00065988
000000cd
@00067988
000000f7
@00061989
00000012
@00063989
000000a5
@00065989
000000cd
@00067989
000000f7
@0006198a
00000012
@0006398a
000000a5
@0006598a
000000cd
@0006798a
000000f7
@0006198b
00000012
@0006398b
000000a5
@0006598b
000000cd
@0006798b
000000f7
@0006198c
00000012
@0006398c
000000a5
@0006598c
000000cd
@0006798c
000000f7
@0006198d
00000012
@0006398d
000000a5
@0006598d
000000cd
@0006798d
000000f7
@0006198e
00000012
@0006398e
000000a5
@0006598e
000000cd
@0006798e
000000f7
@0006198f
00000012
@0006398f
000000a5
@0006598f
000000cd
@0006798f
000000f7
@00061990
00000012
@00063990
000000a5
@00065990
000000cd
@00067990
000000f7
@00061991
00000012
@00063991
000000a5
@00065991
000000cd
@00067991
000000f7
@00061992
00000012
@00063992
000000a5
@00065992
000000cd
@00067992
000000f7
@00061993
00000012
@00063993
000000a5
@00065993
000000cd
@00067993
000000f7
@00061994
00000012
@00063994
000000a5
@00065994
000000cd
@00067994
000000f7
@00061995
00000012
@00063995
000000a5
@00065995
000000cd
@00067995
000000f7
@00061996
00000012
@00063996
000000a5
@00065996
000000cd
@00067996
000000f7
@00061997
00000012
@00063997
000000a5
@00065997
000000cd
@00067997
000000f7
@00061998
00000012
@00063998
000000a5
@00065998
000000cd
@00067998
000000f7
@00061999
00000012
@00063999
000000a5
@00065999
000000cd
@00067999
000000f7
@0006199a
00000012
@0006399a
000000a5
@0006599a
000000cd
@0006799a
000000f7
@0006199b
00000012
@0006399b
000000a5
@0006599b
000000cd
@0006799b
000000f7
@0006199c
00000012
@0006399c
000000a5
@0006599c
000000cd
@0006799c
000000f7
@0006199d
00000012
@0006399d
000000a5
@0006599d
000000cd
@0006799d
000000f7
@0006199e
00000012
@0006399e
000000a5
@0006599e
000000cd
@0006799e
000000f7
@0006199f
00000012
@0006399f
000000a5
@0006599f
000000cd
@0006799f
000000f7
@000619a0
00000012
@000639a0
000000a5
@000659a0
000000cd
@000679a0
000000f7
@000619a1
00000012
@000639a1
000000a5
@000659a1
000000cd
@000679a1
000000f7
@000619a2
00000012
@000639a2
000000a5
@000659a2
000000cd
@000679a2
000000f7
@000619a3
00000012
@000639a3
000000a5
@000659a3
000000cd
@000679a3
000000f7
@000619a4
00000012
@000639a4
000000a5
@000659a4
000000cd
@000679a4
000000f7
@000619a5
00000012
@000639a5
000000a5
@000659a5
000000cd
@000679a5
000000f7
@000619a6
00000012
@000639a6
000000a5
@000659a6
000000cd
@000679a6
000000f7
@000619a7
00000012
@000639a7
000000a5
@000659a7
000000cd
@000679a7
000000f7
@000619a8
00000012
@000639a8
000000a5
@000659a8
000000cd
@000679a8
000000f7
@000619a9
00000012
@000639a9
000000a5
@000659a9
000000cd
@000679a9
000000f7
@000619aa
00000012
@000639aa
000000a5
@000659aa
000000cd
@000679aa
000000f7
@000619ab
00000012
@000639ab
000000a5
@000659ab
000000cd
@000679ab
000000f7
@000619ac
00000012
@000639ac
000000a5
@000659ac
000000cd
@000679ac
000000f7
@000619ad
00000012
@000639ad
000000a5
@000659ad
000000cd
@000679ad
000000f7
@000619ae
00000012
@000639ae
000000a5
@000659ae
000000cd
@000679ae
000000f7
@000619af
00000012
@000639af
000000a5
@000659af
000000cd
@000679af
000000f7
@000619b0
00000012
@000639b0
000000a5
@000659b0
000000cd
@000679b0
000000f7
@000619b1
00000012
@000639b1
000000a5
@000659b1
000000cd
@000679b1
000000f7
@000619b2
00000012
@000639b2
000000a5
@000659b2
000000cd
@000679b2
000000f7
@000619b3
00000012
@000639b3
000000a5
@000659b3
000000cd
@000679b3
000000f7
@000619b4
00000012
@000639b4
000000a5
@000659b4
000000cd
@000679b4
000000f7
@000619b5
00000012
@000639b5
000000a5
@000659b5
000000cd
@000679b5
000000f7
@000619b6
00000012
@000639b6
000000a5
@000659b6
000000cd
@000679b6
000000f7
@000619b7
00000012
@000639b7
000000a5
@000659b7
000000cd
@000679b7
000000f7
@000619b8
00000012
@000639b8
000000a5
@000659b8
000000cd
@000679b8
000000f7
@000619b9
00000012
@000639b9
000000a5
@000659b9
000000cd
@000679b9
000000f7
@000619ba
00000012
@000639ba
000000a5
@000659ba
000000cd
@000679ba
000000f7
@000619bb
00000012
@000639bb
000000a5
@000659bb
000000cd
@000679bb
000000f7
@000619bc
00000012
@000639bc
000000a5
@000659bc
000000cd
@000679bc
000000f7
@000619bd
00000012
@000639bd
000000a5
@000659bd
000000cd
@000679bd
000000f7
@000619be
00000012
@000639be
000000a5
@000659be
000000cd
@000679be
000000f7
@000619bf
00000012
@000639bf
000000a5
@000659bf
000000cd
@000679bf
000000f7
@000619c0
00000012
@000639c0
000000a5
@000659c0
000000cd
@000679c0
000000f7
@000619c1
00000012
@000639c1
000000a5
@000659c1
000000cd
@000679c1
000000f7
@000619c2
00000012
@000639c2
000000a5
@000659c2
000000cd
@000679c2
000000f7
@000619c3
00000012
@000639c3
000000a5
@000659c3
000000cd
@000679c3
000000f7
@000619c4
00000012
@000639c4
000000a5
@000659c4
000000cd
@000679c4
000000f7
@000619c5
00000012
@000639c5
000000a5
@000659c5
000000cd
@000679c5
000000f7
@000619c6
00000012
@000639c6
000000a5
@000659c6
000000cd
@000679c6
000000f7
@000619c7
00000012
@000639c7
000000a5
@000659c7
000000cd
@000679c7
000000f7
@000619c8
00000012
@000639c8
000000a5
@000659c8
000000cd
@000679c8
000000f7
@000619c9
00000012
@000639c9
000000a5
@000659c9
000000cd
@000679c9
000000f7
@000619ca
00000012
@000639ca
000000a5
@000659ca
000000cd
@000679ca
000000f7
@000619cb
00000012
@000639cb
000000a5
@000659cb
000000cd
@000679cb
000000f7
@000619cc
00000012
@000639cc
000000a5
@000659cc
000000cd
@000679cc
000000f7
@000619cd
00000012
@000639cd
000000a5
@000659cd
000000cd
@000679cd
000000f7
@000619ce
00000012
@000639ce
000000a5
@000659ce
000000cd
@000679ce
000000f7
@000619cf
00000012
@000639cf
000000a5
@000659cf
000000cd
@000679cf
000000f7
@000619d0
00000012
@000639d0
000000a5
@000659d0
000000cd
@000679d0
000000f7
@000619d1
00000012
@000639d1
000000a5
@000659d1
000000cd
@000679d1
000000f7
@000619d2
00000012
@000639d2
000000a5
@000659d2
000000cd
@000679d2
000000f7
@000619d3
00000012
@000639d3
000000a5
@000659d3
000000cd
@000679d3
000000f7
@000619d4
00000012
@000639d4
000000a5
@000659d4
000000cd
@000679d4
000000f7
@000619d5
00000012
@000639d5
000000a5
@000659d5
000000cd
@000679d5
000000f7
@000619d6
00000012
@000639d6
000000a5
@000659d6
000000cd
@000679d6
000000f7
@000619d7
00000012
@000639d7
000000a5
@000659d7
000000cd
@000679d7
000000f7
@000619d8
00000012
@000639d8
000000a5
@000659d8
000000cd
@000679d8
000000f7
@000619d9
00000012
@000639d9
000000a5
@000659d9
000000cd
@000679d9
000000f7
@000619da
00000012
@000639da
000000a5
@000659da
000000cd
@000679da
000000f7
@000619db
00000012
@000639db
000000a5
@000659db
000000cd
@000679db
000000f7
@000619dc
00000012
@000639dc
000000a5
@000659dc
000000cd
@000679dc
000000f7
@000619dd
00000012
@000639dd
000000a5
@000659dd
000000cd
@000679dd
000000f7
@000619de
00000012
@000639de
000000a5
@000659de
000000cd
@000679de
000000f7
@000619df
00000012
@000639df
000000a5
@000659df
000000cd
@000679df
000000f7
@000619e0
00000012
@000639e0
000000a5
@000659e0
000000cd
@000679e0
000000f7
@000619e1
00000012
@000639e1
000000a5
@000659e1
000000cd
@000679e1
000000f7
@000619e2
00000012
@000639e2
000000a5
@000659e2
000000cd
@000679e2
000000f7
@000619e3
00000012
@000639e3
000000a5
@000659e3
000000cd
@000679e3
000000f7
@000619e4
00000012
@000639e4
000000a5
@000659e4
000000cd
@000679e4
000000f7
@000619e5
00000012
@000639e5
000000a5
@000659e5
000000cd
@000679e5
000000f7
@000619e6
00000012
@000639e6
000000a5
@000659e6
000000cd
@000679e6
000000f7
@000619e7
00000012
@000639e7
000000a5
@000659e7
000000cd
@000679e7
000000f7
@000619e8
00000012
@000639e8
000000a5
@000659e8
000000cd
@000679e8
000000f7
@000619e9
00000012
@000639e9
000000a5
@000659e9
000000cd
@000679e9
000000f7
@000619ea
00000012
@000639ea
000000a5
@000659ea
000000cd
@000679ea
000000f7
@000619eb
00000012
@000639eb
000000a5
@000659eb
000000cd
@000679eb
000000f7
@000619ec
00000012
@000639ec
000000a5
@000659ec
000000cd
@000679ec
000000f7
@000619ed
00000012
@000639ed
000000a5
@000659ed
000000cd
@000679ed
000000f7
@000619ee
00000012
@000639ee
000000a5
@000659ee
000000cd
@000679ee
000000f7
@000619ef
00000012
@000639ef
000000a5
@000659ef
000000cd
@000679ef
000000f7
@000619f0
00000012
@000639f0
000000a5
@000659f0
000000cd
@000679f0
000000f7
@000619f1
00000012
@000639f1
000000a5
@000659f1
000000cd
@000679f1
000000f7
@000619f2
00000012
@000639f2
000000a5
@000659f2
000000cd
@000679f2
000000f7
@000619f3
00000012
@000639f3
000000a5
@000659f3
000000cd
@000679f3
000000f7
@000619f4
00000012
@000639f4
000000a5
@000659f4
000000cd
@000679f4
000000f7
@000619f5
00000012
@000639f5
000000a5
@000659f5
000000cd
@000679f5
000000f7
@000619f6
00000012
@000639f6
000000a5
@000659f6
000000cd
@000679f6
000000f7
@000619f7
00000012
@000639f7
000000a5
@000659f7
000000cd
@000679f7
000000f7
@000619f8
00000012
@000639f8
000000a5
@000659f8
000000cd
@000679f8
000000f7
@000619f9
00000012
@000639f9
000000a5
@000659f9
000000cd
@000679f9
000000f7
@000619fa
00000012
@000639fa
000000a5
@000659fa
000000cd
@000679fa
000000f7
@000619fb
00000012
@000639fb
000000a5
@000659fb
000000cd
@000679fb
000000f7
@000619fc
00000012
@000639fc
000000a5
@000659fc
000000cd
@000679fc
000000f7
@000619fd
00000012
@000639fd
000000a5
@000659fd
000000cd
@000679fd
000000f7
@000619fe
00000012
@000639fe
000000a5
@000659fe
000000cd
@000679fe
000000f7
@000619ff
00000012
@000639ff
000000a5
@000659ff
000000cd
@000679ff
000000f7
@00061a00
00000012
@00063a00
000000a5
@00065a00
000000cd
@00067a00
000000f7
@00061a01
00000012
@00063a01
000000a5
@00065a01
000000cd
@00067a01
000000f7
@00061a02
00000012
@00063a02
000000a5
@00065a02
000000cd
@00067a02
000000f7
@00061a03
00000012
@00063a03
000000a5
@00065a03
000000cd
@00067a03
000000f7
@00061a04
00000012
@00063a04
000000a5
@00065a04
000000cd
@00067a04
000000f7
@00061a05
00000012
@00063a05
000000a5
@00065a05
000000cd
@00067a05
000000f7
@00061a06
00000012
@00063a06
000000a5
@00065a06
000000cd
@00067a06
000000f7
@00061a07
00000012
@00063a07
000000a5
@00065a07
000000cd
@00067a07
000000f7
@00061a08
00000012
@00063a08
000000a5
@00065a08
000000cd
@00067a08
000000f7
@00061a09
00000012
@00063a09
000000a5
@00065a09
000000cd
@00067a09
000000f7
@00061a0a
00000012
@00063a0a
000000a5
@00065a0a
000000cd
@00067a0a
000000f7
@00061a0b
00000012
@00063a0b
000000a5
@00065a0b
000000cd
@00067a0b
000000f7
@00061a0c
00000012
@00063a0c
000000a5
@00065a0c
000000cd
@00067a0c
000000f7
@00061a0d
00000012
@00063a0d
000000a5
@00065a0d
000000cd
@00067a0d
000000f7
@00061a0e
00000012
@00063a0e
000000a5
@00065a0e
000000cd
@00067a0e
000000f7
@00061a0f
00000012
@00063a0f
000000a5
@00065a0f
000000cd
@00067a0f
000000f7
@00061a10
00000012
@00063a10
000000a5
@00065a10
000000cd
@00067a10
000000f7
@00061a11
00000012
@00063a11
000000a5
@00065a11
000000cd
@00067a11
000000f7
@00061a12
00000012
@00063a12
000000a5
@00065a12
000000cd
@00067a12
000000f7
@00061a13
00000012
@00063a13
000000a5
@00065a13
000000cd
@00067a13
000000f7
@00061a14
00000012
@00063a14
000000a5
@00065a14
000000cd
@00067a14
000000f7
@00061a15
00000012
@00063a15
000000a5
@00065a15
000000cd
@00067a15
000000f7
@00061a16
00000012
@00063a16
000000a5
@00065a16
000000cd
@00067a16
000000f7
@00061a17
00000012
@00063a17
000000a5
@00065a17
000000cd
@00067a17
000000f7
@00061a18
00000012
@00063a18
000000a5
@00065a18
000000cd
@00067a18
000000f7
@00061a19
00000012
@00063a19
000000a5
@00065a19
000000cd
@00067a19
000000f7
@00061a1a
00000012
@00063a1a
000000a5
@00065a1a
000000cd
@00067a1a
000000f7
@00061a1b
00000012
@00063a1b
000000a5
@00065a1b
000000cd
@00067a1b
000000f7
@00061a1c
00000012
@00063a1c
000000a5
@00065a1c
000000cd
@00067a1c
000000f7
@00061a1d
00000012
@00063a1d
000000a5
@00065a1d
000000cd
@00067a1d
000000f7
@00061a1e
00000012
@00063a1e
000000a5
@00065a1e
000000cd
@00067a1e
000000f7
@00061a1f
00000012
@00063a1f
000000a5
@00065a1f
000000cd
@00067a1f
000000f7
@00061a20
00000012
@00063a20
000000a5
@00065a20
000000cd
@00067a20
000000f7
@00061a21
00000012
@00063a21
000000a5
@00065a21
000000cd
@00067a21
000000f7
@00061a22
00000012
@00063a22
000000a5
@00065a22
000000cd
@00067a22
000000f7
@00061a23
00000012
@00063a23
000000a5
@00065a23
000000cd
@00067a23
000000f7
@00061a24
00000012
@00063a24
000000a5
@00065a24
000000cd
@00067a24
000000f7
@00061a25
00000012
@00063a25
000000a5
@00065a25
000000cd
@00067a25
000000f7
@00061a26
00000012
@00063a26
000000a5
@00065a26
000000cd
@00067a26
000000f7
@00061a27
00000012
@00063a27
000000a5
@00065a27
000000cd
@00067a27
000000f7
@00061a28
00000012
@00063a28
000000a5
@00065a28
000000cd
@00067a28
000000f7
@00061a29
00000012
@00063a29
000000a5
@00065a29
000000cd
@00067a29
000000f7
@00061a2a
00000012
@00063a2a
000000a5
@00065a2a
000000cd
@00067a2a
000000f7
@00061a2b
00000012
@00063a2b
000000a5
@00065a2b
000000cd
@00067a2b
000000f7
@00061a2c
00000012
@00063a2c
000000a5
@00065a2c
000000cd
@00067a2c
000000f7
@00061a2d
00000012
@00063a2d
000000a5
@00065a2d
000000cd
@00067a2d
000000f7
@00061a2e
00000012
@00063a2e
000000a5
@00065a2e
000000cd
@00067a2e
000000f7
@00061a2f
00000012
@00063a2f
000000a5
@00065a2f
000000cd
@00067a2f
000000f7
@00061a30
00000012
@00063a30
000000a5
@00065a30
000000cd
@00067a30
000000f7
@00061a31
00000012
@00063a31
000000a5
@00065a31
000000cd
@00067a31
000000f7
@00061a32
00000012
@00063a32
000000a5
@00065a32
000000cd
@00067a32
000000f7
@00061a33
00000012
@00063a33
000000a5
@00065a33
000000cd
@00067a33
000000f7
@00061a34
00000012
@00063a34
000000a5
@00065a34
000000cd
@00067a34
000000f7
@00061a35
00000012
@00063a35
000000a5
@00065a35
000000cd
@00067a35
000000f7
@00061a36
00000012
@00063a36
000000a5
@00065a36
000000cd
@00067a36
000000f7
@00061a37
00000012
@00063a37
000000a5
@00065a37
000000cd
@00067a37
000000f7
@00061a38
00000012
@00063a38
000000a5
@00065a38
000000cd
@00067a38
000000f7
@00061a39
00000012
@00063a39
000000a5
@00065a39
000000cd
@00067a39
000000f7
@00061a3a
00000012
@00063a3a
000000a5
@00065a3a
000000cd
@00067a3a
000000f7
@00061a3b
00000012
@00063a3b
000000a5
@00065a3b
000000cd
@00067a3b
000000f7
@00061a3c
00000012
@00063a3c
000000a5
@00065a3c
000000cd
@00067a3c
000000f7
@00061a3d
00000012
@00063a3d
000000a5
@00065a3d
000000cd
@00067a3d
000000f7
@00061a3e
00000012
@00063a3e
000000a5
@00065a3e
000000cd
@00067a3e
000000f7
@00061a3f
00000012
@00063a3f
000000a5
@00065a3f
000000cd
@00067a3f
000000f7
@00061a40
00000012
@00063a40
000000a5
@00065a40
000000cd
@00067a40
000000f7
@00061a41
00000012
@00063a41
000000a5
@00065a41
000000cd
@00067a41
000000f7
@00061a42
00000012
@00063a42
000000a5
@00065a42
000000cd
@00067a42
000000f7
@00061a43
00000012
@00063a43
000000a5
@00065a43
000000cd
@00067a43
000000f7
@00061a44
00000012
@00063a44
000000a5
@00065a44
000000cd
@00067a44
000000f7
@00061a45
00000012
@00063a45
000000a5
@00065a45
000000cd
@00067a45
000000f7
@00061a46
00000012
@00063a46
000000a5
@00065a46
000000cd
@00067a46
000000f7
@00061a47
00000012
@00063a47
000000a5
@00065a47
000000cd
@00067a47
000000f7
@00061a48
00000012
@00063a48
000000a5
@00065a48
000000cd
@00067a48
000000f7
@00061a49
00000012
@00063a49
000000a5
@00065a49
000000cd
@00067a49
000000f7
@00061a4a
00000012
@00063a4a
000000a5
@00065a4a
000000cd
@00067a4a
000000f7
@00061a4b
00000012
@00063a4b
000000a5
@00065a4b
000000cd
@00067a4b
000000f7
@00061a4c
00000012
@00063a4c
000000a5
@00065a4c
000000cd
@00067a4c
000000f7
@00061a4d
00000012
@00063a4d
000000a5
@00065a4d
000000cd
@00067a4d
000000f7
@00061a4e
00000012
@00063a4e
000000a5
@00065a4e
000000cd
@00067a4e
000000f7
@00061a4f
00000012
@00063a4f
000000a5
@00065a4f
000000cd
@00067a4f
000000f7
@00061a50
00000012
@00063a50
000000a5
@00065a50
000000cd
@00067a50
000000f7
@00061a51
00000012
@00063a51
000000a5
@00065a51
000000cd
@00067a51
000000f7
@00061a52
00000012
@00063a52
000000a5
@00065a52
000000cd
@00067a52
000000f7
@00061a53
00000012
@00063a53
000000a5
@00065a53
000000cd
@00067a53
000000f7
@00061a54
00000012
@00063a54
000000a5
@00065a54
000000cd
@00067a54
000000f7
@00061a55
00000012
@00063a55
000000a5
@00065a55
000000cd
@00067a55
000000f7
@00061a56
00000012
@00063a56
000000a5
@00065a56
000000cd
@00067a56
000000f7
@00061a57
00000012
@00063a57
000000a5
@00065a57
000000cd
@00067a57
000000f7
@00061a58
00000012
@00063a58
000000a5
@00065a58
000000cd
@00067a58
000000f7
@00061a59
00000012
@00063a59
000000a5
@00065a59
000000cd
@00067a59
000000f7
@00061a5a
00000012
@00063a5a
000000a5
@00065a5a
000000cd
@00067a5a
000000f7
@00061a5b
00000012
@00063a5b
000000a5
@00065a5b
000000cd
@00067a5b
000000f7
@00061a5c
00000012
@00063a5c
000000a5
@00065a5c
000000cd
@00067a5c
000000f7
@00061a5d
00000012
@00063a5d
000000a5
@00065a5d
000000cd
@00067a5d
000000f7
@00061a5e
00000012
@00063a5e
000000a5
@00065a5e
000000cd
@00067a5e
000000f7
@00061a5f
00000012
@00063a5f
000000a5
@00065a5f
000000cd
@00067a5f
000000f7
@00061a60
00000012
@00063a60
000000a5
@00065a60
000000cd
@00067a60
000000f7
@00061a61
00000012
@00063a61
000000a5
@00065a61
000000cd
@00067a61
000000f7
@00061a62
00000012
@00063a62
000000a5
@00065a62
000000cd
@00067a62
000000f7
@00061a63
00000012
@00063a63
000000a5
@00065a63
000000cd
@00067a63
000000f7
@00061a64
00000012
@00063a64
000000a5
@00065a64
000000cd
@00067a64
000000f7
@00061a65
00000012
@00063a65
000000a5
@00065a65
000000cd
@00067a65
000000f7
@00061a66
00000012
@00063a66
000000a5
@00065a66
000000cd
@00067a66
000000f7
@00061a67
00000012
@00063a67
000000a5
@00065a67
000000cd
@00067a67
000000f7
@00061a68
00000012
@00063a68
000000a5
@00065a68
000000cd
@00067a68
000000f7
@00061a69
00000012
@00063a69
000000a5
@00065a69
000000cd
@00067a69
000000f7
@00061a6a
00000012
@00063a6a
000000a5
@00065a6a
000000cd
@00067a6a
000000f7
@00061a6b
00000012
@00063a6b
000000a5
@00065a6b
000000cd
@00067a6b
000000f7
@00061a6c
00000012
@00063a6c
000000a5
@00065a6c
000000cd
@00067a6c
000000f7
@00061a6d
00000012
@00063a6d
000000a5
@00065a6d
000000cd
@00067a6d
000000f7
@00061a6e
00000012
@00063a6e
000000a5
@00065a6e
000000cd
@00067a6e
000000f7
@00061a6f
00000012
@00063a6f
000000a5
@00065a6f
000000cd
@00067a6f
000000f7
@00061a70
00000012
@00063a70
000000a5
@00065a70
000000cd
@00067a70
000000f7
@00061a71
00000012
@00063a71
000000a5
@00065a71
000000cd
@00067a71
000000f7
@00061a72
00000012
@00063a72
000000a5
@00065a72
000000cd
@00067a72
000000f7
@00061a73
00000012
@00063a73
000000a5
@00065a73
000000cd
@00067a73
000000f7
@00061a74
00000012
@00063a74
000000a5
@00065a74
000000cd
@00067a74
000000f7
@00061a75
00000012
@00063a75
000000a5
@00065a75
000000cd
@00067a75
000000f7
@00061a76
00000012
@00063a76
000000a5
@00065a76
000000cd
@00067a76
000000f7
@00061a77
00000012
@00063a77
000000a5
@00065a77
000000cd
@00067a77
000000f7
@00061a78
00000012
@00063a78
000000a5
@00065a78
000000cd
@00067a78
000000f7
@00061a79
00000012
@00063a79
000000a5
@00065a79
000000cd
@00067a79
000000f7
@00061a7a
00000012
@00063a7a
000000a5
@00065a7a
000000cd
@00067a7a
000000f7
@00061a7b
00000012
@00063a7b
000000a5
@00065a7b
000000cd
@00067a7b
000000f7
@00061a7c
00000012
@00063a7c
000000a5
@00065a7c
000000cd
@00067a7c
000000f7
@00061a7d
00000012
@00063a7d
000000a5
@00065a7d
000000cd
@00067a7d
000000f7
@00061a7e
00000012
@00063a7e
000000a5
@00065a7e
000000cd
@00067a7e
000000f7
@00061a7f
00000012
@00063a7f
000000a5
@00065a7f
000000cd
@00067a7f
000000f7
@00061a80
00000012
@00063a80
000000a5
@00065a80
000000cd
@00067a80
000000f7
@00061a81
00000012
@00063a81
000000a5
@00065a81
000000cd
@00067a81
000000f7
@00061a82
00000012
@00063a82
000000a5
@00065a82
000000cd
@00067a82
000000f7
@00061a83
00000012
@00063a83
000000a5
@00065a83
000000cd
@00067a83
000000f7
@00061a84
00000012
@00063a84
000000a5
@00065a84
000000cd
@00067a84
000000f7
@00061a85
00000012
@00063a85
000000a5
@00065a85
000000cd
@00067a85
000000f7
@00061a86
00000012
@00063a86
000000a5
@00065a86
000000cd
@00067a86
000000f7
@00061a87
00000012
@00063a87
000000a5
@00065a87
000000cd
@00067a87
000000f7
@00061a88
00000012
@00063a88
000000a5
@00065a88
000000cd
@00067a88
000000f7
@00061a89
00000012
@00063a89
000000a5
@00065a89
000000cd
@00067a89
000000f7
@00061a8a
00000012
@00063a8a
000000a5
@00065a8a
000000cd
@00067a8a
000000f7
@00061a8b
00000012
@00063a8b
000000a5
@00065a8b
000000cd
@00067a8b
000000f7
@00061a8c
00000012
@00063a8c
000000a5
@00065a8c
000000cd
@00067a8c
000000f7
@00061a8d
00000012
@00063a8d
000000a5
@00065a8d
000000cd
@00067a8d
000000f7
@00061a8e
00000012
@00063a8e
000000a5
@00065a8e
000000cd
@00067a8e
000000f7
@00061a8f
00000012
@00063a8f
000000a5
@00065a8f
000000cd
@00067a8f
000000f7
@00061a90
00000012
@00063a90
000000a5
@00065a90
000000cd
@00067a90
000000f7
@00061a91
00000012
@00063a91
000000a5
@00065a91
000000cd
@00067a91
000000f7
@00061a92
00000012
@00063a92
000000a5
@00065a92
000000cd
@00067a92
000000f7
@00061a93
00000012
@00063a93
000000a5
@00065a93
000000cd
@00067a93
000000f7
@00061a94
00000012
@00063a94
000000a5
@00065a94
000000cd
@00067a94
000000f7
@00061a95
00000012
@00063a95
000000a5
@00065a95
000000cd
@00067a95
000000f7
@00061a96
00000012
@00063a96
000000a5
@00065a96
000000cd
@00067a96
000000f7
@00061a97
00000012
@00063a97
000000a5
@00065a97
000000cd
@00067a97
000000f7
@00061a98
00000012
@00063a98
000000a5
@00065a98
000000cd
@00067a98
000000f7
@00061a99
00000012
@00063a99
000000a5
@00065a99
000000cd
@00067a99
000000f7
@00061a9a
00000012
@00063a9a
000000a5
@00065a9a
000000cd
@00067a9a
000000f7
@00061a9b
00000012
@00063a9b
000000a5
@00065a9b
000000cd
@00067a9b
000000f7
@00061a9c
00000012
@00063a9c
000000a5
@00065a9c
000000cd
@00067a9c
000000f7
@00061a9d
00000012
@00063a9d
000000a5
@00065a9d
000000cd
@00067a9d
000000f7
@00061a9e
00000012
@00063a9e
000000a5
@00065a9e
000000cd
@00067a9e
000000f7
@00061a9f
00000012
@00063a9f
000000a5
@00065a9f
000000cd
@00067a9f
000000f7
@00061aa0
00000012
@00063aa0
000000a5
@00065aa0
000000cd
@00067aa0
000000f7
@00061aa1
00000012
@00063aa1
000000a5
@00065aa1
000000cd
@00067aa1
000000f7
@00061aa2
00000012
@00063aa2
000000a5
@00065aa2
000000cd
@00067aa2
000000f7
@00061aa3
00000012
@00063aa3
000000a5
@00065aa3
000000cd
@00067aa3
000000f7
@00061aa4
00000012
@00063aa4
000000a5
@00065aa4
000000cd
@00067aa4
000000f7
@00061aa5
00000012
@00063aa5
000000a5
@00065aa5
000000cd
@00067aa5
000000f7
@00061aa6
00000012
@00063aa6
000000a5
@00065aa6
000000cd
@00067aa6
000000f7
@00061aa7
00000012
@00063aa7
000000a5
@00065aa7
000000cd
@00067aa7
000000f7
@00061aa8
00000012
@00063aa8
000000a5
@00065aa8
000000cd
@00067aa8
000000f7
@00061aa9
00000012
@00063aa9
000000a5
@00065aa9
000000cd
@00067aa9
000000f7
@00061aaa
00000012
@00063aaa
000000a5
@00065aaa
000000cd
@00067aaa
000000f7
@00061aab
00000012
@00063aab
000000a5
@00065aab
000000cd
@00067aab
000000f7
@00061aac
00000012
@00063aac
000000a5
@00065aac
000000cd
@00067aac
000000f7
@00061aad
00000012
@00063aad
000000a5
@00065aad
000000cd
@00067aad
000000f7
@00061aae
00000012
@00063aae
000000a5
@00065aae
000000cd
@00067aae
000000f7
@00061aaf
00000012
@00063aaf
000000a5
@00065aaf
000000cd
@00067aaf
000000f7
@00061ab0
00000012
@00063ab0
000000a5
@00065ab0
000000cd
@00067ab0
000000f7
@00061ab1
00000012
@00063ab1
000000a5
@00065ab1
000000cd
@00067ab1
000000f7
@00061ab2
00000012
@00063ab2
000000a5
@00065ab2
000000cd
@00067ab2
000000f7
@00061ab3
00000012
@00063ab3
000000a5
@00065ab3
000000cd
@00067ab3
000000f7
@00061ab4
00000012
@00063ab4
000000a5
@00065ab4
000000cd
@00067ab4
000000f7
@00061ab5
00000012
@00063ab5
000000a5
@00065ab5
000000cd
@00067ab5
000000f7
@00061ab6
00000012
@00063ab6
000000a5
@00065ab6
000000cd
@00067ab6
000000f7
@00061ab7
00000012
@00063ab7
000000a5
@00065ab7
000000cd
@00067ab7
000000f7
@00061ab8
00000012
@00063ab8
000000a5
@00065ab8
000000cd
@00067ab8
000000f7
@00061ab9
00000012
@00063ab9
000000a5
@00065ab9
000000cd
@00067ab9
000000f7
@00061aba
00000012
@00063aba
000000a5
@00065aba
000000cd
@00067aba
000000f7
@00061abb
00000012
@00063abb
000000a5
@00065abb
000000cd
@00067abb
000000f7
@00061abc
00000012
@00063abc
000000a5
@00065abc
000000cd
@00067abc
000000f7
@00061abd
00000012
@00063abd
000000a5
@00065abd
000000cd
@00067abd
000000f7
@00061abe
00000012
@00063abe
000000a5
@00065abe
000000cd
@00067abe
000000f7
@00061abf
00000012
@00063abf
000000a5
@00065abf
000000cd
@00067abf
000000f7
@00061ac0
00000012
@00063ac0
000000a5
@00065ac0
000000cd
@00067ac0
000000f7
@00061ac1
00000012
@00063ac1
000000a5
@00065ac1
000000cd
@00067ac1
000000f7
@00061ac2
00000012
@00063ac2
000000a5
@00065ac2
000000cd
@00067ac2
000000f7
@00061ac3
00000012
@00063ac3
000000a5
@00065ac3
000000cd
@00067ac3
000000f7
@00061ac4
00000012
@00063ac4
000000a5
@00065ac4
000000cd
@00067ac4
000000f7
@00061ac5
00000012
@00063ac5
000000a5
@00065ac5
000000cd
@00067ac5
000000f7
@00061ac6
00000012
@00063ac6
000000a5
@00065ac6
000000cd
@00067ac6
000000f7
@00061ac7
00000012
@00063ac7
000000a5
@00065ac7
000000cd
@00067ac7
000000f7
@00061ac8
00000012
@00063ac8
000000a5
@00065ac8
000000cd
@00067ac8
000000f7
@00061ac9
00000012
@00063ac9
000000a5
@00065ac9
000000cd
@00067ac9
000000f7
@00061aca
00000012
@00063aca
000000a5
@00065aca
000000cd
@00067aca
000000f7
@00061acb
00000012
@00063acb
000000a5
@00065acb
000000cd
@00067acb
000000f7
@00061acc
00000012
@00063acc
000000a5
@00065acc
000000cd
@00067acc
000000f7
@00061acd
00000012
@00063acd
000000a5
@00065acd
000000cd
@00067acd
000000f7
@00061ace
00000012
@00063ace
000000a5
@00065ace
000000cd
@00067ace
000000f7
@00061acf
00000012
@00063acf
000000a5
@00065acf
000000cd
@00067acf
000000f7
@00061ad0
00000012
@00063ad0
000000a5
@00065ad0
000000cd
@00067ad0
000000f7
@00061ad1
00000012
@00063ad1
000000a5
@00065ad1
000000cd
@00067ad1
000000f7
@00061ad2
00000012
@00063ad2
000000a5
@00065ad2
000000cd
@00067ad2
000000f7
@00061ad3
00000012
@00063ad3
000000a5
@00065ad3
000000cd
@00067ad3
000000f7
@00061ad4
00000012
@00063ad4
000000a5
@00065ad4
000000cd
@00067ad4
000000f7
@00061ad5
00000012
@00063ad5
000000a5
@00065ad5
000000cd
@00067ad5
000000f7
@00061ad6
00000012
@00063ad6
000000a5
@00065ad6
000000cd
@00067ad6
000000f7
@00061ad7
00000012
@00063ad7
000000a5
@00065ad7
000000cd
@00067ad7
000000f7
@00061ad8
00000012
@00063ad8
000000a5
@00065ad8
000000cd
@00067ad8
000000f7
@00061ad9
00000012
@00063ad9
000000a5
@00065ad9
000000cd
@00067ad9
000000f7
@00061ada
00000012
@00063ada
000000a5
@00065ada
000000cd
@00067ada
000000f7
@00061adb
00000012
@00063adb
000000a5
@00065adb
000000cd
@00067adb
000000f7
@00061adc
00000012
@00063adc
000000a5
@00065adc
000000cd
@00067adc
000000f7
@00061add
00000012
@00063add
000000a5
@00065add
000000cd
@00067add
000000f7
@00061ade
00000012
@00063ade
000000a5
@00065ade
000000cd
@00067ade
000000f7
@00061adf
00000012
@00063adf
000000a5
@00065adf
000000cd
@00067adf
000000f7
@00061ae0
00000012
@00063ae0
000000a5
@00065ae0
000000cd
@00067ae0
000000f7
@00061ae1
00000012
@00063ae1
000000a5
@00065ae1
000000cd
@00067ae1
000000f7
@00061ae2
00000012
@00063ae2
000000a5
@00065ae2
000000cd
@00067ae2
000000f7
@00061ae3
00000012
@00063ae3
000000a5
@00065ae3
000000cd
@00067ae3
000000f7
@00061ae4
00000012
@00063ae4
000000a5
@00065ae4
000000cd
@00067ae4
000000f7
@00061ae5
00000012
@00063ae5
000000a5
@00065ae5
000000cd
@00067ae5
000000f7
@00061ae6
00000012
@00063ae6
000000a5
@00065ae6
000000cd
@00067ae6
000000f7
@00061ae7
00000012
@00063ae7
000000a5
@00065ae7
000000cd
@00067ae7
000000f7
@00061ae8
00000012
@00063ae8
000000a5
@00065ae8
000000cd
@00067ae8
000000f7
@00061ae9
00000012
@00063ae9
000000a5
@00065ae9
000000cd
@00067ae9
000000f7
@00061aea
00000012
@00063aea
000000a5
@00065aea
000000cd
@00067aea
000000f7
@00061aeb
00000012
@00063aeb
000000a5
@00065aeb
000000cd
@00067aeb
000000f7
@00061aec
00000012
@00063aec
000000a5
@00065aec
000000cd
@00067aec
000000f7
@00061aed
00000012
@00063aed
000000a5
@00065aed
000000cd
@00067aed
000000f7
@00061aee
00000012
@00063aee
000000a5
@00065aee
000000cd
@00067aee
000000f7
@00061aef
00000012
@00063aef
000000a5
@00065aef
000000cd
@00067aef
000000f7
@00061af0
00000012
@00063af0
000000a5
@00065af0
000000cd
@00067af0
000000f7
@00061af1
00000012
@00063af1
000000a5
@00065af1
000000cd
@00067af1
000000f7
@00061af2
00000012
@00063af2
000000a5
@00065af2
000000cd
@00067af2
000000f7
@00061af3
00000012
@00063af3
000000a5
@00065af3
000000cd
@00067af3
000000f7
@00061af4
00000012
@00063af4
000000a5
@00065af4
000000cd
@00067af4
000000f7
@00061af5
00000012
@00063af5
000000a5
@00065af5
000000cd
@00067af5
000000f7
@00061af6
00000012
@00063af6
000000a5
@00065af6
000000cd
@00067af6
000000f7
@00061af7
00000012
@00063af7
000000a5
@00065af7
000000cd
@00067af7
000000f7
@00061af8
00000012
@00063af8
000000a5
@00065af8
000000cd
@00067af8
000000f7
@00061af9
00000012
@00063af9
000000a5
@00065af9
000000cd
@00067af9
000000f7
@00061afa
00000012
@00063afa
000000a5
@00065afa
000000cd
@00067afa
000000f7
@00061afb
00000012
@00063afb
000000a5
@00065afb
000000cd
@00067afb
000000f7
@00061afc
00000012
@00063afc
000000a5
@00065afc
000000cd
@00067afc
000000f7
@00061afd
00000012
@00063afd
000000a5
@00065afd
000000cd
@00067afd
000000f7
@00061afe
00000012
@00063afe
000000a5
@00065afe
000000cd
@00067afe
000000f7
@00061aff
00000012
@00063aff
000000a5
@00065aff
000000cd
@00067aff
000000f7
@00061b00
00000012
@00063b00
000000a5
@00065b00
000000cd
@00067b00
000000f7
@00061b01
00000012
@00063b01
000000a5
@00065b01
000000cd
@00067b01
000000f7
@00061b02
00000012
@00063b02
000000a5
@00065b02
000000cd
@00067b02
000000f7
@00061b03
00000012
@00063b03
000000a5
@00065b03
000000cd
@00067b03
000000f7
@00061b04
00000012
@00063b04
000000a5
@00065b04
000000cd
@00067b04
000000f7
@00061b05
00000012
@00063b05
000000a5
@00065b05
000000cd
@00067b05
000000f7
@00061b06
00000012
@00063b06
000000a5
@00065b06
000000cd
@00067b06
000000f7
@00061b07
00000012
@00063b07
000000a5
@00065b07
000000cd
@00067b07
000000f7
@00061b08
00000012
@00063b08
000000a5
@00065b08
000000cd
@00067b08
000000f7
@00061b09
00000012
@00063b09
000000a5
@00065b09
000000cd
@00067b09
000000f7
@00061b0a
00000012
@00063b0a
000000a5
@00065b0a
000000cd
@00067b0a
000000f7
@00061b0b
00000012
@00063b0b
000000a5
@00065b0b
000000cd
@00067b0b
000000f7
@00061b0c
00000012
@00063b0c
000000a5
@00065b0c
000000cd
@00067b0c
000000f7
@00061b0d
00000012
@00063b0d
000000a5
@00065b0d
000000cd
@00067b0d
000000f7
@00061b0e
00000012
@00063b0e
000000a5
@00065b0e
000000cd
@00067b0e
000000f7
@00061b0f
00000012
@00063b0f
000000a5
@00065b0f
000000cd
@00067b0f
000000f7
@00061b10
00000012
@00063b10
000000a5
@00065b10
000000cd
@00067b10
000000f7
@00061b11
00000012
@00063b11
000000a5
@00065b11
000000cd
@00067b11
000000f7
@00061b12
00000012
@00063b12
000000a5
@00065b12
000000cd
@00067b12
000000f7
@00061b13
00000012
@00063b13
000000a5
@00065b13
000000cd
@00067b13
000000f7
@00061b14
00000012
@00063b14
000000a5
@00065b14
000000cd
@00067b14
000000f7
@00061b15
00000012
@00063b15
000000a5
@00065b15
000000cd
@00067b15
000000f7
@00061b16
00000012
@00063b16
000000a5
@00065b16
000000cd
@00067b16
000000f7
@00061b17
00000012
@00063b17
000000a5
@00065b17
000000cd
@00067b17
000000f7
@00061b18
00000012
@00063b18
000000a5
@00065b18
000000cd
@00067b18
000000f7
@00061b19
00000012
@00063b19
000000a5
@00065b19
000000cd
@00067b19
000000f7
@00061b1a
00000012
@00063b1a
000000a5
@00065b1a
000000cd
@00067b1a
000000f7
@00061b1b
00000012
@00063b1b
000000a5
@00065b1b
000000cd
@00067b1b
000000f7
@00061b1c
00000012
@00063b1c
000000a5
@00065b1c
000000cd
@00067b1c
000000f7
@00061b1d
00000012
@00063b1d
000000a5
@00065b1d
000000cd
@00067b1d
000000f7
@00061b1e
00000012
@00063b1e
000000a5
@00065b1e
000000cd
@00067b1e
000000f7
@00061b1f
00000012
@00063b1f
000000a5
@00065b1f
000000cd
@00067b1f
000000f7
@00061b20
00000012
@00063b20
000000a5
@00065b20
000000cd
@00067b20
000000f7
@00061b21
00000012
@00063b21
000000a5
@00065b21
000000cd
@00067b21
000000f7
@00061b22
00000012
@00063b22
000000a5
@00065b22
000000cd
@00067b22
000000f7
@00061b23
00000012
@00063b23
000000a5
@00065b23
000000cd
@00067b23
000000f7
@00061b24
00000012
@00063b24
000000a5
@00065b24
000000cd
@00067b24
000000f7
@00061b25
00000012
@00063b25
000000a5
@00065b25
000000cd
@00067b25
000000f7
@00061b26
00000012
@00063b26
000000a5
@00065b26
000000cd
@00067b26
000000f7
@00061b27
00000012
@00063b27
000000a5
@00065b27
000000cd
@00067b27
000000f7
@00061b28
00000012
@00063b28
000000a5
@00065b28
000000cd
@00067b28
000000f7
@00061b29
00000012
@00063b29
000000a5
@00065b29
000000cd
@00067b29
000000f7
@00061b2a
00000012
@00063b2a
000000a5
@00065b2a
000000cd
@00067b2a
000000f7
@00061b2b
00000012
@00063b2b
000000a5
@00065b2b
000000cd
@00067b2b
000000f7
@00061b2c
00000012
@00063b2c
000000a5
@00065b2c
000000cd
@00067b2c
000000f7
@00061b2d
00000012
@00063b2d
000000a5
@00065b2d
000000cd
@00067b2d
000000f7
@00061b2e
00000012
@00063b2e
000000a5
@00065b2e
000000cd
@00067b2e
000000f7
@00061b2f
00000012
@00063b2f
000000a5
@00065b2f
000000cd
@00067b2f
000000f7
@00061b30
00000012
@00063b30
000000a5
@00065b30
000000cd
@00067b30
000000f7
@00061b31
00000012
@00063b31
000000a5
@00065b31
000000cd
@00067b31
000000f7
@00061b32
00000012
@00063b32
000000a5
@00065b32
000000cd
@00067b32
000000f7
@00061b33
00000012
@00063b33
000000a5
@00065b33
000000cd
@00067b33
000000f7
@00061b34
00000012
@00063b34
000000a5
@00065b34
000000cd
@00067b34
000000f7
@00061b35
00000012
@00063b35
000000a5
@00065b35
000000cd
@00067b35
000000f7
@00061b36
00000012
@00063b36
000000a5
@00065b36
000000cd
@00067b36
000000f7
@00061b37
00000012
@00063b37
000000a5
@00065b37
000000cd
@00067b37
000000f7
@00061b38
00000012
@00063b38
000000a5
@00065b38
000000cd
@00067b38
000000f7
@00061b39
00000012
@00063b39
000000a5
@00065b39
000000cd
@00067b39
000000f7
@00061b3a
00000012
@00063b3a
000000a5
@00065b3a
000000cd
@00067b3a
000000f7
@00061b3b
00000012
@00063b3b
000000a5
@00065b3b
000000cd
@00067b3b
000000f7
@00061b3c
00000012
@00063b3c
000000a5
@00065b3c
000000cd
@00067b3c
000000f7
@00061b3d
00000012
@00063b3d
000000a5
@00065b3d
000000cd
@00067b3d
000000f7
@00061b3e
00000012
@00063b3e
000000a5
@00065b3e
000000cd
@00067b3e
000000f7
@00061b3f
00000012
@00063b3f
000000a5
@00065b3f
000000cd
@00067b3f
000000f7
@00061b40
00000012
@00063b40
000000a5
@00065b40
000000cd
@00067b40
000000f7
@00061b41
00000012
@00063b41
000000a5
@00065b41
000000cd
@00067b41
000000f7
@00061b42
00000012
@00063b42
000000a5
@00065b42
000000cd
@00067b42
000000f7
@00061b43
00000012
@00063b43
000000a5
@00065b43
000000cd
@00067b43
000000f7
@00061b44
00000012
@00063b44
000000a5
@00065b44
000000cd
@00067b44
000000f7
@00061b45
00000012
@00063b45
000000a5
@00065b45
000000cd
@00067b45
000000f7
@00061b46
00000012
@00063b46
000000a5
@00065b46
000000cd
@00067b46
000000f7
@00061b47
00000012
@00063b47
000000a5
@00065b47
000000cd
@00067b47
000000f7
@00061b48
00000012
@00063b48
000000a5
@00065b48
000000cd
@00067b48
000000f7
@00061b49
00000012
@00063b49
000000a5
@00065b49
000000cd
@00067b49
000000f7
@00061b4a
00000012
@00063b4a
000000a5
@00065b4a
000000cd
@00067b4a
000000f7
@00061b4b
00000012
@00063b4b
000000a5
@00065b4b
000000cd
@00067b4b
000000f7
@00061b4c
00000012
@00063b4c
000000a5
@00065b4c
000000cd
@00067b4c
000000f7
@00061b4d
00000012
@00063b4d
000000a5
@00065b4d
000000cd
@00067b4d
000000f7
@00061b4e
00000012
@00063b4e
000000a5
@00065b4e
000000cd
@00067b4e
000000f7
@00061b4f
00000012
@00063b4f
000000a5
@00065b4f
000000cd
@00067b4f
000000f7
@00061b50
00000012
@00063b50
000000a5
@00065b50
000000cd
@00067b50
000000f7
@00061b51
00000012
@00063b51
000000a5
@00065b51
000000cd
@00067b51
000000f7
@00061b52
00000012
@00063b52
000000a5
@00065b52
000000cd
@00067b52
000000f7
@00061b53
00000012
@00063b53
000000a5
@00065b53
000000cd
@00067b53
000000f7
@00061b54
00000012
@00063b54
000000a5
@00065b54
000000cd
@00067b54
000000f7
@00061b55
00000012
@00063b55
000000a5
@00065b55
000000cd
@00067b55
000000f7
@00061b56
00000012
@00063b56
000000a5
@00065b56
000000cd
@00067b56
000000f7
@00061b57
00000012
@00063b57
000000a5
@00065b57
000000cd
@00067b57
000000f7
@00061b58
00000012
@00063b58
000000a5
@00065b58
000000cd
@00067b58
000000f7
@00061b59
00000012
@00063b59
000000a5
@00065b59
000000cd
@00067b59
000000f7
@00061b5a
00000012
@00063b5a
000000a5
@00065b5a
000000cd
@00067b5a
000000f7
@00061b5b
00000012
@00063b5b
000000a5
@00065b5b
000000cd
@00067b5b
000000f7
@00061b5c
00000012
@00063b5c
000000a5
@00065b5c
000000cd
@00067b5c
000000f7
@00061b5d
00000012
@00063b5d
000000a5
@00065b5d
000000cd
@00067b5d
000000f7
@00061b5e
00000012
@00063b5e
000000a5
@00065b5e
000000cd
@00067b5e
000000f7
@00061b5f
00000012
@00063b5f
000000a5
@00065b5f
000000cd
@00067b5f
000000f7
@00061b60
00000012
@00063b60
000000a5
@00065b60
000000cd
@00067b60
000000f7
@00061b61
00000012
@00063b61
000000a5
@00065b61
000000cd
@00067b61
000000f7
@00061b62
00000012
@00063b62
000000a5
@00065b62
000000cd
@00067b62
000000f7
@00061b63
00000012
@00063b63
000000a5
@00065b63
000000cd
@00067b63
000000f7
@00061b64
00000012
@00063b64
000000a5
@00065b64
000000cd
@00067b64
000000f7
@00061b65
00000012
@00063b65
000000a5
@00065b65
000000cd
@00067b65
000000f7
@00061b66
00000012
@00063b66
000000a5
@00065b66
000000cd
@00067b66
000000f7
@00061b67
00000012
@00063b67
000000a5
@00065b67
000000cd
@00067b67
000000f7
@00061b68
00000012
@00063b68
000000a5
@00065b68
000000cd
@00067b68
000000f7
@00061b69
00000012
@00063b69
000000a5
@00065b69
000000cd
@00067b69
000000f7
@00061b6a
00000012
@00063b6a
000000a5
@00065b6a
000000cd
@00067b6a
000000f7
@00061b6b
00000012
@00063b6b
000000a5
@00065b6b
000000cd
@00067b6b
000000f7
@00061b6c
00000012
@00063b6c
000000a5
@00065b6c
000000cd
@00067b6c
000000f7
@00061b6d
00000012
@00063b6d
000000a5
@00065b6d
000000cd
@00067b6d
000000f7
@00061b6e
00000012
@00063b6e
000000a5
@00065b6e
000000cd
@00067b6e
000000f7
@00061b6f
00000012
@00063b6f
000000a5
@00065b6f
000000cd
@00067b6f
000000f7
@00061b70
00000012
@00063b70
000000a5
@00065b70
000000cd
@00067b70
000000f7
@00061b71
00000012
@00063b71
000000a5
@00065b71
000000cd
@00067b71
000000f7
@00061b72
00000012
@00063b72
000000a5
@00065b72
000000cd
@00067b72
000000f7
@00061b73
00000012
@00063b73
000000a5
@00065b73
000000cd
@00067b73
000000f7
@00061b74
00000012
@00063b74
000000a5
@00065b74
000000cd
@00067b74
000000f7
@00061b75
00000012
@00063b75
000000a5
@00065b75
000000cd
@00067b75
000000f7
@00061b76
00000012
@00063b76
000000a5
@00065b76
000000cd
@00067b76
000000f7
@00061b77
00000012
@00063b77
000000a5
@00065b77
000000cd
@00067b77
000000f7
@00061b78
00000012
@00063b78
000000a5
@00065b78
000000cd
@00067b78
000000f7
@00061b79
00000012
@00063b79
000000a5
@00065b79
000000cd
@00067b79
000000f7
@00061b7a
00000012
@00063b7a
000000a5
@00065b7a
000000cd
@00067b7a
000000f7
@00061b7b
00000012
@00063b7b
000000a5
@00065b7b
000000cd
@00067b7b
000000f7
@00061b7c
00000012
@00063b7c
000000a5
@00065b7c
000000cd
@00067b7c
000000f7
@00061b7d
00000012
@00063b7d
000000a5
@00065b7d
000000cd
@00067b7d
000000f7
@00061b7e
00000012
@00063b7e
000000a5
@00065b7e
000000cd
@00067b7e
000000f7
@00061b7f
00000012
@00063b7f
000000a5
@00065b7f
000000cd
@00067b7f
000000f7
@00061b80
00000012
@00063b80
000000a5
@00065b80
000000cd
@00067b80
000000f7
@00061b81
00000012
@00063b81
000000a5
@00065b81
000000cd
@00067b81
000000f7
@00061b82
00000012
@00063b82
000000a5
@00065b82
000000cd
@00067b82
000000f7
@00061b83
00000012
@00063b83
000000a5
@00065b83
000000cd
@00067b83
000000f7
@00061b84
00000012
@00063b84
000000a5
@00065b84
000000cd
@00067b84
000000f7
@00061b85
00000012
@00063b85
000000a5
@00065b85
000000cd
@00067b85
000000f7
@00061b86
00000012
@00063b86
000000a5
@00065b86
000000cd
@00067b86
000000f7
@00061b87
00000012
@00063b87
000000a5
@00065b87
000000cd
@00067b87
000000f7
@00061b88
00000012
@00063b88
000000a5
@00065b88
000000cd
@00067b88
000000f7
@00061b89
00000012
@00063b89
000000a5
@00065b89
000000cd
@00067b89
000000f7
@00061b8a
00000012
@00063b8a
000000a5
@00065b8a
000000cd
@00067b8a
000000f7
@00061b8b
00000012
@00063b8b
000000a5
@00065b8b
000000cd
@00067b8b
000000f7
@00061b8c
00000012
@00063b8c
000000a5
@00065b8c
000000cd
@00067b8c
000000f7
@00061b8d
00000012
@00063b8d
000000a5
@00065b8d
000000cd
@00067b8d
000000f7
@00061b8e
00000012
@00063b8e
000000a5
@00065b8e
000000cd
@00067b8e
000000f7
@00061b8f
00000012
@00063b8f
000000a5
@00065b8f
000000cd
@00067b8f
000000f7
@00061b90
00000012
@00063b90
000000a5
@00065b90
000000cd
@00067b90
000000f7
@00061b91
00000012
@00063b91
000000a5
@00065b91
000000cd
@00067b91
000000f7
@00061b92
00000012
@00063b92
000000a5
@00065b92
000000cd
@00067b92
000000f7
@00061b93
00000012
@00063b93
000000a5
@00065b93
000000cd
@00067b93
000000f7
@00061b94
00000012
@00063b94
000000a5
@00065b94
000000cd
@00067b94
000000f7
@00061b95
00000012
@00063b95
000000a5
@00065b95
000000cd
@00067b95
000000f7
@00061b96
00000012
@00063b96
000000a5
@00065b96
000000cd
@00067b96
000000f7
@00061b97
00000012
@00063b97
000000a5
@00065b97
000000cd
@00067b97
000000f7
@00061b98
00000012
@00063b98
000000a5
@00065b98
000000cd
@00067b98
000000f7
@00061b99
00000012
@00063b99
000000a5
@00065b99
000000cd
@00067b99
000000f7
@00061b9a
00000012
@00063b9a
000000a5
@00065b9a
000000cd
@00067b9a
000000f7
@00061b9b
00000012
@00063b9b
000000a5
@00065b9b
000000cd
@00067b9b
000000f7
@00061b9c
00000012
@00063b9c
000000a5
@00065b9c
000000cd
@00067b9c
000000f7
@00061b9d
00000012
@00063b9d
000000a5
@00065b9d
000000cd
@00067b9d
000000f7
@00061b9e
00000012
@00063b9e
000000a5
@00065b9e
000000cd
@00067b9e
000000f7
@00061b9f
00000012
@00063b9f
000000a5
@00065b9f
000000cd
@00067b9f
000000f7
@00061ba0
00000012
@00063ba0
000000a5
@00065ba0
000000cd
@00067ba0
000000f7
@00061ba1
00000012
@00063ba1
000000a5
@00065ba1
000000cd
@00067ba1
000000f7
@00061ba2
00000012
@00063ba2
000000a5
@00065ba2
000000cd
@00067ba2
000000f7
@00061ba3
00000012
@00063ba3
000000a5
@00065ba3
000000cd
@00067ba3
000000f7
@00061ba4
00000012
@00063ba4
000000a5
@00065ba4
000000cd
@00067ba4
000000f7
@00061ba5
00000012
@00063ba5
000000a5
@00065ba5
000000cd
@00067ba5
000000f7
@00061ba6
00000012
@00063ba6
000000a5
@00065ba6
000000cd
@00067ba6
000000f7
@00061ba7
00000012
@00063ba7
000000a5
@00065ba7
000000cd
@00067ba7
000000f7
@00061ba8
00000012
@00063ba8
000000a5
@00065ba8
000000cd
@00067ba8
000000f7
@00061ba9
00000012
@00063ba9
000000a5
@00065ba9
000000cd
@00067ba9
000000f7
@00061baa
00000012
@00063baa
000000a5
@00065baa
000000cd
@00067baa
000000f7
@00061bab
00000012
@00063bab
000000a5
@00065bab
000000cd
@00067bab
000000f7
@00061bac
00000012
@00063bac
000000a5
@00065bac
000000cd
@00067bac
000000f7
@00061bad
00000012
@00063bad
000000a5
@00065bad
000000cd
@00067bad
000000f7
@00061bae
00000012
@00063bae
000000a5
@00065bae
000000cd
@00067bae
000000f7
@00061baf
00000012
@00063baf
000000a5
@00065baf
000000cd
@00067baf
000000f7
@00061bb0
00000012
@00063bb0
000000a5
@00065bb0
000000cd
@00067bb0
000000f7
@00061bb1
00000012
@00063bb1
000000a5
@00065bb1
000000cd
@00067bb1
000000f7
@00061bb2
00000012
@00063bb2
000000a5
@00065bb2
000000cd
@00067bb2
000000f7
@00061bb3
00000012
@00063bb3
000000a5
@00065bb3
000000cd
@00067bb3
000000f7
@00061bb4
00000012
@00063bb4
000000a5
@00065bb4
000000cd
@00067bb4
000000f7
@00061bb5
00000012
@00063bb5
000000a5
@00065bb5
000000cd
@00067bb5
000000f7
@00061bb6
00000012
@00063bb6
000000a5
@00065bb6
000000cd
@00067bb6
000000f7
@00061bb7
00000012
@00063bb7
000000a5
@00065bb7
000000cd
@00067bb7
000000f7
@00061bb8
00000012
@00063bb8
000000a5
@00065bb8
000000cd
@00067bb8
000000f7
@00061bb9
00000012
@00063bb9
000000a5
@00065bb9
000000cd
@00067bb9
000000f7
@00061bba
00000012
@00063bba
000000a5
@00065bba
000000cd
@00067bba
000000f7
@00061bbb
00000012
@00063bbb
000000a5
@00065bbb
000000cd
@00067bbb
000000f7
@00061bbc
00000012
@00063bbc
000000a5
@00065bbc
000000cd
@00067bbc
000000f7
@00061bbd
00000012
@00063bbd
000000a5
@00065bbd
000000cd
@00067bbd
000000f7
@00061bbe
00000012
@00063bbe
000000a5
@00065bbe
000000cd
@00067bbe
000000f7
@00061bbf
00000012
@00063bbf
000000a5
@00065bbf
000000cd
@00067bbf
000000f7
@00061bc0
00000012
@00063bc0
000000a5
@00065bc0
000000cd
@00067bc0
000000f7
@00061bc1
00000012
@00063bc1
000000a5
@00065bc1
000000cd
@00067bc1
000000f7
@00061bc2
00000012
@00063bc2
000000a5
@00065bc2
000000cd
@00067bc2
000000f7
@00061bc3
00000012
@00063bc3
000000a5
@00065bc3
000000cd
@00067bc3
000000f7
@00061bc4
00000012
@00063bc4
000000a5
@00065bc4
000000cd
@00067bc4
000000f7
@00061bc5
00000012
@00063bc5
000000a5
@00065bc5
000000cd
@00067bc5
000000f7
@00061bc6
00000012
@00063bc6
000000a5
@00065bc6
000000cd
@00067bc6
000000f7
@00061bc7
00000012
@00063bc7
000000a5
@00065bc7
000000cd
@00067bc7
000000f7
@00061bc8
00000012
@00063bc8
000000a5
@00065bc8
000000cd
@00067bc8
000000f7
@00061bc9
00000012
@00063bc9
000000a5
@00065bc9
000000cd
@00067bc9
000000f7
@00061bca
00000012
@00063bca
000000a5
@00065bca
000000cd
@00067bca
000000f7
@00061bcb
00000012
@00063bcb
000000a5
@00065bcb
000000cd
@00067bcb
000000f7
@00061bcc
00000012
@00063bcc
000000a5
@00065bcc
000000cd
@00067bcc
000000f7
@00061bcd
00000012
@00063bcd
000000a5
@00065bcd
000000cd
@00067bcd
000000f7
@00061bce
00000012
@00063bce
000000a5
@00065bce
000000cd
@00067bce
000000f7
@00061bcf
00000012
@00063bcf
000000a5
@00065bcf
000000cd
@00067bcf
000000f7
@00061bd0
00000012
@00063bd0
000000a5
@00065bd0
000000cd
@00067bd0
000000f7
@00061bd1
00000012
@00063bd1
000000a5
@00065bd1
000000cd
@00067bd1
000000f7
@00061bd2
00000012
@00063bd2
000000a5
@00065bd2
000000cd
@00067bd2
000000f7
@00061bd3
00000012
@00063bd3
000000a5
@00065bd3
000000cd
@00067bd3
000000f7
@00061bd4
00000012
@00063bd4
000000a5
@00065bd4
000000cd
@00067bd4
000000f7
@00061bd5
00000012
@00063bd5
000000a5
@00065bd5
000000cd
@00067bd5
000000f7
@00061bd6
00000012
@00063bd6
000000a5
@00065bd6
000000cd
@00067bd6
000000f7
@00061bd7
00000012
@00063bd7
000000a5
@00065bd7
000000cd
@00067bd7
000000f7
@00061bd8
00000012
@00063bd8
000000a5
@00065bd8
000000cd
@00067bd8
000000f7
@00061bd9
00000012
@00063bd9
000000a5
@00065bd9
000000cd
@00067bd9
000000f7
@00061bda
00000012
@00063bda
000000a5
@00065bda
000000cd
@00067bda
000000f7
@00061bdb
00000012
@00063bdb
000000a5
@00065bdb
000000cd
@00067bdb
000000f7
@00061bdc
00000012
@00063bdc
000000a5
@00065bdc
000000cd
@00067bdc
000000f7
@00061bdd
00000012
@00063bdd
000000a5
@00065bdd
000000cd
@00067bdd
000000f7
@00061bde
00000012
@00063bde
000000a5
@00065bde
000000cd
@00067bde
000000f7
@00061bdf
00000012
@00063bdf
000000a5
@00065bdf
000000cd
@00067bdf
000000f7
@00061be0
00000012
@00063be0
000000a5
@00065be0
000000cd
@00067be0
000000f7
@00061be1
00000012
@00063be1
000000a5
@00065be1
000000cd
@00067be1
000000f7
@00061be2
00000012
@00063be2
000000a5
@00065be2
000000cd
@00067be2
000000f7
@00061be3
00000012
@00063be3
000000a5
@00065be3
000000cd
@00067be3
000000f7
@00061be4
00000012
@00063be4
000000a5
@00065be4
000000cd
@00067be4
000000f7
@00061be5
00000012
@00063be5
000000a5
@00065be5
000000cd
@00067be5
000000f7
@00061be6
00000012
@00063be6
000000a5
@00065be6
000000cd
@00067be6
000000f7
@00061be7
00000012
@00063be7
000000a5
@00065be7
000000cd
@00067be7
000000f7
@00061be8
00000012
@00063be8
000000a5
@00065be8
000000cd
@00067be8
000000f7
@00061be9
00000012
@00063be9
000000a5
@00065be9
000000cd
@00067be9
000000f7
@00061bea
00000012
@00063bea
000000a5
@00065bea
000000cd
@00067bea
000000f7
@00061beb
00000012
@00063beb
000000a5
@00065beb
000000cd
@00067beb
000000f7
@00061bec
00000012
@00063bec
000000a5
@00065bec
000000cd
@00067bec
000000f7
@00061bed
00000012
@00063bed
000000a5
@00065bed
000000cd
@00067bed
000000f7
@00061bee
00000012
@00063bee
000000a5
@00065bee
000000cd
@00067bee
000000f7
@00061bef
00000012
@00063bef
000000a5
@00065bef
000000cd
@00067bef
000000f7
@00061bf0
00000012
@00063bf0
000000a5
@00065bf0
000000cd
@00067bf0
000000f7
@00061bf1
00000012
@00063bf1
000000a5
@00065bf1
000000cd
@00067bf1
000000f7
@00061bf2
00000012
@00063bf2
000000a5
@00065bf2
000000cd
@00067bf2
000000f7
@00061bf3
00000012
@00063bf3
000000a5
@00065bf3
000000cd
@00067bf3
000000f7
@00061bf4
00000012
@00063bf4
000000a5
@00065bf4
000000cd
@00067bf4
000000f7
@00061bf5
00000012
@00063bf5
000000a5
@00065bf5
000000cd
@00067bf5
000000f7
@00061bf6
00000012
@00063bf6
000000a5
@00065bf6
000000cd
@00067bf6
000000f7
@00061bf7
00000012
@00063bf7
000000a5
@00065bf7
000000cd
@00067bf7
000000f7
@00061bf8
00000012
@00063bf8
000000a5
@00065bf8
000000cd
@00067bf8
000000f7
@00061bf9
00000012
@00063bf9
000000a5
@00065bf9
000000cd
@00067bf9
000000f7
@00061bfa
00000012
@00063bfa
000000a5
@00065bfa
000000cd
@00067bfa
000000f7
@00061bfb
00000012
@00063bfb
000000a5
@00065bfb
000000cd
@00067bfb
000000f7
@00061bfc
00000012
@00063bfc
000000a5
@00065bfc
000000cd
@00067bfc
000000f7
@00061bfd
00000012
@00063bfd
000000a5
@00065bfd
000000cd
@00067bfd
000000f7
@00061bfe
00000012
@00063bfe
000000a5
@00065bfe
000000cd
@00067bfe
000000f7
@00061bff
00000012
@00063bff
000000a5
@00065bff
000000cd
@00067bff
000000f7
@00061c00
00000012
@00063c00
000000a5
@00065c00
000000cd
@00067c00
000000f7
@00061c01
00000012
@00063c01
000000a5
@00065c01
000000cd
@00067c01
000000f7
@00061c02
00000012
@00063c02
000000a5
@00065c02
000000cd
@00067c02
000000f7
@00061c03
00000012
@00063c03
000000a5
@00065c03
000000cd
@00067c03
000000f7
@00061c04
00000012
@00063c04
000000a5
@00065c04
000000cd
@00067c04
000000f7
@00061c05
00000012
@00063c05
000000a5
@00065c05
000000cd
@00067c05
000000f7
@00061c06
00000012
@00063c06
000000a5
@00065c06
000000cd
@00067c06
000000f7
@00061c07
00000012
@00063c07
000000a5
@00065c07
000000cd
@00067c07
000000f7
@00061c08
00000012
@00063c08
000000a5
@00065c08
000000cd
@00067c08
000000f7
@00061c09
00000012
@00063c09
000000a5
@00065c09
000000cd
@00067c09
000000f7
@00061c0a
00000012
@00063c0a
000000a5
@00065c0a
000000cd
@00067c0a
000000f7
@00061c0b
00000012
@00063c0b
000000a5
@00065c0b
000000cd
@00067c0b
000000f7
@00061c0c
00000012
@00063c0c
000000a5
@00065c0c
000000cd
@00067c0c
000000f7
@00061c0d
00000012
@00063c0d
000000a5
@00065c0d
000000cd
@00067c0d
000000f7
@00061c0e
00000012
@00063c0e
000000a5
@00065c0e
000000cd
@00067c0e
000000f7
@00061c0f
00000012
@00063c0f
000000a5
@00065c0f
000000cd
@00067c0f
000000f7
@00061c10
00000012
@00063c10
000000a5
@00065c10
000000cd
@00067c10
000000f7
@00061c11
00000012
@00063c11
000000a5
@00065c11
000000cd
@00067c11
000000f7
@00061c12
00000012
@00063c12
000000a5
@00065c12
000000cd
@00067c12
000000f7
@00061c13
00000012
@00063c13
000000a5
@00065c13
000000cd
@00067c13
000000f7
@00061c14
00000012
@00063c14
000000a5
@00065c14
000000cd
@00067c14
000000f7
@00061c15
00000012
@00063c15
000000a5
@00065c15
000000cd
@00067c15
000000f7
@00061c16
00000012
@00063c16
000000a5
@00065c16
000000cd
@00067c16
000000f7
@00061c17
00000012
@00063c17
000000a5
@00065c17
000000cd
@00067c17
000000f7
@00061c18
00000012
@00063c18
000000a5
@00065c18
000000cd
@00067c18
000000f7
@00061c19
00000012
@00063c19
000000a5
@00065c19
000000cd
@00067c19
000000f7
@00061c1a
00000012
@00063c1a
000000a5
@00065c1a
000000cd
@00067c1a
000000f7
@00061c1b
00000012
@00063c1b
000000a5
@00065c1b
000000cd
@00067c1b
000000f7
@00061c1c
00000012
@00063c1c
000000a5
@00065c1c
000000cd
@00067c1c
000000f7
@00061c1d
00000012
@00063c1d
000000a5
@00065c1d
000000cd
@00067c1d
000000f7
@00061c1e
00000012
@00063c1e
000000a5
@00065c1e
000000cd
@00067c1e
000000f7
@00061c1f
00000012
@00063c1f
000000a5
@00065c1f
000000cd
@00067c1f
000000f7
@00061c20
00000012
@00063c20
000000a5
@00065c20
000000cd
@00067c20
000000f7
@00061c21
00000012
@00063c21
000000a5
@00065c21
000000cd
@00067c21
000000f7
@00061c22
00000012
@00063c22
000000a5
@00065c22
000000cd
@00067c22
000000f7
@00061c23
00000012
@00063c23
000000a5
@00065c23
000000cd
@00067c23
000000f7
@00061c24
00000012
@00063c24
000000a5
@00065c24
000000cd
@00067c24
000000f7
@00061c25
00000012
@00063c25
000000a5
@00065c25
000000cd
@00067c25
000000f7
@00061c26
00000012
@00063c26
000000a5
@00065c26
000000cd
@00067c26
000000f7
@00061c27
00000012
@00063c27
000000a5
@00065c27
000000cd
@00067c27
000000f7
@00061c28
00000012
@00063c28
000000a5
@00065c28
000000cd
@00067c28
000000f7
@00061c29
00000012
@00063c29
000000a5
@00065c29
000000cd
@00067c29
000000f7
@00061c2a
00000012
@00063c2a
000000a5
@00065c2a
000000cd
@00067c2a
000000f7
@00061c2b
00000012
@00063c2b
000000a5
@00065c2b
000000cd
@00067c2b
000000f7
@00061c2c
00000012
@00063c2c
000000a5
@00065c2c
000000cd
@00067c2c
000000f7
@00061c2d
00000012
@00063c2d
000000a5
@00065c2d
000000cd
@00067c2d
000000f7
@00061c2e
00000012
@00063c2e
000000a5
@00065c2e
000000cd
@00067c2e
000000f7
@00061c2f
00000012
@00063c2f
000000a5
@00065c2f
000000cd
@00067c2f
000000f7
@00061c30
00000012
@00063c30
000000a5
@00065c30
000000cd
@00067c30
000000f7
@00061c31
00000012
@00063c31
000000a5
@00065c31
000000cd
@00067c31
000000f7
@00061c32
00000012
@00063c32
000000a5
@00065c32
000000cd
@00067c32
000000f7
@00061c33
00000012
@00063c33
000000a5
@00065c33
000000cd
@00067c33
000000f7
@00061c34
00000012
@00063c34
000000a5
@00065c34
000000cd
@00067c34
000000f7
@00061c35
00000012
@00063c35
000000a5
@00065c35
000000cd
@00067c35
000000f7
@00061c36
00000012
@00063c36
000000a5
@00065c36
000000cd
@00067c36
000000f7
@00061c37
00000012
@00063c37
000000a5
@00065c37
000000cd
@00067c37
000000f7
@00061c38
00000012
@00063c38
000000a5
@00065c38
000000cd
@00067c38
000000f7
@00061c39
00000012
@00063c39
000000a5
@00065c39
000000cd
@00067c39
000000f7
@00061c3a
00000012
@00063c3a
000000a5
@00065c3a
000000cd
@00067c3a
000000f7
@00061c3b
00000012
@00063c3b
000000a5
@00065c3b
000000cd
@00067c3b
000000f7
@00061c3c
00000012
@00063c3c
000000a5
@00065c3c
000000cd
@00067c3c
000000f7
@00061c3d
00000012
@00063c3d
000000a5
@00065c3d
000000cd
@00067c3d
000000f7
@00061c3e
00000012
@00063c3e
000000a5
@00065c3e
000000cd
@00067c3e
000000f7
@00061c3f
00000012
@00063c3f
000000a5
@00065c3f
000000cd
@00067c3f
000000f7
@00061c40
00000012
@00063c40
000000a5
@00065c40
000000cd
@00067c40
000000f7
@00061c41
00000012
@00063c41
000000a5
@00065c41
000000cd
@00067c41
000000f7
@00061c42
00000012
@00063c42
000000a5
@00065c42
000000cd
@00067c42
000000f7
@00061c43
00000012
@00063c43
000000a5
@00065c43
000000cd
@00067c43
000000f7
@00061c44
00000012
@00063c44
000000a5
@00065c44
000000cd
@00067c44
000000f7
@00061c45
00000012
@00063c45
000000a5
@00065c45
000000cd
@00067c45
000000f7
@00061c46
00000012
@00063c46
000000a5
@00065c46
000000cd
@00067c46
000000f7
@00061c47
00000012
@00063c47
000000a5
@00065c47
000000cd
@00067c47
000000f7
@00061c48
00000012
@00063c48
000000a5
@00065c48
000000cd
@00067c48
000000f7
@00061c49
00000012
@00063c49
000000a5
@00065c49
000000cd
@00067c49
000000f7
@00061c4a
00000012
@00063c4a
000000a5
@00065c4a
000000cd
@00067c4a
000000f7
@00061c4b
00000012
@00063c4b
000000a5
@00065c4b
000000cd
@00067c4b
000000f7
@00061c4c
00000012
@00063c4c
000000a5
@00065c4c
000000cd
@00067c4c
000000f7
@00061c4d
00000012
@00063c4d
000000a5
@00065c4d
000000cd
@00067c4d
000000f7
@00061c4e
00000012
@00063c4e
000000a5
@00065c4e
000000cd
@00067c4e
000000f7
@00061c4f
00000012
@00063c4f
000000a5
@00065c4f
000000cd
@00067c4f
000000f7
@00061c50
00000012
@00063c50
000000a5
@00065c50
000000cd
@00067c50
000000f7
@00061c51
00000012
@00063c51
000000a5
@00065c51
000000cd
@00067c51
000000f7
@00061c52
00000012
@00063c52
000000a5
@00065c52
000000cd
@00067c52
000000f7
@00061c53
00000012
@00063c53
000000a5
@00065c53
000000cd
@00067c53
000000f7
@00061c54
00000012
@00063c54
000000a5
@00065c54
000000cd
@00067c54
000000f7
@00061c55
00000012
@00063c55
000000a5
@00065c55
000000cd
@00067c55
000000f7
@00061c56
00000012
@00063c56
000000a5
@00065c56
000000cd
@00067c56
000000f7
@00061c57
00000012
@00063c57
000000a5
@00065c57
000000cd
@00067c57
000000f7
@00061c58
00000012
@00063c58
000000a5
@00065c58
000000cd
@00067c58
000000f7
@00061c59
00000012
@00063c59
000000a5
@00065c59
000000cd
@00067c59
000000f7
@00061c5a
00000012
@00063c5a
000000a5
@00065c5a
000000cd
@00067c5a
000000f7
@00061c5b
00000012
@00063c5b
000000a5
@00065c5b
000000cd
@00067c5b
000000f7
@00061c5c
00000012
@00063c5c
000000a5
@00065c5c
000000cd
@00067c5c
000000f7
@00061c5d
00000012
@00063c5d
000000a5
@00065c5d
000000cd
@00067c5d
000000f7
@00061c5e
00000012
@00063c5e
000000a5
@00065c5e
000000cd
@00067c5e
000000f7
@00061c5f
00000012
@00063c5f
000000a5
@00065c5f
000000cd
@00067c5f
000000f7
@00061c60
00000012
@00063c60
000000a5
@00065c60
000000cd
@00067c60
000000f7
@00061c61
00000012
@00063c61
000000a5
@00065c61
000000cd
@00067c61
000000f7
@00061c62
00000012
@00063c62
000000a5
@00065c62
000000cd
@00067c62
000000f7
@00061c63
00000012
@00063c63
000000a5
@00065c63
000000cd
@00067c63
000000f7
@00061c64
00000012
@00063c64
000000a5
@00065c64
000000cd
@00067c64
000000f7
@00061c65
00000012
@00063c65
000000a5
@00065c65
000000cd
@00067c65
000000f7
@00061c66
00000012
@00063c66
000000a5
@00065c66
000000cd
@00067c66
000000f7
@00061c67
00000012
@00063c67
000000a5
@00065c67
000000cd
@00067c67
000000f7
@00061c68
00000012
@00063c68
000000a5
@00065c68
000000cd
@00067c68
000000f7
@00061c69
00000012
@00063c69
000000a5
@00065c69
000000cd
@00067c69
000000f7
@00061c6a
00000012
@00063c6a
000000a5
@00065c6a
000000cd
@00067c6a
000000f7
@00061c6b
00000012
@00063c6b
000000a5
@00065c6b
000000cd
@00067c6b
000000f7
@00061c6c
00000012
@00063c6c
000000a5
@00065c6c
000000cd
@00067c6c
000000f7
@00061c6d
00000012
@00063c6d
000000a5
@00065c6d
000000cd
@00067c6d
000000f7
@00061c6e
00000012
@00063c6e
000000a5
@00065c6e
000000cd
@00067c6e
000000f7
@00061c6f
00000012
@00063c6f
000000a5
@00065c6f
000000cd
@00067c6f
000000f7
@00061c70
00000012
@00063c70
000000a5
@00065c70
000000cd
@00067c70
000000f7
@00061c71
00000012
@00063c71
000000a5
@00065c71
000000cd
@00067c71
000000f7
@00061c72
00000012
@00063c72
000000a5
@00065c72
000000cd
@00067c72
000000f7
@00061c73
00000012
@00063c73
000000a5
@00065c73
000000cd
@00067c73
000000f7
@00061c74
00000012
@00063c74
000000a5
@00065c74
000000cd
@00067c74
000000f7
@00061c75
00000012
@00063c75
000000a5
@00065c75
000000cd
@00067c75
000000f7
@00061c76
00000012
@00063c76
000000a5
@00065c76
000000cd
@00067c76
000000f7
@00061c77
00000012
@00063c77
000000a5
@00065c77
000000cd
@00067c77
000000f7
@00061c78
00000012
@00063c78
000000a5
@00065c78
000000cd
@00067c78
000000f7
@00061c79
00000012
@00063c79
000000a5
@00065c79
000000cd
@00067c79
000000f7
@00061c7a
00000012
@00063c7a
000000a5
@00065c7a
000000cd
@00067c7a
000000f7
@00061c7b
00000012
@00063c7b
000000a5
@00065c7b
000000cd
@00067c7b
000000f7
@00061c7c
00000012
@00063c7c
000000a5
@00065c7c
000000cd
@00067c7c
000000f7
@00061c7d
00000012
@00063c7d
000000a5
@00065c7d
000000cd
@00067c7d
000000f7
@00061c7e
00000012
@00063c7e
000000a5
@00065c7e
000000cd
@00067c7e
000000f7
@00061c7f
00000012
@00063c7f
000000a5
@00065c7f
000000cd
@00067c7f
000000f7
@00061c80
00000012
@00063c80
000000a5
@00065c80
000000cd
@00067c80
000000f7
@00061c81
00000012
@00063c81
000000a5
@00065c81
000000cd
@00067c81
000000f7
@00061c82
00000012
@00063c82
000000a5
@00065c82
000000cd
@00067c82
000000f7
@00061c83
00000012
@00063c83
000000a5
@00065c83
000000cd
@00067c83
000000f7
@00061c84
00000012
@00063c84
000000a5
@00065c84
000000cd
@00067c84
000000f7
@00061c85
00000012
@00063c85
000000a5
@00065c85
000000cd
@00067c85
000000f7
@00061c86
00000012
@00063c86
000000a5
@00065c86
000000cd
@00067c86
000000f7
@00061c87
00000012
@00063c87
000000a5
@00065c87
000000cd
@00067c87
000000f7
@00061c88
00000012
@00063c88
000000a5
@00065c88
000000cd
@00067c88
000000f7
@00061c89
00000012
@00063c89
000000a5
@00065c89
000000cd
@00067c89
000000f7
@00061c8a
00000012
@00063c8a
000000a5
@00065c8a
000000cd
@00067c8a
000000f7
@00061c8b
00000012
@00063c8b
000000a5
@00065c8b
000000cd
@00067c8b
000000f7
@00061c8c
00000012
@00063c8c
000000a5
@00065c8c
000000cd
@00067c8c
000000f7
@00061c8d
00000012
@00063c8d
000000a5
@00065c8d
000000cd
@00067c8d
000000f7
@00061c8e
00000012
@00063c8e
000000a5
@00065c8e
000000cd
@00067c8e
000000f7
@00061c8f
00000012
@00063c8f
000000a5
@00065c8f
000000cd
@00067c8f
000000f7
@00061c90
00000012
@00063c90
000000a5
@00065c90
000000cd
@00067c90
000000f7
@00061c91
00000012
@00063c91
000000a5
@00065c91
000000cd
@00067c91
000000f7
@00061c92
00000012
@00063c92
000000a5
@00065c92
000000cd
@00067c92
000000f7
@00061c93
00000012
@00063c93
000000a5
@00065c93
000000cd
@00067c93
000000f7
@00061c94
00000012
@00063c94
000000a5
@00065c94
000000cd
@00067c94
000000f7
@00061c95
00000012
@00063c95
000000a5
@00065c95
000000cd
@00067c95
000000f7
@00061c96
00000012
@00063c96
000000a5
@00065c96
000000cd
@00067c96
000000f7
@00061c97
00000012
@00063c97
000000a5
@00065c97
000000cd
@00067c97
000000f7
@00061c98
00000012
@00063c98
000000a5
@00065c98
000000cd
@00067c98
000000f7
@00061c99
00000012
@00063c99
000000a5
@00065c99
000000cd
@00067c99
000000f7
@00061c9a
00000012
@00063c9a
000000a5
@00065c9a
000000cd
@00067c9a
000000f7
@00061c9b
00000012
@00063c9b
000000a5
@00065c9b
000000cd
@00067c9b
000000f7
@00061c9c
00000012
@00063c9c
000000a5
@00065c9c
000000cd
@00067c9c
000000f7
@00061c9d
00000012
@00063c9d
000000a5
@00065c9d
000000cd
@00067c9d
000000f7
@00061c9e
00000012
@00063c9e
000000a5
@00065c9e
000000cd
@00067c9e
000000f7
@00061c9f
00000012
@00063c9f
000000a5
@00065c9f
000000cd
@00067c9f
000000f7
@00061ca0
00000012
@00063ca0
000000a5
@00065ca0
000000cd
@00067ca0
000000f7
@00061ca1
00000012
@00063ca1
000000a5
@00065ca1
000000cd
@00067ca1
000000f7
@00061ca2
00000012
@00063ca2
000000a5
@00065ca2
000000cd
@00067ca2
000000f7
@00061ca3
00000012
@00063ca3
000000a5
@00065ca3
000000cd
@00067ca3
000000f7
@00061ca4
00000012
@00063ca4
000000a5
@00065ca4
000000cd
@00067ca4
000000f7
@00061ca5
00000012
@00063ca5
000000a5
@00065ca5
000000cd
@00067ca5
000000f7
@00061ca6
00000012
@00063ca6
000000a5
@00065ca6
000000cd
@00067ca6
000000f7
@00061ca7
00000012
@00063ca7
000000a5
@00065ca7
000000cd
@00067ca7
000000f7
@00061ca8
00000012
@00063ca8
000000a5
@00065ca8
000000cd
@00067ca8
000000f7
@00061ca9
00000012
@00063ca9
000000a5
@00065ca9
000000cd
@00067ca9
000000f7
@00061caa
00000012
@00063caa
000000a5
@00065caa
000000cd
@00067caa
000000f7
@00061cab
00000012
@00063cab
000000a5
@00065cab
000000cd
@00067cab
000000f7
@00061cac
00000012
@00063cac
000000a5
@00065cac
000000cd
@00067cac
000000f7
@00061cad
00000012
@00063cad
000000a5
@00065cad
000000cd
@00067cad
000000f7
@00061cae
00000012
@00063cae
000000a5
@00065cae
000000cd
@00067cae
000000f7
@00061caf
00000012
@00063caf
000000a5
@00065caf
000000cd
@00067caf
000000f7
@00061cb0
00000012
@00063cb0
000000a5
@00065cb0
000000cd
@00067cb0
000000f7
@00061cb1
00000012
@00063cb1
000000a5
@00065cb1
000000cd
@00067cb1
000000f7
@00061cb2
00000012
@00063cb2
000000a5
@00065cb2
000000cd
@00067cb2
000000f7
@00061cb3
00000012
@00063cb3
000000a5
@00065cb3
000000cd
@00067cb3
000000f7
@00061cb4
00000012
@00063cb4
000000a5
@00065cb4
000000cd
@00067cb4
000000f7
@00061cb5
00000012
@00063cb5
000000a5
@00065cb5
000000cd
@00067cb5
000000f7
@00061cb6
00000012
@00063cb6
000000a5
@00065cb6
000000cd
@00067cb6
000000f7
@00061cb7
00000012
@00063cb7
000000a5
@00065cb7
000000cd
@00067cb7
000000f7
@00061cb8
00000012
@00063cb8
000000a5
@00065cb8
000000cd
@00067cb8
000000f7
@00061cb9
00000012
@00063cb9
000000a5
@00065cb9
000000cd
@00067cb9
000000f7
@00061cba
00000012
@00063cba
000000a5
@00065cba
000000cd
@00067cba
000000f7
@00061cbb
00000012
@00063cbb
000000a5
@00065cbb
000000cd
@00067cbb
000000f7
@00061cbc
00000012
@00063cbc
000000a5
@00065cbc
000000cd
@00067cbc
000000f7
@00061cbd
00000012
@00063cbd
000000a5
@00065cbd
000000cd
@00067cbd
000000f7
@00061cbe
00000012
@00063cbe
000000a5
@00065cbe
000000cd
@00067cbe
000000f7
@00061cbf
00000012
@00063cbf
000000a5
@00065cbf
000000cd
@00067cbf
000000f7
@00061cc0
00000012
@00063cc0
000000a5
@00065cc0
000000cd
@00067cc0
000000f7
@00061cc1
00000012
@00063cc1
000000a5
@00065cc1
000000cd
@00067cc1
000000f7
@00061cc2
00000012
@00063cc2
000000a5
@00065cc2
000000cd
@00067cc2
000000f7
@00061cc3
00000012
@00063cc3
000000a5
@00065cc3
000000cd
@00067cc3
000000f7
@00061cc4
00000012
@00063cc4
000000a5
@00065cc4
000000cd
@00067cc4
000000f7
@00061cc5
00000012
@00063cc5
000000a5
@00065cc5
000000cd
@00067cc5
000000f7
@00061cc6
00000012
@00063cc6
000000a5
@00065cc6
000000cd
@00067cc6
000000f7
@00061cc7
00000012
@00063cc7
000000a5
@00065cc7
000000cd
@00067cc7
000000f7
@00061cc8
00000012
@00063cc8
000000a5
@00065cc8
000000cd
@00067cc8
000000f7
@00061cc9
00000012
@00063cc9
000000a5
@00065cc9
000000cd
@00067cc9
000000f7
@00061cca
00000012
@00063cca
000000a5
@00065cca
000000cd
@00067cca
000000f7
@00061ccb
00000012
@00063ccb
000000a5
@00065ccb
000000cd
@00067ccb
000000f7
@00061ccc
00000012
@00063ccc
000000a5
@00065ccc
000000cd
@00067ccc
000000f7
@00061ccd
00000012
@00063ccd
000000a5
@00065ccd
000000cd
@00067ccd
000000f7
@00061cce
00000012
@00063cce
000000a5
@00065cce
000000cd
@00067cce
000000f7
@00061ccf
00000012
@00063ccf
000000a5
@00065ccf
000000cd
@00067ccf
000000f7
@00061cd0
00000012
@00063cd0
000000a5
@00065cd0
000000cd
@00067cd0
000000f7
@00061cd1
00000012
@00063cd1
000000a5
@00065cd1
000000cd
@00067cd1
000000f7
@00061cd2
00000012
@00063cd2
000000a5
@00065cd2
000000cd
@00067cd2
000000f7
@00061cd3
00000012
@00063cd3
000000a5
@00065cd3
000000cd
@00067cd3
000000f7
@00061cd4
00000012
@00063cd4
000000a5
@00065cd4
000000cd
@00067cd4
000000f7
@00061cd5
00000012
@00063cd5
000000a5
@00065cd5
000000cd
@00067cd5
000000f7
@00061cd6
00000012
@00063cd6
000000a5
@00065cd6
000000cd
@00067cd6
000000f7
@00061cd7
00000012
@00063cd7
000000a5
@00065cd7
000000cd
@00067cd7
000000f7
@00061cd8
00000012
@00063cd8
000000a5
@00065cd8
000000cd
@00067cd8
000000f7
@00061cd9
00000012
@00063cd9
000000a5
@00065cd9
000000cd
@00067cd9
000000f7
@00061cda
00000012
@00063cda
000000a5
@00065cda
000000cd
@00067cda
000000f7
@00061cdb
00000012
@00063cdb
000000a5
@00065cdb
000000cd
@00067cdb
000000f7
@00061cdc
00000012
@00063cdc
000000a5
@00065cdc
000000cd
@00067cdc
000000f7
@00061cdd
00000012
@00063cdd
000000a5
@00065cdd
000000cd
@00067cdd
000000f7
@00061cde
00000012
@00063cde
000000a5
@00065cde
000000cd
@00067cde
000000f7
@00061cdf
00000012
@00063cdf
000000a5
@00065cdf
000000cd
@00067cdf
000000f7
@00061ce0
00000012
@00063ce0
000000a5
@00065ce0
000000cd
@00067ce0
000000f7
@00061ce1
00000012
@00063ce1
000000a5
@00065ce1
000000cd
@00067ce1
000000f7
@00061ce2
00000012
@00063ce2
000000a5
@00065ce2
000000cd
@00067ce2
000000f7
@00061ce3
00000012
@00063ce3
000000a5
@00065ce3
000000cd
@00067ce3
000000f7
@00061ce4
00000012
@00063ce4
000000a5
@00065ce4
000000cd
@00067ce4
000000f7
@00061ce5
00000012
@00063ce5
000000a5
@00065ce5
000000cd
@00067ce5
000000f7
@00061ce6
00000012
@00063ce6
000000a5
@00065ce6
000000cd
@00067ce6
000000f7
@00061ce7
00000012
@00063ce7
000000a5
@00065ce7
000000cd
@00067ce7
000000f7
@00061ce8
00000012
@00063ce8
000000a5
@00065ce8
000000cd
@00067ce8
000000f7
@00061ce9
00000012
@00063ce9
000000a5
@00065ce9
000000cd
@00067ce9
000000f7
@00061cea
00000012
@00063cea
000000a5
@00065cea
000000cd
@00067cea
000000f7
@00061ceb
00000012
@00063ceb
000000a5
@00065ceb
000000cd
@00067ceb
000000f7
@00061cec
00000012
@00063cec
000000a5
@00065cec
000000cd
@00067cec
000000f7
@00061ced
00000012
@00063ced
000000a5
@00065ced
000000cd
@00067ced
000000f7
@00061cee
00000012
@00063cee
000000a5
@00065cee
000000cd
@00067cee
000000f7
@00061cef
00000012
@00063cef
000000a5
@00065cef
000000cd
@00067cef
000000f7
@00061cf0
00000012
@00063cf0
000000a5
@00065cf0
000000cd
@00067cf0
000000f7
@00061cf1
00000012
@00063cf1
000000a5
@00065cf1
000000cd
@00067cf1
000000f7
@00061cf2
00000012
@00063cf2
000000a5
@00065cf2
000000cd
@00067cf2
000000f7
@00061cf3
00000012
@00063cf3
000000a5
@00065cf3
000000cd
@00067cf3
000000f7
@00061cf4
00000012
@00063cf4
000000a5
@00065cf4
000000cd
@00067cf4
000000f7
@00061cf5
00000012
@00063cf5
000000a5
@00065cf5
000000cd
@00067cf5
000000f7
@00061cf6
00000012
@00063cf6
000000a5
@00065cf6
000000cd
@00067cf6
000000f7
@00061cf7
00000012
@00063cf7
000000a5
@00065cf7
000000cd
@00067cf7
000000f7
@00061cf8
00000012
@00063cf8
000000a5
@00065cf8
000000cd
@00067cf8
000000f7
@00061cf9
00000012
@00063cf9
000000a5
@00065cf9
000000cd
@00067cf9
000000f7
@00061cfa
00000012
@00063cfa
000000a5
@00065cfa
000000cd
@00067cfa
000000f7
@00061cfb
00000012
@00063cfb
000000a5
@00065cfb
000000cd
@00067cfb
000000f7
@00061cfc
00000012
@00063cfc
000000a5
@00065cfc
000000cd
@00067cfc
000000f7
@00061cfd
00000012
@00063cfd
000000a5
@00065cfd
000000cd
@00067cfd
000000f7
@00061cfe
00000012
@00063cfe
000000a5
@00065cfe
000000cd
@00067cfe
000000f7
@00061cff
00000012
@00063cff
000000a5
@00065cff
000000cd
@00067cff
000000f7
@00061d00
00000012
@00063d00
000000a5
@00065d00
000000cd
@00067d00
000000f7
@00061d01
00000012
@00063d01
000000a5
@00065d01
000000cd
@00067d01
000000f7
@00061d02
00000012
@00063d02
000000a5
@00065d02
000000cd
@00067d02
000000f7
@00061d03
00000012
@00063d03
000000a5
@00065d03
000000cd
@00067d03
000000f7
@00061d04
00000012
@00063d04
000000a5
@00065d04
000000cd
@00067d04
000000f7
@00061d05
00000012
@00063d05
000000a5
@00065d05
000000cd
@00067d05
000000f7
@00061d06
00000012
@00063d06
000000a5
@00065d06
000000cd
@00067d06
000000f7
@00061d07
00000012
@00063d07
000000a5
@00065d07
000000cd
@00067d07
000000f7
@00061d08
00000012
@00063d08
000000a5
@00065d08
000000cd
@00067d08
000000f7
@00061d09
00000012
@00063d09
000000a5
@00065d09
000000cd
@00067d09
000000f7
@00061d0a
00000012
@00063d0a
000000a5
@00065d0a
000000cd
@00067d0a
000000f7
@00061d0b
00000012
@00063d0b
000000a5
@00065d0b
000000cd
@00067d0b
000000f7
@00061d0c
00000012
@00063d0c
000000a5
@00065d0c
000000cd
@00067d0c
000000f7
@00061d0d
00000012
@00063d0d
000000a5
@00065d0d
000000cd
@00067d0d
000000f7
@00061d0e
00000012
@00063d0e
000000a5
@00065d0e
000000cd
@00067d0e
000000f7
@00061d0f
00000012
@00063d0f
000000a5
@00065d0f
000000cd
@00067d0f
000000f7
@00061d10
00000012
@00063d10
000000a5
@00065d10
000000cd
@00067d10
000000f7
@00061d11
00000012
@00063d11
000000a5
@00065d11
000000cd
@00067d11
000000f7
@00061d12
00000012
@00063d12
000000a5
@00065d12
000000cd
@00067d12
000000f7
@00061d13
00000012
@00063d13
000000a5
@00065d13
000000cd
@00067d13
000000f7
@00061d14
00000012
@00063d14
000000a5
@00065d14
000000cd
@00067d14
000000f7
@00061d15
00000012
@00063d15
000000a5
@00065d15
000000cd
@00067d15
000000f7
@00061d16
00000012
@00063d16
000000a5
@00065d16
000000cd
@00067d16
000000f7
@00061d17
00000012
@00063d17
000000a5
@00065d17
000000cd
@00067d17
000000f7
@00061d18
00000012
@00063d18
000000a5
@00065d18
000000cd
@00067d18
000000f7
@00061d19
00000012
@00063d19
000000a5
@00065d19
000000cd
@00067d19
000000f7
@00061d1a
00000012
@00063d1a
000000a5
@00065d1a
000000cd
@00067d1a
000000f7
@00061d1b
00000012
@00063d1b
000000a5
@00065d1b
000000cd
@00067d1b
000000f7
@00061d1c
00000012
@00063d1c
000000a5
@00065d1c
000000cd
@00067d1c
000000f7
@00061d1d
00000012
@00063d1d
000000a5
@00065d1d
000000cd
@00067d1d
000000f7
@00061d1e
00000012
@00063d1e
000000a5
@00065d1e
000000cd
@00067d1e
000000f7
@00061d1f
00000012
@00063d1f
000000a5
@00065d1f
000000cd
@00067d1f
000000f7
@00061d20
00000012
@00063d20
000000a5
@00065d20
000000cd
@00067d20
000000f7
@00061d21
00000012
@00063d21
000000a5
@00065d21
000000cd
@00067d21
000000f7
@00061d22
00000012
@00063d22
000000a5
@00065d22
000000cd
@00067d22
000000f7
@00061d23
00000012
@00063d23
000000a5
@00065d23
000000cd
@00067d23
000000f7
@00061d24
00000012
@00063d24
000000a5
@00065d24
000000cd
@00067d24
000000f7
@00061d25
00000012
@00063d25
000000a5
@00065d25
000000cd
@00067d25
000000f7
@00061d26
00000012
@00063d26
000000a5
@00065d26
000000cd
@00067d26
000000f7
@00061d27
00000012
@00063d27
000000a5
@00065d27
000000cd
@00067d27
000000f7
@00061d28
00000012
@00063d28
000000a5
@00065d28
000000cd
@00067d28
000000f7
@00061d29
00000012
@00063d29
000000a5
@00065d29
000000cd
@00067d29
000000f7
@00061d2a
00000012
@00063d2a
000000a5
@00065d2a
000000cd
@00067d2a
000000f7
@00061d2b
00000012
@00063d2b
000000a5
@00065d2b
000000cd
@00067d2b
000000f7
@00061d2c
00000012
@00063d2c
000000a5
@00065d2c
000000cd
@00067d2c
000000f7
@00061d2d
00000012
@00063d2d
000000a5
@00065d2d
000000cd
@00067d2d
000000f7
@00061d2e
00000012
@00063d2e
000000a5
@00065d2e
000000cd
@00067d2e
000000f7
@00061d2f
00000012
@00063d2f
000000a5
@00065d2f
000000cd
@00067d2f
000000f7
@00061d30
00000012
@00063d30
000000a5
@00065d30
000000cd
@00067d30
000000f7
@00061d31
00000012
@00063d31
000000a5
@00065d31
000000cd
@00067d31
000000f7
@00061d32
00000012
@00063d32
000000a5
@00065d32
000000cd
@00067d32
000000f7
@00061d33
00000012
@00063d33
000000a5
@00065d33
000000cd
@00067d33
000000f7
@00061d34
00000012
@00063d34
000000a5
@00065d34
000000cd
@00067d34
000000f7
@00061d35
00000012
@00063d35
000000a5
@00065d35
000000cd
@00067d35
000000f7
@00061d36
00000012
@00063d36
000000a5
@00065d36
000000cd
@00067d36
000000f7
@00061d37
00000012
@00063d37
000000a5
@00065d37
000000cd
@00067d37
000000f7
@00061d38
00000012
@00063d38
000000a5
@00065d38
000000cd
@00067d38
000000f7
@00061d39
00000012
@00063d39
000000a5
@00065d39
000000cd
@00067d39
000000f7
@00061d3a
00000012
@00063d3a
000000a5
@00065d3a
000000cd
@00067d3a
000000f7
@00061d3b
00000012
@00063d3b
000000a5
@00065d3b
000000cd
@00067d3b
000000f7
@00061d3c
00000012
@00063d3c
000000a5
@00065d3c
000000cd
@00067d3c
000000f7
@00061d3d
00000012
@00063d3d
000000a5
@00065d3d
000000cd
@00067d3d
000000f7
@00061d3e
00000012
@00063d3e
000000a5
@00065d3e
000000cd
@00067d3e
000000f7
@00061d3f
00000012
@00063d3f
000000a5
@00065d3f
000000cd
@00067d3f
000000f7
@00061d40
00000012
@00063d40
000000a5
@00065d40
000000cd
@00067d40
000000f7
@00061d41
00000012
@00063d41
000000a5
@00065d41
000000cd
@00067d41
000000f7
@00061d42
00000012
@00063d42
000000a5
@00065d42
000000cd
@00067d42
000000f7
@00061d43
00000012
@00063d43
000000a5
@00065d43
000000cd
@00067d43
000000f7
@00061d44
00000012
@00063d44
000000a5
@00065d44
000000cd
@00067d44
000000f7
@00061d45
00000012
@00063d45
000000a5
@00065d45
000000cd
@00067d45
000000f7
@00061d46
00000012
@00063d46
000000a5
@00065d46
000000cd
@00067d46
000000f7
@00061d47
00000012
@00063d47
000000a5
@00065d47
000000cd
@00067d47
000000f7
@00061d48
00000012
@00063d48
000000a5
@00065d48
000000cd
@00067d48
000000f7
@00061d49
00000012
@00063d49
000000a5
@00065d49
000000cd
@00067d49
000000f7
@00061d4a
00000012
@00063d4a
000000a5
@00065d4a
000000cd
@00067d4a
000000f7
@00061d4b
00000012
@00063d4b
000000a5
@00065d4b
000000cd
@00067d4b
000000f7
@00061d4c
00000012
@00063d4c
000000a5
@00065d4c
000000cd
@00067d4c
000000f7
@00061d4d
00000012
@00063d4d
000000a5
@00065d4d
000000cd
@00067d4d
000000f7
@00061d4e
00000012
@00063d4e
000000a5
@00065d4e
000000cd
@00067d4e
000000f7
@00061d4f
00000012
@00063d4f
000000a5
@00065d4f
000000cd
@00067d4f
000000f7
@00061d50
00000012
@00063d50
000000a5
@00065d50
000000cd
@00067d50
000000f7
@00061d51
00000012
@00063d51
000000a5
@00065d51
000000cd
@00067d51
000000f7
@00061d52
00000012
@00063d52
000000a5
@00065d52
000000cd
@00067d52
000000f7
@00061d53
00000012
@00063d53
000000a5
@00065d53
000000cd
@00067d53
000000f7
@00061d54
00000012
@00063d54
000000a5
@00065d54
000000cd
@00067d54
000000f7
@00061d55
00000012
@00063d55
000000a5
@00065d55
000000cd
@00067d55
000000f7
@00061d56
00000012
@00063d56
000000a5
@00065d56
000000cd
@00067d56
000000f7
@00061d57
00000012
@00063d57
000000a5
@00065d57
000000cd
@00067d57
000000f7
@00061d58
00000012
@00063d58
000000a5
@00065d58
000000cd
@00067d58
000000f7
@00061d59
00000012
@00063d59
000000a5
@00065d59
000000cd
@00067d59
000000f7
@00061d5a
00000012
@00063d5a
000000a5
@00065d5a
000000cd
@00067d5a
000000f7
@00061d5b
00000012
@00063d5b
000000a5
@00065d5b
000000cd
@00067d5b
000000f7
@00061d5c
00000012
@00063d5c
000000a5
@00065d5c
000000cd
@00067d5c
000000f7
@00061d5d
00000012
@00063d5d
000000a5
@00065d5d
000000cd
@00067d5d
000000f7
@00061d5e
00000012
@00063d5e
000000a5
@00065d5e
000000cd
@00067d5e
000000f7
@00061d5f
00000012
@00063d5f
000000a5
@00065d5f
000000cd
@00067d5f
000000f7
@00061d60
00000012
@00063d60
000000a5
@00065d60
000000cd
@00067d60
000000f7
@00061d61
00000012
@00063d61
000000a5
@00065d61
000000cd
@00067d61
000000f7
@00061d62
00000012
@00063d62
000000a5
@00065d62
000000cd
@00067d62
000000f7
@00061d63
00000012
@00063d63
000000a5
@00065d63
000000cd
@00067d63
000000f7
@00061d64
00000012
@00063d64
000000a5
@00065d64
000000cd
@00067d64
000000f7
@00061d65
00000012
@00063d65
000000a5
@00065d65
000000cd
@00067d65
000000f7
@00061d66
00000012
@00063d66
000000a5
@00065d66
000000cd
@00067d66
000000f7
@00061d67
00000012
@00063d67
000000a5
@00065d67
000000cd
@00067d67
000000f7
@00061d68
00000012
@00063d68
000000a5
@00065d68
000000cd
@00067d68
000000f7
@00061d69
00000012
@00063d69
000000a5
@00065d69
000000cd
@00067d69
000000f7
@00061d6a
00000012
@00063d6a
000000a5
@00065d6a
000000cd
@00067d6a
000000f7
@00061d6b
00000012
@00063d6b
000000a5
@00065d6b
000000cd
@00067d6b
000000f7
@00061d6c
00000012
@00063d6c
000000a5
@00065d6c
000000cd
@00067d6c
000000f7
@00061d6d
00000012
@00063d6d
000000a5
@00065d6d
000000cd
@00067d6d
000000f7
@00061d6e
00000012
@00063d6e
000000a5
@00065d6e
000000cd
@00067d6e
000000f7
@00061d6f
00000012
@00063d6f
000000a5
@00065d6f
000000cd
@00067d6f
000000f7
@00061d70
00000012
@00063d70
000000a5
@00065d70
000000cd
@00067d70
000000f7
@00061d71
00000012
@00063d71
000000a5
@00065d71
000000cd
@00067d71
000000f7
@00061d72
00000012
@00063d72
000000a5
@00065d72
000000cd
@00067d72
000000f7
@00061d73
00000012
@00063d73
000000a5
@00065d73
000000cd
@00067d73
000000f7
@00061d74
00000012
@00063d74
000000a5
@00065d74
000000cd
@00067d74
000000f7
@00061d75
00000012
@00063d75
000000a5
@00065d75
000000cd
@00067d75
000000f7
@00061d76
00000012
@00063d76
000000a5
@00065d76
000000cd
@00067d76
000000f7
@00061d77
00000012
@00063d77
000000a5
@00065d77
000000cd
@00067d77
000000f7
@00061d78
00000012
@00063d78
000000a5
@00065d78
000000cd
@00067d78
000000f7
@00061d79
00000012
@00063d79
000000a5
@00065d79
000000cd
@00067d79
000000f7
@00061d7a
00000012
@00063d7a
000000a5
@00065d7a
000000cd
@00067d7a
000000f7
@00061d7b
00000012
@00063d7b
000000a5
@00065d7b
000000cd
@00067d7b
000000f7
@00061d7c
00000012
@00063d7c
000000a5
@00065d7c
000000cd
@00067d7c
000000f7
@00061d7d
00000012
@00063d7d
000000a5
@00065d7d
000000cd
@00067d7d
000000f7
@00061d7e
00000012
@00063d7e
000000a5
@00065d7e
000000cd
@00067d7e
000000f7
@00061d7f
00000012
@00063d7f
000000a5
@00065d7f
000000cd
@00067d7f
000000f7
@00061d80
00000012
@00063d80
000000a5
@00065d80
000000cd
@00067d80
000000f7
@00061d81
00000012
@00063d81
000000a5
@00065d81
000000cd
@00067d81
000000f7
@00061d82
00000012
@00063d82
000000a5
@00065d82
000000cd
@00067d82
000000f7
@00061d83
00000012
@00063d83
000000a5
@00065d83
000000cd
@00067d83
000000f7
@00061d84
00000012
@00063d84
000000a5
@00065d84
000000cd
@00067d84
000000f7
@00061d85
00000012
@00063d85
000000a5
@00065d85
000000cd
@00067d85
000000f7
@00061d86
00000012
@00063d86
000000a5
@00065d86
000000cd
@00067d86
000000f7
@00061d87
00000012
@00063d87
000000a5
@00065d87
000000cd
@00067d87
000000f7
@00061d88
00000012
@00063d88
000000a5
@00065d88
000000cd
@00067d88
000000f7
@00061d89
00000012
@00063d89
000000a5
@00065d89
000000cd
@00067d89
000000f7
@00061d8a
00000012
@00063d8a
000000a5
@00065d8a
000000cd
@00067d8a
000000f7
@00061d8b
00000012
@00063d8b
000000a5
@00065d8b
000000cd
@00067d8b
000000f7
@00061d8c
00000012
@00063d8c
000000a5
@00065d8c
000000cd
@00067d8c
000000f7
@00061d8d
00000012
@00063d8d
000000a5
@00065d8d
000000cd
@00067d8d
000000f7
@00061d8e
00000012
@00063d8e
000000a5
@00065d8e
000000cd
@00067d8e
000000f7
@00061d8f
00000012
@00063d8f
000000a5
@00065d8f
000000cd
@00067d8f
000000f7
@00061d90
00000012
@00063d90
000000a5
@00065d90
000000cd
@00067d90
000000f7
@00061d91
00000012
@00063d91
000000a5
@00065d91
000000cd
@00067d91
000000f7
@00061d92
00000012
@00063d92
000000a5
@00065d92
000000cd
@00067d92
000000f7
@00061d93
00000012
@00063d93
000000a5
@00065d93
000000cd
@00067d93
000000f7
@00061d94
00000012
@00063d94
000000a5
@00065d94
000000cd
@00067d94
000000f7
@00061d95
00000012
@00063d95
000000a5
@00065d95
000000cd
@00067d95
000000f7
@00061d96
00000012
@00063d96
000000a5
@00065d96
000000cd
@00067d96
000000f7
@00061d97
00000012
@00063d97
000000a5
@00065d97
000000cd
@00067d97
000000f7
@00061d98
00000012
@00063d98
000000a5
@00065d98
000000cd
@00067d98
000000f7
@00061d99
00000012
@00063d99
000000a5
@00065d99
000000cd
@00067d99
000000f7
@00061d9a
00000012
@00063d9a
000000a5
@00065d9a
000000cd
@00067d9a
000000f7
@00061d9b
00000012
@00063d9b
000000a5
@00065d9b
000000cd
@00067d9b
000000f7
@00061d9c
00000012
@00063d9c
000000a5
@00065d9c
000000cd
@00067d9c
000000f7
@00061d9d
00000012
@00063d9d
000000a5
@00065d9d
000000cd
@00067d9d
000000f7
@00061d9e
00000012
@00063d9e
000000a5
@00065d9e
000000cd
@00067d9e
000000f7
@00061d9f
00000012
@00063d9f
000000a5
@00065d9f
000000cd
@00067d9f
000000f7
@00061da0
00000012
@00063da0
000000a5
@00065da0
000000cd
@00067da0
000000f7
@00061da1
00000012
@00063da1
000000a5
@00065da1
000000cd
@00067da1
000000f7
@00061da2
00000012
@00063da2
000000a5
@00065da2
000000cd
@00067da2
000000f7
@00061da3
00000012
@00063da3
000000a5
@00065da3
000000cd
@00067da3
000000f7
@00061da4
00000012
@00063da4
000000a5
@00065da4
000000cd
@00067da4
000000f7
@00061da5
00000012
@00063da5
000000a5
@00065da5
000000cd
@00067da5
000000f7
@00061da6
00000012
@00063da6
000000a5
@00065da6
000000cd
@00067da6
000000f7
@00061da7
00000012
@00063da7
000000a5
@00065da7
000000cd
@00067da7
000000f7
@00061da8
00000012
@00063da8
000000a5
@00065da8
000000cd
@00067da8
000000f7
@00061da9
00000012
@00063da9
000000a5
@00065da9
000000cd
@00067da9
000000f7
@00061daa
00000012
@00063daa
000000a5
@00065daa
000000cd
@00067daa
000000f7
@00061dab
00000012
@00063dab
000000a5
@00065dab
000000cd
@00067dab
000000f7
@00061dac
00000012
@00063dac
000000a5
@00065dac
000000cd
@00067dac
000000f7
@00061dad
00000012
@00063dad
000000a5
@00065dad
000000cd
@00067dad
000000f7
@00061dae
00000012
@00063dae
000000a5
@00065dae
000000cd
@00067dae
000000f7
@00061daf
00000012
@00063daf
000000a5
@00065daf
000000cd
@00067daf
000000f7
@00061db0
00000012
@00063db0
000000a5
@00065db0
000000cd
@00067db0
000000f7
@00061db1
00000012
@00063db1
000000a5
@00065db1
000000cd
@00067db1
000000f7
@00061db2
00000012
@00063db2
000000a5
@00065db2
000000cd
@00067db2
000000f7
@00061db3
00000012
@00063db3
000000a5
@00065db3
000000cd
@00067db3
000000f7
@00061db4
00000012
@00063db4
000000a5
@00065db4
000000cd
@00067db4
000000f7
@00061db5
00000012
@00063db5
000000a5
@00065db5
000000cd
@00067db5
000000f7
@00061db6
00000012
@00063db6
000000a5
@00065db6
000000cd
@00067db6
000000f7
@00061db7
00000012
@00063db7
000000a5
@00065db7
000000cd
@00067db7
000000f7
@00061db8
00000012
@00063db8
000000a5
@00065db8
000000cd
@00067db8
000000f7
@00061db9
00000012
@00063db9
000000a5
@00065db9
000000cd
@00067db9
000000f7
@00061dba
00000012
@00063dba
000000a5
@00065dba
000000cd
@00067dba
000000f7
@00061dbb
00000012
@00063dbb
000000a5
@00065dbb
000000cd
@00067dbb
000000f7
@00061dbc
00000012
@00063dbc
000000a5
@00065dbc
000000cd
@00067dbc
000000f7
@00061dbd
00000012
@00063dbd
000000a5
@00065dbd
000000cd
@00067dbd
000000f7
@00061dbe
00000012
@00063dbe
000000a5
@00065dbe
000000cd
@00067dbe
000000f7
@00061dbf
00000012
@00063dbf
000000a5
@00065dbf
000000cd
@00067dbf
000000f7
@00061dc0
00000012
@00063dc0
000000a5
@00065dc0
000000cd
@00067dc0
000000f7
@00061dc1
00000012
@00063dc1
000000a5
@00065dc1
000000cd
@00067dc1
000000f7
@00061dc2
00000012
@00063dc2
000000a5
@00065dc2
000000cd
@00067dc2
000000f7
@00061dc3
00000012
@00063dc3
000000a5
@00065dc3
000000cd
@00067dc3
000000f7
@00061dc4
00000012
@00063dc4
000000a5
@00065dc4
000000cd
@00067dc4
000000f7
@00061dc5
00000012
@00063dc5
000000a5
@00065dc5
000000cd
@00067dc5
000000f7
@00061dc6
00000012
@00063dc6
000000a5
@00065dc6
000000cd
@00067dc6
000000f7
@00061dc7
00000012
@00063dc7
000000a5
@00065dc7
000000cd
@00067dc7
000000f7
@00061dc8
00000012
@00063dc8
000000a5
@00065dc8
000000cd
@00067dc8
000000f7
@00061dc9
00000012
@00063dc9
000000a5
@00065dc9
000000cd
@00067dc9
000000f7
@00061dca
00000012
@00063dca
000000a5
@00065dca
000000cd
@00067dca
000000f7
@00061dcb
00000012
@00063dcb
000000a5
@00065dcb
000000cd
@00067dcb
000000f7
@00061dcc
00000012
@00063dcc
000000a5
@00065dcc
000000cd
@00067dcc
000000f7
@00061dcd
00000012
@00063dcd
000000a5
@00065dcd
000000cd
@00067dcd
000000f7
@00061dce
00000012
@00063dce
000000a5
@00065dce
000000cd
@00067dce
000000f7
@00061dcf
00000012
@00063dcf
000000a5
@00065dcf
000000cd
@00067dcf
000000f7
@00061dd0
00000012
@00063dd0
000000a5
@00065dd0
000000cd
@00067dd0
000000f7
@00061dd1
00000012
@00063dd1
000000a5
@00065dd1
000000cd
@00067dd1
000000f7
@00061dd2
00000012
@00063dd2
000000a5
@00065dd2
000000cd
@00067dd2
000000f7
@00061dd3
00000012
@00063dd3
000000a5
@00065dd3
000000cd
@00067dd3
000000f7
@00061dd4
00000012
@00063dd4
000000a5
@00065dd4
000000cd
@00067dd4
000000f7
@00061dd5
00000012
@00063dd5
000000a5
@00065dd5
000000cd
@00067dd5
000000f7
@00061dd6
00000012
@00063dd6
000000a5
@00065dd6
000000cd
@00067dd6
000000f7
@00061dd7
00000012
@00063dd7
000000a5
@00065dd7
000000cd
@00067dd7
000000f7
@00061dd8
00000012
@00063dd8
000000a5
@00065dd8
000000cd
@00067dd8
000000f7
@00061dd9
00000012
@00063dd9
000000a5
@00065dd9
000000cd
@00067dd9
000000f7
@00061dda
00000012
@00063dda
000000a5
@00065dda
000000cd
@00067dda
000000f7
@00061ddb
00000012
@00063ddb
000000a5
@00065ddb
000000cd
@00067ddb
000000f7
@00061ddc
00000012
@00063ddc
000000a5
@00065ddc
000000cd
@00067ddc
000000f7
@00061ddd
00000012
@00063ddd
000000a5
@00065ddd
000000cd
@00067ddd
000000f7
@00061dde
00000012
@00063dde
000000a5
@00065dde
000000cd
@00067dde
000000f7
@00061ddf
00000012
@00063ddf
000000a5
@00065ddf
000000cd
@00067ddf
000000f7
@00061de0
00000012
@00063de0
000000a5
@00065de0
000000cd
@00067de0
000000f7
@00061de1
00000012
@00063de1
000000a5
@00065de1
000000cd
@00067de1
000000f7
@00061de2
00000012
@00063de2
000000a5
@00065de2
000000cd
@00067de2
000000f7
@00061de3
00000012
@00063de3
000000a5
@00065de3
000000cd
@00067de3
000000f7
@00061de4
00000012
@00063de4
000000a5
@00065de4
000000cd
@00067de4
000000f7
@00061de5
00000012
@00063de5
000000a5
@00065de5
000000cd
@00067de5
000000f7
@00061de6
00000012
@00063de6
000000a5
@00065de6
000000cd
@00067de6
000000f7
@00061de7
00000012
@00063de7
000000a5
@00065de7
000000cd
@00067de7
000000f7
@00061de8
00000012
@00063de8
000000a5
@00065de8
000000cd
@00067de8
000000f7
@00061de9
00000012
@00063de9
000000a5
@00065de9
000000cd
@00067de9
000000f7
@00061dea
00000012
@00063dea
000000a5
@00065dea
000000cd
@00067dea
000000f7
@00061deb
00000012
@00063deb
000000a5
@00065deb
000000cd
@00067deb
000000f7
@00061dec
00000012
@00063dec
000000a5
@00065dec
000000cd
@00067dec
000000f7
@00061ded
00000012
@00063ded
000000a5
@00065ded
000000cd
@00067ded
000000f7
@00061dee
00000012
@00063dee
000000a5
@00065dee
000000cd
@00067dee
000000f7
@00061def
00000012
@00063def
000000a5
@00065def
000000cd
@00067def
000000f7
@00061df0
00000012
@00063df0
000000a5
@00065df0
000000cd
@00067df0
000000f7
@00061df1
00000012
@00063df1
000000a5
@00065df1
000000cd
@00067df1
000000f7
@00061df2
00000012
@00063df2
000000a5
@00065df2
000000cd
@00067df2
000000f7
@00061df3
00000012
@00063df3
000000a5
@00065df3
000000cd
@00067df3
000000f7
@00061df4
00000012
@00063df4
000000a5
@00065df4
000000cd
@00067df4
000000f7
@00061df5
00000012
@00063df5
000000a5
@00065df5
000000cd
@00067df5
000000f7
@00061df6
00000012
@00063df6
000000a5
@00065df6
000000cd
@00067df6
000000f7
@00061df7
00000012
@00063df7
000000a5
@00065df7
000000cd
@00067df7
000000f7
@00061df8
00000012
@00063df8
000000a5
@00065df8
000000cd
@00067df8
000000f7
@00061df9
00000012
@00063df9
000000a5
@00065df9
000000cd
@00067df9
000000f7
@00061dfa
00000012
@00063dfa
000000a5
@00065dfa
000000cd
@00067dfa
000000f7
@00061dfb
00000012
@00063dfb
000000a5
@00065dfb
000000cd
@00067dfb
000000f7
@00061dfc
00000012
@00063dfc
000000a5
@00065dfc
000000cd
@00067dfc
000000f7
@00061dfd
00000012
@00063dfd
000000a5
@00065dfd
000000cd
@00067dfd
000000f7
@00061dfe
00000012
@00063dfe
000000a5
@00065dfe
000000cd
@00067dfe
000000f7
@00061dff
00000012
@00063dff
000000a5
@00065dff
000000cd
@00067dff
000000f7
@00061e00
00000012
@00063e00
000000a5
@00065e00
000000cd
@00067e00
000000f7
@00061e01
00000012
@00063e01
000000a5
@00065e01
000000cd
@00067e01
000000f7
@00061e02
00000012
@00063e02
000000a5
@00065e02
000000cd
@00067e02
000000f7
@00061e03
00000012
@00063e03
000000a5
@00065e03
000000cd
@00067e03
000000f7
@00061e04
00000012
@00063e04
000000a5
@00065e04
000000cd
@00067e04
000000f7
@00061e05
00000012
@00063e05
000000a5
@00065e05
000000cd
@00067e05
000000f7
@00061e06
00000012
@00063e06
000000a5
@00065e06
000000cd
@00067e06
000000f7
@00061e07
00000012
@00063e07
000000a5
@00065e07
000000cd
@00067e07
000000f7
@00061e08
00000012
@00063e08
000000a5
@00065e08
000000cd
@00067e08
000000f7
@00061e09
00000012
@00063e09
000000a5
@00065e09
000000cd
@00067e09
000000f7
@00061e0a
00000012
@00063e0a
000000a5
@00065e0a
000000cd
@00067e0a
000000f7
@00061e0b
00000012
@00063e0b
000000a5
@00065e0b
000000cd
@00067e0b
000000f7
@00061e0c
00000012
@00063e0c
000000a5
@00065e0c
000000cd
@00067e0c
000000f7
@00061e0d
00000012
@00063e0d
000000a5
@00065e0d
000000cd
@00067e0d
000000f7
@00061e0e
00000012
@00063e0e
000000a5
@00065e0e
000000cd
@00067e0e
000000f7
@00061e0f
00000012
@00063e0f
000000a5
@00065e0f
000000cd
@00067e0f
000000f7
@00061e10
00000012
@00063e10
000000a5
@00065e10
000000cd
@00067e10
000000f7
@00061e11
00000012
@00063e11
000000a5
@00065e11
000000cd
@00067e11
000000f7
@00061e12
00000012
@00063e12
000000a5
@00065e12
000000cd
@00067e12
000000f7
@00061e13
00000012
@00063e13
000000a5
@00065e13
000000cd
@00067e13
000000f7
@00061e14
00000012
@00063e14
000000a5
@00065e14
000000cd
@00067e14
000000f7
@00061e15
00000012
@00063e15
000000a5
@00065e15
000000cd
@00067e15
000000f7
@00061e16
00000012
@00063e16
000000a5
@00065e16
000000cd
@00067e16
000000f7
@00061e17
00000012
@00063e17
000000a5
@00065e17
000000cd
@00067e17
000000f7
@00061e18
00000012
@00063e18
000000a5
@00065e18
000000cd
@00067e18
000000f7
@00061e19
00000012
@00063e19
000000a5
@00065e19
000000cd
@00067e19
000000f7
@00061e1a
00000012
@00063e1a
000000a5
@00065e1a
000000cd
@00067e1a
000000f7
@00061e1b
00000012
@00063e1b
000000a5
@00065e1b
000000cd
@00067e1b
000000f7
@00061e1c
00000012
@00063e1c
000000a5
@00065e1c
000000cd
@00067e1c
000000f7
@00061e1d
00000012
@00063e1d
000000a5
@00065e1d
000000cd
@00067e1d
000000f7
@00061e1e
00000012
@00063e1e
000000a5
@00065e1e
000000cd
@00067e1e
000000f7
@00061e1f
00000012
@00063e1f
000000a5
@00065e1f
000000cd
@00067e1f
000000f7
@00061e20
00000012
@00063e20
000000a5
@00065e20
000000cd
@00067e20
000000f7
@00061e21
00000012
@00063e21
000000a5
@00065e21
000000cd
@00067e21
000000f7
@00061e22
00000012
@00063e22
000000a5
@00065e22
000000cd
@00067e22
000000f7
@00061e23
00000012
@00063e23
000000a5
@00065e23
000000cd
@00067e23
000000f7
@00061e24
00000012
@00063e24
000000a5
@00065e24
000000cd
@00067e24
000000f7
@00061e25
00000012
@00063e25
000000a5
@00065e25
000000cd
@00067e25
000000f7
@00061e26
00000012
@00063e26
000000a5
@00065e26
000000cd
@00067e26
000000f7
@00061e27
00000012
@00063e27
000000a5
@00065e27
000000cd
@00067e27
000000f7
@00061e28
00000012
@00063e28
000000a5
@00065e28
000000cd
@00067e28
000000f7
@00061e29
00000012
@00063e29
000000a5
@00065e29
000000cd
@00067e29
000000f7
@00061e2a
00000012
@00063e2a
000000a5
@00065e2a
000000cd
@00067e2a
000000f7
@00061e2b
00000012
@00063e2b
000000a5
@00065e2b
000000cd
@00067e2b
000000f7
@00061e2c
00000012
@00063e2c
000000a5
@00065e2c
000000cd
@00067e2c
000000f7
@00061e2d
00000012
@00063e2d
000000a5
@00065e2d
000000cd
@00067e2d
000000f7
@00061e2e
00000012
@00063e2e
000000a5
@00065e2e
000000cd
@00067e2e
000000f7
@00061e2f
00000012
@00063e2f
000000a5
@00065e2f
000000cd
@00067e2f
000000f7
@00061e30
00000012
@00063e30
000000a5
@00065e30
000000cd
@00067e30
000000f7
@00061e31
00000012
@00063e31
000000a5
@00065e31
000000cd
@00067e31
000000f7
@00061e32
00000012
@00063e32
000000a5
@00065e32
000000cd
@00067e32
000000f7
@00061e33
00000012
@00063e33
000000a5
@00065e33
000000cd
@00067e33
000000f7
@00061e34
00000012
@00063e34
000000a5
@00065e34
000000cd
@00067e34
000000f7
@00061e35
00000012
@00063e35
000000a5
@00065e35
000000cd
@00067e35
000000f7
@00061e36
00000012
@00063e36
000000a5
@00065e36
000000cd
@00067e36
000000f7
@00061e37
00000012
@00063e37
000000a5
@00065e37
000000cd
@00067e37
000000f7
@00061e38
00000012
@00063e38
000000a5
@00065e38
000000cd
@00067e38
000000f7
@00061e39
00000012
@00063e39
000000a5
@00065e39
000000cd
@00067e39
000000f7
@00061e3a
00000012
@00063e3a
000000a5
@00065e3a
000000cd
@00067e3a
000000f7
@00061e3b
00000012
@00063e3b
000000a5
@00065e3b
000000cd
@00067e3b
000000f7
@00061e3c
00000012
@00063e3c
000000a5
@00065e3c
000000cd
@00067e3c
000000f7
@00061e3d
00000012
@00063e3d
000000a5
@00065e3d
000000cd
@00067e3d
000000f7
@00061e3e
00000012
@00063e3e
000000a5
@00065e3e
000000cd
@00067e3e
000000f7
@00061e3f
00000012
@00063e3f
000000a5
@00065e3f
000000cd
@00067e3f
000000f7
@00061e40
00000012
@00063e40
000000a5
@00065e40
000000cd
@00067e40
000000f7
@00061e41
00000012
@00063e41
000000a5
@00065e41
000000cd
@00067e41
000000f7
@00061e42
00000012
@00063e42
000000a5
@00065e42
000000cd
@00067e42
000000f7
@00061e43
00000012
@00063e43
000000a5
@00065e43
000000cd
@00067e43
000000f7
@00061e44
00000012
@00063e44
000000a5
@00065e44
000000cd
@00067e44
000000f7
@00061e45
00000012
@00063e45
000000a5
@00065e45
000000cd
@00067e45
000000f7
@00061e46
00000012
@00063e46
000000a5
@00065e46
000000cd
@00067e46
000000f7
@00061e47
00000012
@00063e47
000000a5
@00065e47
000000cd
@00067e47
000000f7
@00061e48
00000012
@00063e48
000000a5
@00065e48
000000cd
@00067e48
000000f7
@00061e49
00000012
@00063e49
000000a5
@00065e49
000000cd
@00067e49
000000f7
@00061e4a
00000012
@00063e4a
000000a5
@00065e4a
000000cd
@00067e4a
000000f7
@00061e4b
00000012
@00063e4b
000000a5
@00065e4b
000000cd
@00067e4b
000000f7
@00061e4c
00000012
@00063e4c
000000a5
@00065e4c
000000cd
@00067e4c
000000f7
@00061e4d
00000012
@00063e4d
000000a5
@00065e4d
000000cd
@00067e4d
000000f7
@00061e4e
00000012
@00063e4e
000000a5
@00065e4e
000000cd
@00067e4e
000000f7
@00061e4f
00000012
@00063e4f
000000a5
@00065e4f
000000cd
@00067e4f
000000f7
@00061e50
00000012
@00063e50
000000a5
@00065e50
000000cd
@00067e50
000000f7
@00061e51
00000012
@00063e51
000000a5
@00065e51
000000cd
@00067e51
000000f7
@00061e52
00000012
@00063e52
000000a5
@00065e52
000000cd
@00067e52
000000f7
@00061e53
00000012
@00063e53
000000a5
@00065e53
000000cd
@00067e53
000000f7
@00061e54
00000012
@00063e54
000000a5
@00065e54
000000cd
@00067e54
000000f7
@00061e55
00000012
@00063e55
000000a5
@00065e55
000000cd
@00067e55
000000f7
@00061e56
00000012
@00063e56
000000a5
@00065e56
000000cd
@00067e56
000000f7
@00061e57
00000012
@00063e57
000000a5
@00065e57
000000cd
@00067e57
000000f7
@00061e58
00000012
@00063e58
000000a5
@00065e58
000000cd
@00067e58
000000f7
@00061e59
00000012
@00063e59
000000a5
@00065e59
000000cd
@00067e59
000000f7
@00061e5a
00000012
@00063e5a
000000a5
@00065e5a
000000cd
@00067e5a
000000f7
@00061e5b
00000012
@00063e5b
000000a5
@00065e5b
000000cd
@00067e5b
000000f7
@00061e5c
00000012
@00063e5c
000000a5
@00065e5c
000000cd
@00067e5c
000000f7
@00061e5d
00000012
@00063e5d
000000a5
@00065e5d
000000cd
@00067e5d
000000f7
@00061e5e
00000012
@00063e5e
000000a5
@00065e5e
000000cd
@00067e5e
000000f7
@00061e5f
00000012
@00063e5f
000000a5
@00065e5f
000000cd
@00067e5f
000000f7
@00061e60
00000012
@00063e60
000000a5
@00065e60
000000cd
@00067e60
000000f7
@00061e61
00000012
@00063e61
000000a5
@00065e61
000000cd
@00067e61
000000f7
@00061e62
00000012
@00063e62
000000a5
@00065e62
000000cd
@00067e62
000000f7
@00061e63
00000012
@00063e63
000000a5
@00065e63
000000cd
@00067e63
000000f7
@00061e64
00000012
@00063e64
000000a5
@00065e64
000000cd
@00067e64
000000f7
@00061e65
00000012
@00063e65
000000a5
@00065e65
000000cd
@00067e65
000000f7
@00061e66
00000012
@00063e66
000000a5
@00065e66
000000cd
@00067e66
000000f7
@00061e67
00000012
@00063e67
000000a5
@00065e67
000000cd
@00067e67
000000f7
@00061e68
00000012
@00063e68
000000a5
@00065e68
000000cd
@00067e68
000000f7
@00061e69
00000012
@00063e69
000000a5
@00065e69
000000cd
@00067e69
000000f7
@00061e6a
00000012
@00063e6a
000000a5
@00065e6a
000000cd
@00067e6a
000000f7
@00061e6b
00000012
@00063e6b
000000a5
@00065e6b
000000cd
@00067e6b
000000f7
@00061e6c
00000012
@00063e6c
000000a5
@00065e6c
000000cd
@00067e6c
000000f7
@00061e6d
00000012
@00063e6d
000000a5
@00065e6d
000000cd
@00067e6d
000000f7
@00061e6e
00000012
@00063e6e
000000a5
@00065e6e
000000cd
@00067e6e
000000f7
@00061e6f
00000012
@00063e6f
000000a5
@00065e6f
000000cd
@00067e6f
000000f7
@00061e70
00000012
@00063e70
000000a5
@00065e70
000000cd
@00067e70
000000f7
@00061e71
00000012
@00063e71
000000a5
@00065e71
000000cd
@00067e71
000000f7
@00061e72
00000012
@00063e72
000000a5
@00065e72
000000cd
@00067e72
000000f7
@00061e73
00000012
@00063e73
000000a5
@00065e73
000000cd
@00067e73
000000f7
@00061e74
00000012
@00063e74
000000a5
@00065e74
000000cd
@00067e74
000000f7
@00061e75
00000012
@00063e75
000000a5
@00065e75
000000cd
@00067e75
000000f7
@00061e76
00000012
@00063e76
000000a5
@00065e76
000000cd
@00067e76
000000f7
@00061e77
00000012
@00063e77
000000a5
@00065e77
000000cd
@00067e77
000000f7
@00061e78
00000012
@00063e78
000000a5
@00065e78
000000cd
@00067e78
000000f7
@00061e79
00000012
@00063e79
000000a5
@00065e79
000000cd
@00067e79
000000f7
@00061e7a
00000012
@00063e7a
000000a5
@00065e7a
000000cd
@00067e7a
000000f7
@00061e7b
00000012
@00063e7b
000000a5
@00065e7b
000000cd
@00067e7b
000000f7
@00061e7c
00000012
@00063e7c
000000a5
@00065e7c
000000cd
@00067e7c
000000f7
@00061e7d
00000012
@00063e7d
000000a5
@00065e7d
000000cd
@00067e7d
000000f7
@00061e7e
00000012
@00063e7e
000000a5
@00065e7e
000000cd
@00067e7e
000000f7
@00061e7f
00000012
@00063e7f
000000a5
@00065e7f
000000cd
@00067e7f
000000f7
@00061e80
00000012
@00063e80
000000a5
@00065e80
000000cd
@00067e80
000000f7
@00061e81
00000012
@00063e81
000000a5
@00065e81
000000cd
@00067e81
000000f7
@00061e82
00000012
@00063e82
000000a5
@00065e82
000000cd
@00067e82
000000f7
@00061e83
00000012
@00063e83
000000a5
@00065e83
000000cd
@00067e83
000000f7
@00061e84
00000012
@00063e84
000000a5
@00065e84
000000cd
@00067e84
000000f7
@00061e85
00000012
@00063e85
000000a5
@00065e85
000000cd
@00067e85
000000f7
@00061e86
00000012
@00063e86
000000a5
@00065e86
000000cd
@00067e86
000000f7
@00061e87
00000012
@00063e87
000000a5
@00065e87
000000cd
@00067e87
000000f7
@00061e88
00000012
@00063e88
000000a5
@00065e88
000000cd
@00067e88
000000f7
@00061e89
00000012
@00063e89
000000a5
@00065e89
000000cd
@00067e89
000000f7
@00061e8a
00000012
@00063e8a
000000a5
@00065e8a
000000cd
@00067e8a
000000f7
@00061e8b
00000012
@00063e8b
000000a5
@00065e8b
000000cd
@00067e8b
000000f7
@00061e8c
00000012
@00063e8c
000000a5
@00065e8c
000000cd
@00067e8c
000000f7
@00061e8d
00000012
@00063e8d
000000a5
@00065e8d
000000cd
@00067e8d
000000f7
@00061e8e
00000012
@00063e8e
000000a5
@00065e8e
000000cd
@00067e8e
000000f7
@00061e8f
00000012
@00063e8f
000000a5
@00065e8f
000000cd
@00067e8f
000000f7
@00061e90
00000012
@00063e90
000000a5
@00065e90
000000cd
@00067e90
000000f7
@00061e91
00000012
@00063e91
000000a5
@00065e91
000000cd
@00067e91
000000f7
@00061e92
00000012
@00063e92
000000a5
@00065e92
000000cd
@00067e92
000000f7
@00061e93
00000012
@00063e93
000000a5
@00065e93
000000cd
@00067e93
000000f7
@00061e94
00000012
@00063e94
000000a5
@00065e94
000000cd
@00067e94
000000f7
@00061e95
00000012
@00063e95
000000a5
@00065e95
000000cd
@00067e95
000000f7
@00061e96
00000012
@00063e96
000000a5
@00065e96
000000cd
@00067e96
000000f7
@00061e97
00000012
@00063e97
000000a5
@00065e97
000000cd
@00067e97
000000f7
@00061e98
00000012
@00063e98
000000a5
@00065e98
000000cd
@00067e98
000000f7
@00061e99
00000012
@00063e99
000000a5
@00065e99
000000cd
@00067e99
000000f7
@00061e9a
00000012
@00063e9a
000000a5
@00065e9a
000000cd
@00067e9a
000000f7
@00061e9b
00000012
@00063e9b
000000a5
@00065e9b
000000cd
@00067e9b
000000f7
@00061e9c
00000012
@00063e9c
000000a5
@00065e9c
000000cd
@00067e9c
000000f7
@00061e9d
00000012
@00063e9d
000000a5
@00065e9d
000000cd
@00067e9d
000000f7
@00061e9e
00000012
@00063e9e
000000a5
@00065e9e
000000cd
@00067e9e
000000f7
@00061e9f
00000012
@00063e9f
000000a5
@00065e9f
000000cd
@00067e9f
000000f7
@00061ea0
00000012
@00063ea0
000000a5
@00065ea0
000000cd
@00067ea0
000000f7
@00061ea1
00000012
@00063ea1
000000a5
@00065ea1
000000cd
@00067ea1
000000f7
@00061ea2
00000012
@00063ea2
000000a5
@00065ea2
000000cd
@00067ea2
000000f7
@00061ea3
00000012
@00063ea3
000000a5
@00065ea3
000000cd
@00067ea3
000000f7
@00061ea4
00000012
@00063ea4
000000a5
@00065ea4
000000cd
@00067ea4
000000f7
@00061ea5
00000012
@00063ea5
000000a5
@00065ea5
000000cd
@00067ea5
000000f7
@00061ea6
00000012
@00063ea6
000000a5
@00065ea6
000000cd
@00067ea6
000000f7
@00061ea7
00000012
@00063ea7
000000a5
@00065ea7
000000cd
@00067ea7
000000f7
@00061ea8
00000012
@00063ea8
000000a5
@00065ea8
000000cd
@00067ea8
000000f7
@00061ea9
00000012
@00063ea9
000000a5
@00065ea9
000000cd
@00067ea9
000000f7
@00061eaa
00000012
@00063eaa
000000a5
@00065eaa
000000cd
@00067eaa
000000f7
@00061eab
00000012
@00063eab
000000a5
@00065eab
000000cd
@00067eab
000000f7
@00061eac
00000012
@00063eac
000000a5
@00065eac
000000cd
@00067eac
000000f7
@00061ead
00000012
@00063ead
000000a5
@00065ead
000000cd
@00067ead
000000f7
@00061eae
00000012
@00063eae
000000a5
@00065eae
000000cd
@00067eae
000000f7
@00061eaf
00000012
@00063eaf
000000a5
@00065eaf
000000cd
@00067eaf
000000f7
@00061eb0
00000012
@00063eb0
000000a5
@00065eb0
000000cd
@00067eb0
000000f7
@00061eb1
00000012
@00063eb1
000000a5
@00065eb1
000000cd
@00067eb1
000000f7
@00061eb2
00000012
@00063eb2
000000a5
@00065eb2
000000cd
@00067eb2
000000f7
@00061eb3
00000012
@00063eb3
000000a5
@00065eb3
000000cd
@00067eb3
000000f7
@00061eb4
00000012
@00063eb4
000000a5
@00065eb4
000000cd
@00067eb4
000000f7
@00061eb5
00000012
@00063eb5
000000a5
@00065eb5
000000cd
@00067eb5
000000f7
@00061eb6
00000012
@00063eb6
000000a5
@00065eb6
000000cd
@00067eb6
000000f7
@00061eb7
00000012
@00063eb7
000000a5
@00065eb7
000000cd
@00067eb7
000000f7
@00061eb8
00000012
@00063eb8
000000a5
@00065eb8
000000cd
@00067eb8
000000f7
@00061eb9
00000012
@00063eb9
000000a5
@00065eb9
000000cd
@00067eb9
000000f7
@00061eba
00000012
@00063eba
000000a5
@00065eba
000000cd
@00067eba
000000f7
@00061ebb
00000012
@00063ebb
000000a5
@00065ebb
000000cd
@00067ebb
000000f7
@00061ebc
00000012
@00063ebc
000000a5
@00065ebc
000000cd
@00067ebc
000000f7
@00061ebd
00000012
@00063ebd
000000a5
@00065ebd
000000cd
@00067ebd
000000f7
@00061ebe
00000012
@00063ebe
000000a5
@00065ebe
000000cd
@00067ebe
000000f7
@00061ebf
00000012
@00063ebf
000000a5
@00065ebf
000000cd
@00067ebf
000000f7
@00061ec0
00000012
@00063ec0
000000a5
@00065ec0
000000cd
@00067ec0
000000f7
@00061ec1
00000012
@00063ec1
000000a5
@00065ec1
000000cd
@00067ec1
000000f7
@00061ec2
00000012
@00063ec2
000000a5
@00065ec2
000000cd
@00067ec2
000000f7
@00061ec3
00000012
@00063ec3
000000a5
@00065ec3
000000cd
@00067ec3
000000f7
@00061ec4
00000012
@00063ec4
000000a5
@00065ec4
000000cd
@00067ec4
000000f7
@00061ec5
00000012
@00063ec5
000000a5
@00065ec5
000000cd
@00067ec5
000000f7
@00061ec6
00000012
@00063ec6
000000a5
@00065ec6
000000cd
@00067ec6
000000f7
@00061ec7
00000012
@00063ec7
000000a5
@00065ec7
000000cd
@00067ec7
000000f7
@00061ec8
00000012
@00063ec8
000000a5
@00065ec8
000000cd
@00067ec8
000000f7
@00061ec9
00000012
@00063ec9
000000a5
@00065ec9
000000cd
@00067ec9
000000f7
@00061eca
00000012
@00063eca
000000a5
@00065eca
000000cd
@00067eca
000000f7
@00061ecb
00000012
@00063ecb
000000a5
@00065ecb
000000cd
@00067ecb
000000f7
@00061ecc
00000012
@00063ecc
000000a5
@00065ecc
000000cd
@00067ecc
000000f7
@00061ecd
00000012
@00063ecd
000000a5
@00065ecd
000000cd
@00067ecd
000000f7
@00061ece
00000012
@00063ece
000000a5
@00065ece
000000cd
@00067ece
000000f7
@00061ecf
00000012
@00063ecf
000000a5
@00065ecf
000000cd
@00067ecf
000000f7
@00061ed0
00000012
@00063ed0
000000a5
@00065ed0
000000cd
@00067ed0
000000f7
@00061ed1
00000012
@00063ed1
000000a5
@00065ed1
000000cd
@00067ed1
000000f7
@00061ed2
00000012
@00063ed2
000000a5
@00065ed2
000000cd
@00067ed2
000000f7
@00061ed3
00000012
@00063ed3
000000a5
@00065ed3
000000cd
@00067ed3
000000f7
@00061ed4
00000012
@00063ed4
000000a5
@00065ed4
000000cd
@00067ed4
000000f7
@00061ed5
00000012
@00063ed5
000000a5
@00065ed5
000000cd
@00067ed5
000000f7
@00061ed6
00000012
@00063ed6
000000a5
@00065ed6
000000cd
@00067ed6
000000f7
@00061ed7
00000012
@00063ed7
000000a5
@00065ed7
000000cd
@00067ed7
000000f7
@00061ed8
00000012
@00063ed8
000000a5
@00065ed8
000000cd
@00067ed8
000000f7
@00061ed9
00000012
@00063ed9
000000a5
@00065ed9
000000cd
@00067ed9
000000f7
@00061eda
00000012
@00063eda
000000a5
@00065eda
000000cd
@00067eda
000000f7
@00061edb
00000012
@00063edb
000000a5
@00065edb
000000cd
@00067edb
000000f7
@00061edc
00000012
@00063edc
000000a5
@00065edc
000000cd
@00067edc
000000f7
@00061edd
00000012
@00063edd
000000a5
@00065edd
000000cd
@00067edd
000000f7
@00061ede
00000012
@00063ede
000000a5
@00065ede
000000cd
@00067ede
000000f7
@00061edf
00000012
@00063edf
000000a5
@00065edf
000000cd
@00067edf
000000f7
@00061ee0
00000012
@00063ee0
000000a5
@00065ee0
000000cd
@00067ee0
000000f7
@00061ee1
00000012
@00063ee1
000000a5
@00065ee1
000000cd
@00067ee1
000000f7
@00061ee2
00000012
@00063ee2
000000a5
@00065ee2
000000cd
@00067ee2
000000f7
@00061ee3
00000012
@00063ee3
000000a5
@00065ee3
000000cd
@00067ee3
000000f7
@00061ee4
00000012
@00063ee4
000000a5
@00065ee4
000000cd
@00067ee4
000000f7
@00061ee5
00000012
@00063ee5
000000a5
@00065ee5
000000cd
@00067ee5
000000f7
@00061ee6
00000012
@00063ee6
000000a5
@00065ee6
000000cd
@00067ee6
000000f7
@00061ee7
00000012
@00063ee7
000000a5
@00065ee7
000000cd
@00067ee7
000000f7
@00061ee8
00000012
@00063ee8
000000a5
@00065ee8
000000cd
@00067ee8
000000f7
@00061ee9
00000012
@00063ee9
000000a5
@00065ee9
000000cd
@00067ee9
000000f7
@00061eea
00000012
@00063eea
000000a5
@00065eea
000000cd
@00067eea
000000f7
@00061eeb
00000012
@00063eeb
000000a5
@00065eeb
000000cd
@00067eeb
000000f7
@00061eec
00000012
@00063eec
000000a5
@00065eec
000000cd
@00067eec
000000f7
@00061eed
00000012
@00063eed
000000a5
@00065eed
000000cd
@00067eed
000000f7
@00061eee
00000012
@00063eee
000000a5
@00065eee
000000cd
@00067eee
000000f7
@00061eef
00000012
@00063eef
000000a5
@00065eef
000000cd
@00067eef
000000f7
@00061ef0
00000012
@00063ef0
000000a5
@00065ef0
000000cd
@00067ef0
000000f7
@00061ef1
00000012
@00063ef1
000000a5
@00065ef1
000000cd
@00067ef1
000000f7
@00061ef2
00000012
@00063ef2
000000a5
@00065ef2
000000cd
@00067ef2
000000f7
@00061ef3
00000012
@00063ef3
000000a5
@00065ef3
000000cd
@00067ef3
000000f7
@00061ef4
00000012
@00063ef4
000000a5
@00065ef4
000000cd
@00067ef4
000000f7
@00061ef5
00000012
@00063ef5
000000a5
@00065ef5
000000cd
@00067ef5
000000f7
@00061ef6
00000012
@00063ef6
000000a5
@00065ef6
000000cd
@00067ef6
000000f7
@00061ef7
00000012
@00063ef7
000000a5
@00065ef7
000000cd
@00067ef7
000000f7
@00061ef8
00000012
@00063ef8
000000a5
@00065ef8
000000cd
@00067ef8
000000f7
@00061ef9
00000012
@00063ef9
000000a5
@00065ef9
000000cd
@00067ef9
000000f7
@00061efa
00000012
@00063efa
000000a5
@00065efa
000000cd
@00067efa
000000f7
@00061efb
00000012
@00063efb
000000a5
@00065efb
000000cd
@00067efb
000000f7
@00061efc
00000012
@00063efc
000000a5
@00065efc
000000cd
@00067efc
000000f7
@00061efd
00000012
@00063efd
000000a5
@00065efd
000000cd
@00067efd
000000f7
@00061efe
00000012
@00063efe
000000a5
@00065efe
000000cd
@00067efe
000000f7
@00061eff
00000012
@00063eff
000000a5
@00065eff
000000cd
@00067eff
000000f7
@00061f00
00000012
@00063f00
000000a5
@00065f00
000000cd
@00067f00
000000f7
@00061f01
00000012
@00063f01
000000a5
@00065f01
000000cd
@00067f01
000000f7
@00061f02
00000012
@00063f02
000000a5
@00065f02
000000cd
@00067f02
000000f7
@00061f03
00000012
@00063f03
000000a5
@00065f03
000000cd
@00067f03
000000f7
@00061f04
00000012
@00063f04
000000a5
@00065f04
000000cd
@00067f04
000000f7
@00061f05
00000012
@00063f05
000000a5
@00065f05
000000cd
@00067f05
000000f7
@00061f06
00000012
@00063f06
000000a5
@00065f06
000000cd
@00067f06
000000f7
@00061f07
00000012
@00063f07
000000a5
@00065f07
000000cd
@00067f07
000000f7
@00061f08
00000012
@00063f08
000000a5
@00065f08
000000cd
@00067f08
000000f7
@00061f09
00000012
@00063f09
000000a5
@00065f09
000000cd
@00067f09
000000f7
@00061f0a
00000012
@00063f0a
000000a5
@00065f0a
000000cd
@00067f0a
000000f7
@00061f0b
00000012
@00063f0b
000000a5
@00065f0b
000000cd
@00067f0b
000000f7
@00061f0c
00000012
@00063f0c
000000a5
@00065f0c
000000cd
@00067f0c
000000f7
@00061f0d
00000012
@00063f0d
000000a5
@00065f0d
000000cd
@00067f0d
000000f7
@00061f0e
00000012
@00063f0e
000000a5
@00065f0e
000000cd
@00067f0e
000000f7
@00061f0f
00000012
@00063f0f
000000a5
@00065f0f
000000cd
@00067f0f
000000f7
@00061f10
00000012
@00063f10
000000a5
@00065f10
000000cd
@00067f10
000000f7
@00061f11
00000012
@00063f11
000000a5
@00065f11
000000cd
@00067f11
000000f7
@00061f12
00000012
@00063f12
000000a5
@00065f12
000000cd
@00067f12
000000f7
@00061f13
00000012
@00063f13
000000a5
@00065f13
000000cd
@00067f13
000000f7
@00061f14
00000012
@00063f14
000000a5
@00065f14
000000cd
@00067f14
000000f7
@00061f15
00000012
@00063f15
000000a5
@00065f15
000000cd
@00067f15
000000f7
@00061f16
00000012
@00063f16
000000a5
@00065f16
000000cd
@00067f16
000000f7
@00061f17
00000012
@00063f17
000000a5
@00065f17
000000cd
@00067f17
000000f7
@00061f18
00000012
@00063f18
000000a5
@00065f18
000000cd
@00067f18
000000f7
@00061f19
00000012
@00063f19
000000a5
@00065f19
000000cd
@00067f19
000000f7
@00061f1a
00000012
@00063f1a
000000a5
@00065f1a
000000cd
@00067f1a
000000f7
@00061f1b
00000012
@00063f1b
000000a5
@00065f1b
000000cd
@00067f1b
000000f7
@00061f1c
00000012
@00063f1c
000000a5
@00065f1c
000000cd
@00067f1c
000000f7
@00061f1d
00000012
@00063f1d
000000a5
@00065f1d
000000cd
@00067f1d
000000f7
@00061f1e
00000012
@00063f1e
000000a5
@00065f1e
000000cd
@00067f1e
000000f7
@00061f1f
00000012
@00063f1f
000000a5
@00065f1f
000000cd
@00067f1f
000000f7
@00061f20
00000012
@00063f20
000000a5
@00065f20
000000cd
@00067f20
000000f7
@00061f21
00000012
@00063f21
000000a5
@00065f21
000000cd
@00067f21
000000f7
@00061f22
00000012
@00063f22
000000a5
@00065f22
000000cd
@00067f22
000000f7
@00061f23
00000012
@00063f23
000000a5
@00065f23
000000cd
@00067f23
000000f7
@00061f24
00000012
@00063f24
000000a5
@00065f24
000000cd
@00067f24
000000f7
@00061f25
00000012
@00063f25
000000a5
@00065f25
000000cd
@00067f25
000000f7
@00061f26
00000012
@00063f26
000000a5
@00065f26
000000cd
@00067f26
000000f7
@00061f27
00000012
@00063f27
000000a5
@00065f27
000000cd
@00067f27
000000f7
@00061f28
00000012
@00063f28
000000a5
@00065f28
000000cd
@00067f28
000000f7
@00061f29
00000012
@00063f29
000000a5
@00065f29
000000cd
@00067f29
000000f7
@00061f2a
00000012
@00063f2a
000000a5
@00065f2a
000000cd
@00067f2a
000000f7
@00061f2b
00000012
@00063f2b
000000a5
@00065f2b
000000cd
@00067f2b
000000f7
@00061f2c
00000012
@00063f2c
000000a5
@00065f2c
000000cd
@00067f2c
000000f7
@00061f2d
00000012
@00063f2d
000000a5
@00065f2d
000000cd
@00067f2d
000000f7
@00061f2e
00000012
@00063f2e
000000a5
@00065f2e
000000cd
@00067f2e
000000f7
@00061f2f
00000012
@00063f2f
000000a5
@00065f2f
000000cd
@00067f2f
000000f7
@00061f30
00000012
@00063f30
000000a5
@00065f30
000000cd
@00067f30
000000f7
@00061f31
00000012
@00063f31
000000a5
@00065f31
000000cd
@00067f31
000000f7
@00061f32
00000012
@00063f32
000000a5
@00065f32
000000cd
@00067f32
000000f7
@00061f33
00000012
@00063f33
000000a5
@00065f33
000000cd
@00067f33
000000f7
@00061f34
00000012
@00063f34
000000a5
@00065f34
000000cd
@00067f34
000000f7
@00061f35
00000012
@00063f35
000000a5
@00065f35
000000cd
@00067f35
000000f7
@00061f36
00000012
@00063f36
000000a5
@00065f36
000000cd
@00067f36
000000f7
@00061f37
00000012
@00063f37
000000a5
@00065f37
000000cd
@00067f37
000000f7
@00061f38
00000012
@00063f38
000000a5
@00065f38
000000cd
@00067f38
000000f7
@00061f39
00000012
@00063f39
000000a5
@00065f39
000000cd
@00067f39
000000f7
@00061f3a
00000012
@00063f3a
000000a5
@00065f3a
000000cd
@00067f3a
000000f7
@00061f3b
00000012
@00063f3b
000000a5
@00065f3b
000000cd
@00067f3b
000000f7
@00061f3c
00000012
@00063f3c
000000a5
@00065f3c
000000cd
@00067f3c
000000f7
@00061f3d
00000012
@00063f3d
000000a5
@00065f3d
000000cd
@00067f3d
000000f7
@00061f3e
00000012
@00063f3e
000000a5
@00065f3e
000000cd
@00067f3e
000000f7
@00061f3f
00000012
@00063f3f
000000a5
@00065f3f
000000cd
@00067f3f
000000f7
@00061f40
00000012
@00063f40
000000a5
@00065f40
000000cd
@00067f40
000000f7
@00061f41
00000012
@00063f41
000000a5
@00065f41
000000cd
@00067f41
000000f7
@00061f42
00000012
@00063f42
000000a5
@00065f42
000000cd
@00067f42
000000f7
@00061f43
00000012
@00063f43
000000a5
@00065f43
000000cd
@00067f43
000000f7
@00061f44
00000012
@00063f44
000000a5
@00065f44
000000cd
@00067f44
000000f7
@00061f45
00000012
@00063f45
000000a5
@00065f45
000000cd
@00067f45
000000f7
@00061f46
00000012
@00063f46
000000a5
@00065f46
000000cd
@00067f46
000000f7
@00061f47
00000012
@00063f47
000000a5
@00065f47
000000cd
@00067f47
000000f7
@00061f48
00000012
@00063f48
000000a5
@00065f48
000000cd
@00067f48
000000f7
@00061f49
00000012
@00063f49
000000a5
@00065f49
000000cd
@00067f49
000000f7
@00061f4a
00000012
@00063f4a
000000a5
@00065f4a
000000cd
@00067f4a
000000f7
@00061f4b
00000012
@00063f4b
000000a5
@00065f4b
000000cd
@00067f4b
000000f7
@00061f4c
00000012
@00063f4c
000000a5
@00065f4c
000000cd
@00067f4c
000000f7
@00061f4d
00000012
@00063f4d
000000a5
@00065f4d
000000cd
@00067f4d
000000f7
@00061f4e
00000012
@00063f4e
000000a5
@00065f4e
000000cd
@00067f4e
000000f7
@00061f4f
00000012
@00063f4f
000000a5
@00065f4f
000000cd
@00067f4f
000000f7
@00061f50
00000012
@00063f50
000000a5
@00065f50
000000cd
@00067f50
000000f7
@00061f51
00000012
@00063f51
000000a5
@00065f51
000000cd
@00067f51
000000f7
@00061f52
00000012
@00063f52
000000a5
@00065f52
000000cd
@00067f52
000000f7
@00061f53
00000012
@00063f53
000000a5
@00065f53
000000cd
@00067f53
000000f7
@00061f54
00000012
@00063f54
000000a5
@00065f54
000000cd
@00067f54
000000f7
@00061f55
00000012
@00063f55
000000a5
@00065f55
000000cd
@00067f55
000000f7
@00061f56
00000012
@00063f56
000000a5
@00065f56
000000cd
@00067f56
000000f7
@00061f57
00000012
@00063f57
000000a5
@00065f57
000000cd
@00067f57
000000f7
@00061f58
00000012
@00063f58
000000a5
@00065f58
000000cd
@00067f58
000000f7
@00061f59
00000012
@00063f59
000000a5
@00065f59
000000cd
@00067f59
000000f7
@00061f5a
00000012
@00063f5a
000000a5
@00065f5a
000000cd
@00067f5a
000000f7
@00061f5b
00000012
@00063f5b
000000a5
@00065f5b
000000cd
@00067f5b
000000f7
@00061f5c
00000012
@00063f5c
000000a5
@00065f5c
000000cd
@00067f5c
000000f7
@00061f5d
00000012
@00063f5d
000000a5
@00065f5d
000000cd
@00067f5d
000000f7
@00061f5e
00000012
@00063f5e
000000a5
@00065f5e
000000cd
@00067f5e
000000f7
@00061f5f
00000012
@00063f5f
000000a5
@00065f5f
000000cd
@00067f5f
000000f7
@00061f60
00000012
@00063f60
000000a5
@00065f60
000000cd
@00067f60
000000f7
@00061f61
00000012
@00063f61
000000a5
@00065f61
000000cd
@00067f61
000000f7
@00061f62
00000012
@00063f62
000000a5
@00065f62
000000cd
@00067f62
000000f7
@00061f63
00000012
@00063f63
000000a5
@00065f63
000000cd
@00067f63
000000f7
@00061f64
00000012
@00063f64
000000a5
@00065f64
000000cd
@00067f64
000000f7
@00061f65
00000012
@00063f65
000000a5
@00065f65
000000cd
@00067f65
000000f7
@00061f66
00000012
@00063f66
000000a5
@00065f66
000000cd
@00067f66
000000f7
@00061f67
00000012
@00063f67
000000a5
@00065f67
000000cd
@00067f67
000000f7
@00061f68
00000012
@00063f68
000000a5
@00065f68
000000cd
@00067f68
000000f7
@00061f69
00000012
@00063f69
000000a5
@00065f69
000000cd
@00067f69
000000f7
@00061f6a
00000012
@00063f6a
000000a5
@00065f6a
000000cd
@00067f6a
000000f7
@00061f6b
00000012
@00063f6b
000000a5
@00065f6b
000000cd
@00067f6b
000000f7
@00061f6c
00000012
@00063f6c
000000a5
@00065f6c
000000cd
@00067f6c
000000f7
@00061f6d
00000012
@00063f6d
000000a5
@00065f6d
000000cd
@00067f6d
000000f7
@00061f6e
00000012
@00063f6e
000000a5
@00065f6e
000000cd
@00067f6e
000000f7
@00061f6f
00000012
@00063f6f
000000a5
@00065f6f
000000cd
@00067f6f
000000f7
@00061f70
00000012
@00063f70
000000a5
@00065f70
000000cd
@00067f70
000000f7
@00061f71
00000012
@00063f71
000000a5
@00065f71
000000cd
@00067f71
000000f7
@00061f72
00000012
@00063f72
000000a5
@00065f72
000000cd
@00067f72
000000f7
@00061f73
00000012
@00063f73
000000a5
@00065f73
000000cd
@00067f73
000000f7
@00061f74
00000012
@00063f74
000000a5
@00065f74
000000cd
@00067f74
000000f7
@00061f75
00000012
@00063f75
000000a5
@00065f75
000000cd
@00067f75
000000f7
@00061f76
00000012
@00063f76
000000a5
@00065f76
000000cd
@00067f76
000000f7
@00061f77
00000012
@00063f77
000000a5
@00065f77
000000cd
@00067f77
000000f7
@00061f78
00000012
@00063f78
000000a5
@00065f78
000000cd
@00067f78
000000f7
@00061f79
00000012
@00063f79
000000a5
@00065f79
000000cd
@00067f79
000000f7
@00061f7a
00000012
@00063f7a
000000a5
@00065f7a
000000cd
@00067f7a
000000f7
@00061f7b
00000012
@00063f7b
000000a5
@00065f7b
000000cd
@00067f7b
000000f7
@00061f7c
00000012
@00063f7c
000000a5
@00065f7c
000000cd
@00067f7c
000000f7
@00061f7d
00000012
@00063f7d
000000a5
@00065f7d
000000cd
@00067f7d
000000f7
@00061f7e
00000012
@00063f7e
000000a5
@00065f7e
000000cd
@00067f7e
000000f7
@00061f7f
00000012
@00063f7f
000000a5
@00065f7f
000000cd
@00067f7f
000000f7
@00061f80
00000012
@00063f80
000000a5
@00065f80
000000cd
@00067f80
000000f7
@00061f81
00000012
@00063f81
000000a5
@00065f81
000000cd
@00067f81
000000f7
@00061f82
00000012
@00063f82
000000a5
@00065f82
000000cd
@00067f82
000000f7
@00061f83
00000012
@00063f83
000000a5
@00065f83
000000cd
@00067f83
000000f7
@00061f84
00000012
@00063f84
000000a5
@00065f84
000000cd
@00067f84
000000f7
@00061f85
00000012
@00063f85
000000a5
@00065f85
000000cd
@00067f85
000000f7
@00061f86
00000012
@00063f86
000000a5
@00065f86
000000cd
@00067f86
000000f7
@00061f87
00000012
@00063f87
000000a5
@00065f87
000000cd
@00067f87
000000f7
@00061f88
00000012
@00063f88
000000a5
@00065f88
000000cd
@00067f88
000000f7
@00061f89
00000012
@00063f89
000000a5
@00065f89
000000cd
@00067f89
000000f7
@00061f8a
00000012
@00063f8a
000000a5
@00065f8a
000000cd
@00067f8a
000000f7
@00061f8b
00000012
@00063f8b
000000a5
@00065f8b
000000cd
@00067f8b
000000f7
@00061f8c
00000012
@00063f8c
000000a5
@00065f8c
000000cd
@00067f8c
000000f7
@00061f8d
00000012
@00063f8d
000000a5
@00065f8d
000000cd
@00067f8d
000000f7
@00061f8e
00000012
@00063f8e
000000a5
@00065f8e
000000cd
@00067f8e
000000f7
@00061f8f
00000012
@00063f8f
000000a5
@00065f8f
000000cd
@00067f8f
000000f7
@00061f90
00000012
@00063f90
000000a5
@00065f90
000000cd
@00067f90
000000f7
@00061f91
00000012
@00063f91
000000a5
@00065f91
000000cd
@00067f91
000000f7
@00061f92
00000012
@00063f92
000000a5
@00065f92
000000cd
@00067f92
000000f7
@00061f93
00000012
@00063f93
000000a5
@00065f93
000000cd
@00067f93
000000f7
@00061f94
00000012
@00063f94
000000a5
@00065f94
000000cd
@00067f94
000000f7
@00061f95
00000012
@00063f95
000000a5
@00065f95
000000cd
@00067f95
000000f7
@00061f96
00000012
@00063f96
000000a5
@00065f96
000000cd
@00067f96
000000f7
@00061f97
00000012
@00063f97
000000a5
@00065f97
000000cd
@00067f97
000000f7
@00061f98
00000012
@00063f98
000000a5
@00065f98
000000cd
@00067f98
000000f7
@00061f99
00000012
@00063f99
000000a5
@00065f99
000000cd
@00067f99
000000f7
@00061f9a
00000012
@00063f9a
000000a5
@00065f9a
000000cd
@00067f9a
000000f7
@00061f9b
00000012
@00063f9b
000000a5
@00065f9b
000000cd
@00067f9b
000000f7
@00061f9c
00000012
@00063f9c
000000a5
@00065f9c
000000cd
@00067f9c
000000f7
@00061f9d
00000012
@00063f9d
000000a5
@00065f9d
000000cd
@00067f9d
000000f7
@00061f9e
00000012
@00063f9e
000000a5
@00065f9e
000000cd
@00067f9e
000000f7
@00061f9f
00000012
@00063f9f
000000a5
@00065f9f
000000cd
@00067f9f
000000f7
@00061fa0
00000012
@00063fa0
000000a5
@00065fa0
000000cd
@00067fa0
000000f7
@00061fa1
00000012
@00063fa1
000000a5
@00065fa1
000000cd
@00067fa1
000000f7
@00061fa2
00000012
@00063fa2
000000a5
@00065fa2
000000cd
@00067fa2
000000f7
@00061fa3
00000012
@00063fa3
000000a5
@00065fa3
000000cd
@00067fa3
000000f7
@00061fa4
00000012
@00063fa4
000000a5
@00065fa4
000000cd
@00067fa4
000000f7
@00061fa5
00000012
@00063fa5
000000a5
@00065fa5
000000cd
@00067fa5
000000f7
@00061fa6
00000012
@00063fa6
000000a5
@00065fa6
000000cd
@00067fa6
000000f7
@00061fa7
00000012
@00063fa7
000000a5
@00065fa7
000000cd
@00067fa7
000000f7
@00061fa8
00000012
@00063fa8
000000a5
@00065fa8
000000cd
@00067fa8
000000f7
@00061fa9
00000012
@00063fa9
000000a5
@00065fa9
000000cd
@00067fa9
000000f7
@00061faa
00000012
@00063faa
000000a5
@00065faa
000000cd
@00067faa
000000f7
@00061fab
00000012
@00063fab
000000a5
@00065fab
000000cd
@00067fab
000000f7
@00061fac
00000012
@00063fac
000000a5
@00065fac
000000cd
@00067fac
000000f7
@00061fad
00000012
@00063fad
000000a5
@00065fad
000000cd
@00067fad
000000f7
@00061fae
00000012
@00063fae
000000a5
@00065fae
000000cd
@00067fae
000000f7
@00061faf
00000012
@00063faf
000000a5
@00065faf
000000cd
@00067faf
000000f7
@00061fb0
00000012
@00063fb0
000000a5
@00065fb0
000000cd
@00067fb0
000000f7
@00061fb1
00000012
@00063fb1
000000a5
@00065fb1
000000cd
@00067fb1
000000f7
@00061fb2
00000012
@00063fb2
000000a5
@00065fb2
000000cd
@00067fb2
000000f7
@00061fb3
00000012
@00063fb3
000000a5
@00065fb3
000000cd
@00067fb3
000000f7
@00061fb4
00000012
@00063fb4
000000a5
@00065fb4
000000cd
@00067fb4
000000f7
@00061fb5
00000012
@00063fb5
000000a5
@00065fb5
000000cd
@00067fb5
000000f7
@00061fb6
00000012
@00063fb6
000000a5
@00065fb6
000000cd
@00067fb6
000000f7
@00061fb7
00000012
@00063fb7
000000a5
@00065fb7
000000cd
@00067fb7
000000f7
@00061fb8
00000012
@00063fb8
000000a5
@00065fb8
000000cd
@00067fb8
000000f7
@00061fb9
00000012
@00063fb9
000000a5
@00065fb9
000000cd
@00067fb9
000000f7
@00061fba
00000012
@00063fba
000000a5
@00065fba
000000cd
@00067fba
000000f7
@00061fbb
00000012
@00063fbb
000000a5
@00065fbb
000000cd
@00067fbb
000000f7
@00061fbc
00000012
@00063fbc
000000a5
@00065fbc
000000cd
@00067fbc
000000f7
@00061fbd
00000012
@00063fbd
000000a5
@00065fbd
000000cd
@00067fbd
000000f7
@00061fbe
00000012
@00063fbe
000000a5
@00065fbe
000000cd
@00067fbe
000000f7
@00061fbf
00000012
@00063fbf
000000a5
@00065fbf
000000cd
@00067fbf
000000f7
@00061fc0
00000012
@00063fc0
000000a5
@00065fc0
000000cd
@00067fc0
000000f7
@00061fc1
00000012
@00063fc1
000000a5
@00065fc1
000000cd
@00067fc1
000000f7
@00061fc2
00000012
@00063fc2
000000a5
@00065fc2
000000cd
@00067fc2
000000f7
@00061fc3
00000012
@00063fc3
000000a5
@00065fc3
000000cd
@00067fc3
000000f7
@00061fc4
00000012
@00063fc4
000000a5
@00065fc4
000000cd
@00067fc4
000000f7
@00061fc5
00000012
@00063fc5
000000a5
@00065fc5
000000cd
@00067fc5
000000f7
@00061fc6
00000012
@00063fc6
000000a5
@00065fc6
000000cd
@00067fc6
000000f7
@00061fc7
00000012
@00063fc7
000000a5
@00065fc7
000000cd
@00067fc7
000000f7
@00061fc8
00000012
@00063fc8
000000a5
@00065fc8
000000cd
@00067fc8
000000f7
@00061fc9
00000012
@00063fc9
000000a5
@00065fc9
000000cd
@00067fc9
000000f7
@00061fca
00000012
@00063fca
000000a5
@00065fca
000000cd
@00067fca
000000f7
@00061fcb
00000012
@00063fcb
000000a5
@00065fcb
000000cd
@00067fcb
000000f7
@00061fcc
00000012
@00063fcc
000000a5
@00065fcc
000000cd
@00067fcc
000000f7
@00061fcd
00000012
@00063fcd
000000a5
@00065fcd
000000cd
@00067fcd
000000f7
@00061fce
00000012
@00063fce
000000a5
@00065fce
000000cd
@00067fce
000000f7
@00061fcf
00000012
@00063fcf
000000a5
@00065fcf
000000cd
@00067fcf
000000f7
@00061fd0
00000012
@00063fd0
000000a5
@00065fd0
000000cd
@00067fd0
000000f7
@00061fd1
00000012
@00063fd1
000000a5
@00065fd1
000000cd
@00067fd1
000000f7
@00061fd2
00000012
@00063fd2
000000a5
@00065fd2
000000cd
@00067fd2
000000f7
@00061fd3
00000012
@00063fd3
000000a5
@00065fd3
000000cd
@00067fd3
000000f7
@00061fd4
00000012
@00063fd4
000000a5
@00065fd4
000000cd
@00067fd4
000000f7
@00061fd5
00000012
@00063fd5
000000a5
@00065fd5
000000cd
@00067fd5
000000f7
@00061fd6
00000012
@00063fd6
000000a5
@00065fd6
000000cd
@00067fd6
000000f7
@00061fd7
00000012
@00063fd7
000000a5
@00065fd7
000000cd
@00067fd7
000000f7
@00061fd8
00000012
@00063fd8
000000a5
@00065fd8
000000cd
@00067fd8
000000f7
@00061fd9
00000012
@00063fd9
000000a5
@00065fd9
000000cd
@00067fd9
000000f7
@00061fda
00000012
@00063fda
000000a5
@00065fda
000000cd
@00067fda
000000f7
@00061fdb
00000012
@00063fdb
000000a5
@00065fdb
000000cd
@00067fdb
000000f7
@00061fdc
00000012
@00063fdc
000000a5
@00065fdc
000000cd
@00067fdc
000000f7
@00061fdd
00000012
@00063fdd
000000a5
@00065fdd
000000cd
@00067fdd
000000f7
@00061fde
00000012
@00063fde
000000a5
@00065fde
000000cd
@00067fde
000000f7
@00061fdf
00000012
@00063fdf
000000a5
@00065fdf
000000cd
@00067fdf
000000f7
@00061fe0
00000012
@00063fe0
000000a5
@00065fe0
000000cd
@00067fe0
000000f7
@00061fe1
00000012
@00063fe1
000000a5
@00065fe1
000000cd
@00067fe1
000000f7
@00061fe2
00000012
@00063fe2
000000a5
@00065fe2
000000cd
@00067fe2
000000f7
@00061fe3
00000012
@00063fe3
000000a5
@00065fe3
000000cd
@00067fe3
000000f7
@00061fe4
00000012
@00063fe4
000000a5
@00065fe4
000000cd
@00067fe4
000000f7
@00061fe5
00000012
@00063fe5
000000a5
@00065fe5
000000cd
@00067fe5
000000f7
@00061fe6
00000012
@00063fe6
000000a5
@00065fe6
000000cd
@00067fe6
000000f7
@00061fe7
00000012
@00063fe7
000000a5
@00065fe7
000000cd
@00067fe7
000000f7
@00061fe8
00000012
@00063fe8
000000a5
@00065fe8
000000cd
@00067fe8
000000f7
@00061fe9
00000012
@00063fe9
000000a5
@00065fe9
000000cd
@00067fe9
000000f7
@00061fea
00000012
@00063fea
000000a5
@00065fea
000000cd
@00067fea
000000f7
@00061feb
00000012
@00063feb
000000a5
@00065feb
000000cd
@00067feb
000000f7
@00061fec
00000012
@00063fec
000000a5
@00065fec
000000cd
@00067fec
000000f7
@00061fed
00000012
@00063fed
000000a5
@00065fed
000000cd
@00067fed
000000f7
@00061fee
00000012
@00063fee
000000a5
@00065fee
000000cd
@00067fee
000000f7
@00061fef
00000012
@00063fef
000000a5
@00065fef
000000cd
@00067fef
000000f7
@00061ff0
00000012
@00063ff0
000000a5
@00065ff0
000000cd
@00067ff0
000000f7
@00061ff1
00000012
@00063ff1
000000a5
@00065ff1
000000cd
@00067ff1
000000f7
@00061ff2
00000012
@00063ff2
000000a5
@00065ff2
000000cd
@00067ff2
000000f7
@00061ff3
00000012
@00063ff3
000000a5
@00065ff3
000000cd
@00067ff3
000000f7
@00061ff4
00000012
@00063ff4
000000a5
@00065ff4
000000cd
@00067ff4
000000f7
@00061ff5
00000012
@00063ff5
000000a5
@00065ff5
000000cd
@00067ff5
000000f7
@00061ff6
00000012
@00063ff6
000000a5
@00065ff6
000000cd
@00067ff6
000000f7
@00061ff7
00000012
@00063ff7
000000a5
@00065ff7
000000cd
@00067ff7
000000f7
@00061ff8
00000012
@00063ff8
000000a5
@00065ff8
000000cd
@00067ff8
000000f7
@00061ff9
00000012
@00063ff9
000000a5
@00065ff9
000000cd
@00067ff9
000000f7
@00061ffa
00000012
@00063ffa
000000a5
@00065ffa
000000cd
@00067ffa
000000f7
@00061ffb
00000012
@00063ffb
000000a5
@00065ffb
000000cd
@00067ffb
000000f7
@00061ffc
00000012
@00063ffc
000000a5
@00065ffc
000000cd
@00067ffc
000000f7
@00061ffd
00000012
@00063ffd
000000a5
@00065ffd
000000cd
@00067ffd
000000f7
@00061ffe
00000012
@00063ffe
000000a5
@00065ffe
000000cd
@00067ffe
000000f7
@00061fff
00000012
@00063fff
000000a5
@00065fff
000000cd
@00067fff
000000f7
@00050300
00007f80
@00050301
00007f80
@00050302
00007f80
@00050303
00007f80
@00050304
00007f80
@00050305
00007f80
@00050306
00007f80
@00050307
00007f80
@00050308
00007f80
@00050309
00007f80
@0005030a
00007f80
@0005030b
00007f80
@0005030c
00007f80
@0005030d
00007f80
@0005030e
00007f80
@0005030f
00007f80
@00050310
00007f80
@00050311
00007f80
@00050312
00007f80
@00050313
00007f80
@00050314
00007f80
@00050315
00007f80
@00050316
00007f80
@00050317
00007f80
@00050318
00007f80
@00050319
00007f80
@0005031a
00007f80
@0005031b
00007f80
@0005031c
00007f80
@0005031d
00007f80
@0005031e
00007f80
@0005031f
00007f80
@00050320
00007f80
@00050321
00007f80
@00050322
00007f80
@00050323
00007f80
@00050324
00007f80
@00050325
00007f80
@00050326
00007f80
@00050327
00007f80
@00050328
00007f80
@00050329
00007f80
@0005032a
00007f80
@0005032b
00007f80
@0005032c
00007f80
@0005032d
00007f80
@0005032e
00007f80
@0005032f
00007f80
@00050330
00007f80
@00050331
00007f80
@00050332
00007f80
@00050333
00007f80
@00050334
00007f80
@00050335
00007f80
@00050336
00007f80
@00050337
00007f80
@00050338
00007f80
@00050339
00007f80
@0005033a
00007f80
@0005033b
00007f80
@0005033c
00007f80
@0005033d
00007f80
@0005033e
00007f80
@0005033f
00007f80
@00050340
00007f80
@00050341
00007f80
@00050342
00007f80
@00050343
00007f80
@00050344
00007f80
@00050345
00007f80
@00050346
00007f80
@00050347
00007f80
@00050348
00007f80
@00050349
00007f80
@0005034a
00007f80
@0005034b
00007f80
@0005034c
00007f80
@0005034d
00007f80
@0005034e
00007f80
@0005034f
00007f80
@00050350
00007f80
@00050351
00007f80
@00050352
00007f80
@00050353
00007f80
@00050354
00007f80
@00050355
00007f80
@00050356
00007f80
@00050357
00007f80
@00050358
00007f80
@00050359
00007f80
@0005035a
00007f80
@0005035b
00007f80
@0005035c
00007f80
@0005035d
00007f80
@0005035e
00007f80
@0005035f
00007f80
@00050360
00007f80
@00050361
00007f80
@00050362
00007f80
@00050363
00007f80
@00050364
00007f80
@00050365
00007f80
@00050366
00007f80
@00050367
00007f80
@00050368
00007f80
@00050369
00007f80
@0005036a
00007f80
@0005036b
00007f80
@0005036c
00007f80
@0005036d
00007f80
@0005036e
00007f80
@0005036f
00007f80
@00050370
00007f80
@00050371
00007f80
@00050372
00007f80
@00050373
00007f80
@00050374
00007f80
@00050375
00007f80
@00050376
00007f80
@00050377
00007f80
@00050378
00007f80
@00050379
00007f80
@0005037a
00007f80
@0005037b
00007f80
@0005037c
00007f80
@0005037d
00007f80
@0005037e
00007f80
@0005037f
00007f80
@00050380
00007f80
@00050381
00007f80
@00050382
00007f80
@00050383
00007f80
@00050384
00007f80
@00050385
00007f80
@00050386
00007f80
@00050387
00007f80
@00050388
00007f80
@00050389
00007f80
@0005038a
00007f80
@0005038b
00007f80
@0005038c
00007f80
@0005038d
00007f80
@0005038e
00007f80
@0005038f
00007f80
@00050390
00007f80
@00050391
00007f80
@00050392
00007f80
@00050393
00007f80
@00050394
00007f80
@00050395
00007f80
@00050396
00007f80
@00050397
00007f80
@00050398
00007f80
@00050399
00007f80
@0005039a
00007f80
@0005039b
00007f80
@0005039c
00007f80
@0005039d
00007f80
@0005039e
00007f80
@0005039f
00007f80
@000503a0
00007f80
@000503a1
00007f80
@000503a2
00007f80
@000503a3
00007f80
@000503a4
00007f80
@000503a5
00007f80
@000503a6
00007f80
@000503a7
00007f80
@000503a8
00007f80
@000503a9
00007f80
@000503aa
00007f80
@000503ab
00007f80
@000503ac
00007f80
@000503ad
00007f80
@000503ae
00007f80
@000503af
00007f80
@000503b0
00007f80
@000503b1
00007f80
@000503b2
00007f80
@000503b3
00007f80
@000503b4
00007f80
@000503b5
00007f80
@000503b6
00007f80
@000503b7
00007f80
@000503b8
00007f80
@000503b9
00007f80
@000503ba
00007f80
@000503bb
00007f80
@000503bc
00007f80
@000503bd
00007f80
@000503be
00007f80
@000503bf
00007f80
@000503c0
00007f80
@000503c1
00007f80
@000503c2
00007f80
@000503c3
00007f80
@000503c4
00007f80
@000503c5
00007f80
@000503c6
00007f80
@000503c7
00007f80
@000503c8
00007f80
@000503c9
00007f80
@000503ca
00007f80
@000503cb
00007f80
@000503cc
00007f80
@000503cd
00007f80
@000503ce
00007f80
@000503cf
00007f80
@000503d0
00007f80
@000503d1
00007f80
@000503d2
00007f80
@000503d3
00007f80
@000503d4
00007f80
@000503d5
00007f80
@000503d6
00007f80
@000503d7
00007f80
@000503d8
00007f80
@000503d9
00007f80
@000503da
00007f80
@000503db
00007f80
@000503dc
00007f80
@000503dd
00007f80
@000503de
00007f80
@000503df
00007f80
@000503e0
00007f80
@000503e1
00007f80
@000503e2
00007f80
@000503e3
00007f80
@000503e4
00007f80
@000503e5
00007f80
@000503e6
00007f80
@000503e7
00007f80
@000503e8
00007f80
@000503e9
00007f80
@000503ea
00007f80
@000503eb
00007f80
@000503ec
00007f80
@000503ed
00007f80
@000503ee
00007f80
@000503ef
00007f80
@000503f0
00007f80
@000503f1
00007f80
@000503f2
00007f80
@000503f3
00007f80
@000503f4
00007f80
@000503f5
00007f80
@000503f6
00007f80
@000503f7
00007f80
@000503f8
00007f80
@000503f9
00007f80
@000503fa
00007f80
@000503fb
00007f80
@000503fc
00007f80
@000503fd
00007f80
@000503fe
00007f80
@000503ff
00007f80
@00000000
00000001
@00000001
00000001
@00050000
000000fe
@00050100
000000f7
@00050200
0000007f
@00050300
00000000
@00060000
00000000
@00060020
00000011
@00060040
00000022
@00060060
00000033
@00060080
00000044
@000600a0
00000055
@000600c0
00000066
@000600e0
00000077
@00060100
00000088
@00060120
00000099
@00060140
000000aa
@00060160
000000bb
@00060180
000000cc
@000601a0
000000dd
@000601c0
000000ee
@00061fe0
000000ff
@00050001
000000fe
@00050101
000000f7
@00050201
0000007f
@00050301
00000001
@00060000
00000000
@00060020
00000011
@00060040
00000022
@00060060
00000033
@00060080
00000044
@000600a0
00000055
@000600c0
00000066
@000600e0
00000077
@00060100
00000088
@00060120
00000099
@00060140
000000aa
@00060160
000000bb
@00060180
000000cc
@000601a0
000000dd
@000601c0
000000ee
@00061fe0
000000ff
@00050003
000000fe
@00050103
000000f7
@00050203
0000007f
@00050303
0000000a
@00062000
00000000
@00062020
00000011
@00062040
00000022
@00062060
00000033
@00062080
00000044
@000620a0
00000055
@000620c0
00000066
@000620e0
00000077
@00062100
00000088
@00062120
00000099
@00062140
000000aa
@00062160
000000bb
@00062180
000000cc
@000621a0
000000dd
@000621c0
000000ee
@00063fe0
000000ff
@0005000d
000000fe
@0005010d
000000f7
@0005020d
0000007f
@0005030d
0000001e
@00064001
00000000
@00064021
00000011
@00064041
00000022
@00064061
00000033
@00064081
00000044
@000640a1
00000055
@000640c1
00000066
@000640e1
00000077
@00064101
00000088
@00064121
00000099
@00064141
000000aa
@00064161
000000bb
@00064181
000000cc
@000641a1
000000dd
@000641c1
000000ee
@00065fe1
000000ff
@0005001b
000000fe
@0005011b
000000f7
@0005021b
0000007f
@0005031b
00000028
@00062003
00000000
@00062023
00000011
@00062043
00000022
@00062063
00000033
@00062083
00000044
@000620a3
00000055
@000620c3
00000066
@000620e3
00000077
@00062103
00000088
@00062123
00000099
@00062143
000000aa
@00062163
000000bb
@00062183
000000cc
@000621a3
000000dd
@000621c3
000000ee
@00063fe3
000000ff
@00050026
000000fe
@00050126
000000f7
@00050226
0000007f
@00050326
00000032
@00066004
00000000
@00066024
00000011
@00066044
00000022
@00066064
00000033
@00066084
00000044
@000660a4
00000055
@000660c4
00000066
@000660e4
00000077
@00066104
00000088
@00066124
00000099
@00066144
000000aa
@00066164
000000bb
@00066184
000000cc
@000661a4
000000dd
@000661c4
000000ee
@00067fe4
000000ff
@00050035
000000fe
@00050135
000000f7
@00050235
0000007f
@00050335
0000003c
@00064006
00000000
@00064026
00000011
@00064046
00000022
@00064066
00000033
@00064086
00000044
@000640a6
00000055
@000640c6
00000066
@000640e6
00000077
@00064106
00000088
@00064126
00000099
@00064146
000000aa
@00064166
000000bb
@00064186
000000cc
@000641a6
000000dd
@000641c6
000000ee
@00065fe6
000000ff
@0005003e
000000fe
@0005013e
000000f7
@0005023e
0000007f
@0005033e
00000046
@00066007
00000000
@00066027
00000011
@00066047
00000022
@00066067
00000033
@00066087
00000044
@000660a7
00000055
@000660c7
00000066
@000660e7
00000077
@00066107
00000088
@00066127
00000099
@00066147
000000aa
@00066167
000000bb
@00066187
000000cc
@000661a7
000000dd
@000661c7
000000ee
@00067fe7
000000ff
@00050064
000000fe
@00050164
000000f7
@00050264
0000007f
@00050364
00000050
@0006400c
00000000
@0006402c
00000011
@0006404c
00000022
@0006406c
00000033
@0006408c
00000044
@000640ac
00000055
@000640cc
00000066
@000640ec
00000077
@0006410c
00000088
@0006412c
00000099
@0006414c
000000aa
@0006416c
000000bb
@0006418c
000000cc
@000641ac
000000dd
@000641cc
000000ee
@00065fec
000000ff
@00050077
000000fe
@00050177
000000f7
@00050277
0000007f
@00050377
0000005a
@0006600e
00000000
@0006602e
00000011
@0006604e
00000022
@0006606e
00000033
@0006608e
00000044
@000660ae
00000055
@000660ce
00000066
@000660ee
00000077
@0006610e
00000088
@0006612e
00000099
@0006614e
000000aa
@0006616e
000000bb
@0006618e
000000cc
@000661ae
000000dd
@000661ce
000000ee
@00067fee
000000ff
@0005008c
000000fe
@0005018c
000000f7
@0005028c
0000007f
@0005038c
00000064
@00064011
00000000
@00064031
00000011
@00064051
00000022
@00064071
00000033
@00064091
00000044
@000640b1
00000055
@000640d1
00000066
@000640f1
00000077
@00064111
00000088
@00064131
00000099
@00064151
000000aa
@00064171
000000bb
@00064191
000000cc
@000641b1
000000dd
@000641d1
000000ee
@00065ff1
000000ff
@000500a9
000000fe
@000501a9
000000f7
@000502a9
0000007f
@000503a9
0000006e
@00060015
00000000
@00060035
00000011
@00060055
00000022
@00060075
00000033
@00060095
00000044
@000600b5
00000055
@000600d5
00000066
@000600f5
00000077
@00060115
00000088
@00060135
00000099
@00060155
000000aa
@00060175
000000bb
@00060195
000000cc
@000601b5
000000dd
@000601d5
000000ee
@00061ff5
000000ff
@000500c2
000000fe
@000501c2
000000f7
@000502c2
0000007f
@000503c2
0000007f
@00062018
00000000
@00062038
00000011
@00062058
00000022
@00062078
00000033
@00062098
00000044
@000620b8
00000055
@000620d8
00000066
@000620f8
00000077
@00062118
00000088
@00062138
00000099
@00062158
000000aa
@00062178
000000bb
@00062198
000000cc
@000621b8
000000dd
@000621d8
000000ee
@00063ff8
000000ff
@000500f8
000000fe
@000501f8
000000f7
@000502f8
0000007f
@000503f8
00000078
@0006001f
00000000
@0006003f
00000011
@0006005f
00000022
@0006007f
00000033
@0006009f
00000044
@000600bf
00000055
@000600df
00000066
@000600ff
00000077
@0006011f
00000088
@0006013f
00000099
@0006015f
000000aa
@0006017f
000000bb
@0006019f
000000cc
@000601bf
000000dd
@000601df
000000ee
@00061fff
000000ff
@000500fa
000000fe
@000501fa
000000f7
@000502fa
0000007f
@000503fa
00000002
@0006201f
00000000
@0006203f
00000011
@0006205f
00000022
@0006207f
00000033
@0006209f
00000044
@000620bf
00000055
@000620df
00000066
@000620ff
00000077
@0006211f
00000088
@0006213f
00000099
@0006215f
000000aa
@0006217f
000000bb
@0006219f
000000cc
@000621bf
000000dd
@000621df
000000ee
@00063fff
000000ff
@000500ff
000000fe
@000501ff
000000f7
@000502ff
0000007f
@000503ff
0000000c
@0006601f
00000000
@0006603f
00000011
@0006605f
00000022
@0006607f
00000033
@0006609f
00000044
@000660bf
00000055
@000660df
00000066
@000660ff
00000077
@0006611f
00000088
@0006613f
00000099
@0006615f
000000aa
@0006617f
000000bb
@0006619f
000000cc
@000661bf
000000dd
@000661df
000000ee
@00067fff
000000ff
@00000000
00000000
@00000001
00000000
@00000000
00000001
@00000001
00000001
@00050000
00000000
@00050100
00000010
@00050200
00000000
@00050300
0000000a
@00060000
00000000
@00060020
00000011
@00060040
00000022
@00060060
00000033
@00060080
00000044
@000600a0
00000055
@000600c0
00000066
@000600e0
00000077
@00060100
00000088
@00060120
00000099
@00060140
000000aa
@00060160
000000bb
@00060180
000000cc
@000601a0
000000dd
@000601c0
000000ee
@00061fe0
000000ff
@00050001
00000000
@00050101
00000030
@00050201
00000000
@00050301
0000000a
@00060000
00000000
@00060020
00000011
@00060040
00000022
@00060060
00000033
@00060080
00000044
@000600a0
00000055
@000600c0
00000066
@000600e0
00000077
@00060100
00000088
@00060120
00000099
@00060140
000000aa
@00060160
000000bb
@00060180
000000cc
@000601a0
000000dd
@000601c0
000000ee
@00061fe0
000000ff
@00050003
00000000
@00050103
000000a0
@00050203
00000000
@00050303
0000000a
@00062000
00000000
@00062020
00000011
@00062040
00000022
@00062060
00000033
@00062080
00000044
@000620a0
00000055
@000620c0
00000066
@000620e0
00000077
@00062100
00000088
@00062120
00000099
@00062140
000000aa
@00062160
000000bb
@00062180
000000cc
@000621a0
000000dd
@000621c0
000000ee
@00063fe0
000000ff
@0005000d
00000000
@0005010d
00000040
@0005020d
00000006
@0005030d
0000000a
@00064001
00000000
@00064021
00000011
@00064041
00000022
@00064061
00000033
@00064081
00000044
@000640a1
00000055
@000640c1
00000066
@000640e1
00000077
@00064101
00000088
@00064121
00000099
@00064141
000000aa
@00064161
000000bb
@00064181
000000cc
@000641a1
000000dd
@000641c1
000000ee
@00065fe1
000000ff
@0005001b
00000000
@0005011b
00000080
@0005021b
0000000c
@0005031b
0000000a
@00062003
00000000
@00062023
00000011
@00062043
00000022
@00062063
00000033
@00062083
00000044
@000620a3
00000055
@000620c3
00000066
@000620e3
00000077
@00062103
00000088
@00062123
00000099
@00062143
000000aa
@00062163
000000bb
@00062183
000000cc
@000621a3
000000dd
@000621c3
000000ee
@00063fe3
000000ff
@00050026
00000000
@00050126
000000c0
@00050226
00000012
@00050326
0000000a
@00066004
00000000
@00066024
00000011
@00066044
00000022
@00066064
00000033
@00066084
00000044
@000660a4
00000055
@000660c4
00000066
@000660e4
00000077
@00066104
00000088
@00066124
00000099
@00066144
000000aa
@00066164
000000bb
@00066184
000000cc
@000661a4
000000dd
@000661c4
000000ee
@00067fe4
000000ff
@00050035
00000000
@00050135
00000000
@00050235
00000019
@00050335
0000000a
@00064006
00000000
@00064026
00000011
@00064046
00000022
@00064066
00000033
@00064086
00000044
@000640a6
00000055
@000640c6
00000066
@000640e6
00000077
@00064106
00000088
@00064126
00000099
@00064146
000000aa
@00064166
000000bb
@00064186
000000cc
@000641a6
000000dd
@000641c6
000000ee
@00065fe6
000000ff
@0005003e
00000000
@0005013e
00000040
@0005023e
0000001f
@0005033e
0000000a
@00066007
00000000
@00066027
00000011
@00066047
00000022
@00066067
00000033
@00066087
00000044
@000660a7
00000055
@000660c7
00000066
@000660e7
00000077
@00066107
00000088
@00066127
00000099
@00066147
000000aa
@00066167
000000bb
@00066187
000000cc
@000661a7
000000dd
@000661c7
000000ee
@00067fe7
000000ff
@00050064
00000000
@00050164
00000080
@00050264
00000025
@00050364
0000000a
@0006400c
00000000
@0006402c
00000011
@0006404c
00000022
@0006406c
00000033
@0006408c
00000044
@000640ac
00000055
@000640cc
00000066
@000640ec
00000077
@0006410c
00000088
@0006412c
00000099
@0006414c
000000aa
@0006416c
000000bb
@0006418c
000000cc
@000641ac
000000dd
@000641cc
000000ee
@00065fec
000000ff
@00050077
00000000
@00050177
000000c0
@00050277
0000002b
@00050377
0000000a
@0006600e
00000000
@0006602e
00000011
@0006604e
00000022
@0006606e
00000033
@0006608e
00000044
@000660ae
00000055
@000660ce
00000066
@000660ee
00000077
@0006610e
00000088
@0006612e
00000099
@0006614e
000000aa
@0006616e
000000bb
@0006618e
000000cc
@000661ae
000000dd
@000661ce
000000ee
@00067fee
000000ff
@0005008c
00000000
@0005018c
00000000
@0005028c
00000032
@0005038c
0000000a
@00064011
00000000
@00064031
00000011
@00064051
00000022
@00064071
00000033
@00064091
00000044
@000640b1
00000055
@000640d1
00000066
@000640f1
00000077
@00064111
00000088
@00064131
00000099
@00064151
000000aa
@00064171
000000bb
@00064191
000000cc
@000641b1
000000dd
@000641d1
000000ee
@00065ff1
000000ff
@000500a9
00000000
@000501a9
00000040
@000502a9
00000038
@000503a9
0000000a
@00060015
00000000
@00060035
00000011
@00060055
00000022
@00060075
00000033
@00060095
00000044
@000600b5
00000055
@000600d5
00000066
@000600f5
00000077
@00060115
00000088
@00060135
00000099
@00060155
000000aa
@00060175
000000bb
@00060195
000000cc
@000601b5
000000dd
@000601d5
000000ee
@00061ff5
000000ff
@000500c2
00000000
@000501c2
00000060
@000502c2
0000007e
@000503c2
0000000a
@00062018
00000000
@00062038
00000011
@00062058
00000022
@00062078
00000033
@00062098
00000044
@000620b8
00000055
@000620d8
00000066
@000620f8
00000077
@00062118
00000088
@00062138
00000099
@00062158
000000aa
@00062178
000000bb
@00062198
000000cc
@000621b8
000000dd
@000621d8
000000ee
@00063ff8
000000ff
@000500f8
00000000
@000501f8
00000080
@000502f8
0000003e
@000503f8
0000000a
@0006001f
00000000
@0006003f
00000011
@0006005f
00000022
@0006007f
00000033
@0006009f
00000044
@000600bf
00000055
@000600df
00000066
@000600ff
00000077
@0006011f
00000088
@0006013f
00000099
@0006015f
000000aa
@0006017f
000000bb
@0006019f
000000cc
@000601bf
000000dd
@000601df
000000ee
@00061fff
000000ff
@000500fa
00000000
@000501fa
000000c0
@000502fa
0000005d
@000503fa
0000000a
@0006201f
00000000
@0006203f
00000011
@0006205f
00000022
@0006207f
00000033
@0006209f
00000044
@000620bf
00000055
@000620df
00000066
@000620ff
00000077
@0006211f
00000088
@0006213f
00000099
@0006215f
000000aa
@0006217f
000000bb
@0006219f
000000cc
@000621bf
000000dd
@000621df
000000ee
@00063fff
000000ff
@000500ff
00000000
@000501ff
00000000
@000502ff
0000007d
@000503ff
0000000a
@0006601f
00000000
@0006603f
00000011
@0006605f
00000022
@0006607f
00000033
@0006609f
00000044
@000660bf
00000055
@000660df
00000066
@000660ff
00000077
@0006611f
00000088
@0006613f
00000099
@0006615f
000000aa
@0006617f
000000bb
@0006619f
000000cc
@000661bf
000000dd
@000661df
000000ee
@00067fff
000000ff
@00000000
00000000
@00000001
00000000
